Date,Dividend,Ticker,Ticker_Yahoo
2009-11-23,0.009009, ALPA4,ALPA4.SA
2010-05-24,0.036195, ALPA4,ALPA4.SA
2010-11-22,0.025228, ALPA4,ALPA4.SA
2011-03-28,0.043706, ALPA4,ALPA4.SA
2011-05-23,0.361952, ALPA4,ALPA4.SA
2011-08-22,0.037281, ALPA4,ALPA4.SA
2011-11-21,0.03348, ALPA4,ALPA4.SA
2012-03-20,0.039091, ALPA4,ALPA4.SA
2012-05-14,0.039453, ALPA4,ALPA4.SA
2012-08-13,0.037281, ALPA4,ALPA4.SA
2012-11-19,0.038005, ALPA4,ALPA4.SA
2013-03-25,0.085239, ALPA4,ALPA4.SA
2013-05-20,0.036014, ALPA4,ALPA4.SA
2013-08-19,0.039091, ALPA4,ALPA4.SA
2013-11-18,0.039452, ALPA4,ALPA4.SA
2014-03-24,0.041443, ALPA4,ALPA4.SA
2014-05-19,0.04253, ALPA4,ALPA4.SA
2014-08-18,0.043579, ALPA4,ALPA4.SA
2014-11-17,0.025323, ALPA4,ALPA4.SA
2015-03-16,0.316994, ALPA4,ALPA4.SA
2015-05-18,0.0501, ALPA4,ALPA4.SA
2015-09-08,0.055553, ALPA4,ALPA4.SA
2015-10-01,0.136606, ALPA4,ALPA4.SA
2015-11-23,0.054643, ALPA4,ALPA4.SA
2015-12-08,0.165749, ALPA4,ALPA4.SA
2016-03-14,0.038602, ALPA4,ALPA4.SA
2016-05-16,0.031896, ALPA4,ALPA4.SA
2016-08-15,0.057812, ALPA4,ALPA4.SA
2016-11-14,0.112, ALPA4,ALPA4.SA
2017-03-20,0.06923, ALPA4,ALPA4.SA
2017-05-15,0.065967, ALPA4,ALPA4.SA
2017-08-14,0.067961, ALPA4,ALPA4.SA
2017-11-21,0.06923, ALPA4,ALPA4.SA
2018-02-22,0.176588, ALPA4,ALPA4.SA
2018-03-05,0.068323, ALPA4,ALPA4.SA
2018-05-21,0.063974, ALPA4,ALPA4.SA
2018-08-20,0.068142, ALPA4,ALPA4.SA
2020-02-17,0.055166, ALPA4,ALPA4.SA
2021-11-04,0.271712, ALPA4,ALPA4.SA
2022-01-03,0.163028, ALPA4,ALPA4.SA
2025-02-28,0.106407, ALPA4,ALPA4.SA
2014-04-17,1.292639, ALUP11,ALUP11.SA
2014-10-03,0.369325, ALUP11,ALUP11.SA
2015-04-16,0.923313, ALUP11,ALUP11.SA
2016-04-22,0.646319, ALUP11,ALUP11.SA
2017-04-26,0.455597, ALUP11,ALUP11.SA
2018-02-02,0.186689, ALUP11,ALUP11.SA
2018-04-27,0.293369, ALUP11,ALUP11.SA
2018-12-07,0.160019, ALUP11,ALUP11.SA
2019-04-30,0.400048, ALUP11,ALUP11.SA
2020-04-28,0.613407, ALUP11,ALUP11.SA
2021-04-28,0.746757, ALUP11,ALUP11.SA
2022-04-12,1.093466, ALUP11,ALUP11.SA
2023-04-18,1.331361, ALUP11,ALUP11.SA
2023-05-16,0.110947, ALUP11,ALUP11.SA
2023-08-17,0.110947, ALUP11,ALUP11.SA
2023-11-17,0.110947, ALUP11,ALUP11.SA
2024-04-22,0.75, ALUP11,ALUP11.SA
2024-05-17,0.201923, ALUP11,ALUP11.SA
2024-08-19,0.173077, ALUP11,ALUP11.SA
2024-11-18,0.230769, ALUP11,ALUP11.SA
2025-04-17,0.24, ALUP11,ALUP11.SA
2025-05-16,0.21, ALUP11,ALUP11.SA
2025-08-15,0.21, ALUP11,ALUP11.SA
2017-04-26,0.151865, ALUP4,ALUP4.SA
2018-02-02,0.06223, ALUP4,ALUP4.SA
2018-04-27,0.09779, ALUP4,ALUP4.SA
2018-12-07,0.05334, ALUP4,ALUP4.SA
2019-04-30,0.133349, ALUP4,ALUP4.SA
2020-04-28,0.204469, ALUP4,ALUP4.SA
2021-04-28,0.248919, ALUP4,ALUP4.SA
2022-04-12,0.364489, ALUP4,ALUP4.SA
2023-04-18,0.443787, ALUP4,ALUP4.SA
2023-05-16,0.036982, ALUP4,ALUP4.SA
2023-08-17,0.036982, ALUP4,ALUP4.SA
2023-11-17,0.036982, ALUP4,ALUP4.SA
2024-04-22,0.25, ALUP4,ALUP4.SA
2024-05-17,0.067308, ALUP4,ALUP4.SA
2024-08-19,0.057692, ALUP4,ALUP4.SA
2024-11-18,0.076923, ALUP4,ALUP4.SA
2025-04-17,0.08, ALUP4,ALUP4.SA
2025-05-16,0.07, ALUP4,ALUP4.SA
2025-08-15,0.07, ALUP4,ALUP4.SA
2014-12-08,0.132981, AZEV4,AZEV4.SA
2015-05-04,0.04772, AZEV4,AZEV4.SA
2015-12-14,0.197218, AZEV4,AZEV4.SA
2011-05-02,0.124, BALM4,BALM4.SA
2012-05-02,0.092, BALM4,BALM4.SA
2013-04-29,0.135, BALM4,BALM4.SA
2013-05-02,0.023, BALM4,BALM4.SA
2014-05-02,0.0381, BALM4,BALM4.SA
2015-05-04,0.0875, BALM4,BALM4.SA
2016-01-04,0.12, BALM4,BALM4.SA
2016-05-02,0.27, BALM4,BALM4.SA
2017-05-02,0.15, BALM4,BALM4.SA
2018-05-02,0.12, BALM4,BALM4.SA
2019-05-02,0.14, BALM4,BALM4.SA
2020-08-06,0.26, BALM4,BALM4.SA
2021-05-03,0.41, BALM4,BALM4.SA
2022-05-02,0.251416, BALM4,BALM4.SA
2023-01-05,0.105882, BALM4,BALM4.SA
2023-05-02,0.11, BALM4,BALM4.SA
2023-12-06,0.776471, BALM4,BALM4.SA
2024-12-20,0.717647, BALM4,BALM4.SA
2025-05-07,0.64, BALM4,BALM4.SA
2025-10-03,0.929412, BALM4,BALM4.SA
2008-01-03,0.004691, BBDC4,BBDC4.SA
2008-02-06,0.004691, BBDC4,BBDC4.SA
2008-03-04,0.004691, BBDC4,BBDC4.SA
2008-04-02,0.004691, BBDC4,BBDC4.SA
2008-05-05,0.004691, BBDC4,BBDC4.SA
2008-06-03,0.004691, BBDC4,BBDC4.SA
2008-07-02,0.004691, BBDC4,BBDC4.SA
2008-08-04,0.004691, BBDC4,BBDC4.SA
2008-09-02,0.004691, BBDC4,BBDC4.SA
2008-10-02,0.004691, BBDC4,BBDC4.SA
2008-11-04,0.004691, BBDC4,BBDC4.SA
2008-12-02,0.004691, BBDC4,BBDC4.SA
2008-12-08,0.189631, BBDC4,BBDC4.SA
2009-01-05,0.004691, BBDC4,BBDC4.SA
2009-02-03,0.00516, BBDC4,BBDC4.SA
2009-03-03,0.00516, BBDC4,BBDC4.SA
2009-04-02,0.00516, BBDC4,BBDC4.SA
2009-05-05,0.00516, BBDC4,BBDC4.SA
2009-06-02,0.00516, BBDC4,BBDC4.SA
2009-07-02,0.00516, BBDC4,BBDC4.SA
2009-07-06,0.060712, BBDC4,BBDC4.SA
2009-08-04,0.00516, BBDC4,BBDC4.SA
2009-09-02,0.00516, BBDC4,BBDC4.SA
2009-10-02,0.00516, BBDC4,BBDC4.SA
2009-11-04,0.00516, BBDC4,BBDC4.SA
2009-12-02,0.00516, BBDC4,BBDC4.SA
2010-01-05,0.00516, BBDC4,BBDC4.SA
2010-02-02,0.00516, BBDC4,BBDC4.SA
2010-02-11,0.008369, BBDC4,BBDC4.SA
2010-03-02,0.00516, BBDC4,BBDC4.SA
2010-04-05,0.00516, BBDC4,BBDC4.SA
2010-05-04,0.00516, BBDC4,BBDC4.SA
2010-06-02,0.00516, BBDC4,BBDC4.SA
2010-06-29,0.060712, BBDC4,BBDC4.SA
2010-07-02,0.00516, BBDC4,BBDC4.SA
2010-08-03,0.00516, BBDC4,BBDC4.SA
2010-09-02,0.00516, BBDC4,BBDC4.SA
2010-10-04,0.00516, BBDC4,BBDC4.SA
2010-11-03,0.00516, BBDC4,BBDC4.SA
2010-12-02,0.00516, BBDC4,BBDC4.SA
2011-01-04,0.005182, BBDC4,BBDC4.SA
2011-02-02,0.005182, BBDC4,BBDC4.SA
2011-02-14,0.03127, BBDC4,BBDC4.SA
2011-03-02,0.005182, BBDC4,BBDC4.SA
2011-04-04,0.005182, BBDC4,BBDC4.SA
2011-05-03,0.005182, BBDC4,BBDC4.SA
2011-06-02,0.005182, BBDC4,BBDC4.SA
2011-06-28,0.060964, BBDC4,BBDC4.SA
2011-07-04,0.005182, BBDC4,BBDC4.SA
2011-08-02,0.005182, BBDC4,BBDC4.SA
2011-09-02,0.0057, BBDC4,BBDC4.SA
2011-10-04,0.0057, BBDC4,BBDC4.SA
2011-11-03,0.0057, BBDC4,BBDC4.SA
2011-12-02,0.0057, BBDC4,BBDC4.SA
2011-12-13,0.22587, BBDC4,BBDC4.SA
2012-01-03,0.0057, BBDC4,BBDC4.SA
2012-02-02,0.0057, BBDC4,BBDC4.SA
2012-03-02,0.0057, BBDC4,BBDC4.SA
2012-04-03,0.00627, BBDC4,BBDC4.SA
2012-05-03,0.00627, BBDC4,BBDC4.SA
2012-06-04,0.00627, BBDC4,BBDC4.SA
2012-06-28,0.073768, BBDC4,BBDC4.SA
2012-07-03,0.007377, BBDC4,BBDC4.SA
2012-08-02,0.007377, BBDC4,BBDC4.SA
2012-09-04,0.007377, BBDC4,BBDC4.SA
2012-10-02,0.007377, BBDC4,BBDC4.SA
2012-11-05,0.007377, BBDC4,BBDC4.SA
2012-12-04,0.007377, BBDC4,BBDC4.SA
2012-12-26,0.200921, BBDC4,BBDC4.SA
2013-01-03,0.00627, BBDC4,BBDC4.SA
2013-02-04,0.007377, BBDC4,BBDC4.SA
2013-02-06,0.026062, BBDC4,BBDC4.SA
2013-03-04,0.007377, BBDC4,BBDC4.SA
2013-04-02,0.008114, BBDC4,BBDC4.SA
2013-05-03,0.008114, BBDC4,BBDC4.SA
2013-06-04,0.008114, BBDC4,BBDC4.SA
2013-06-28,0.081174, BBDC4,BBDC4.SA
2013-07-02,0.008114, BBDC4,BBDC4.SA
2013-08-02,0.008114, BBDC4,BBDC4.SA
2013-09-03,0.008114, BBDC4,BBDC4.SA
2013-10-02,0.008114, BBDC4,BBDC4.SA
2013-11-04,0.008114, BBDC4,BBDC4.SA
2013-12-03,0.008114, BBDC4,BBDC4.SA
2013-12-26,0.13909, BBDC4,BBDC4.SA
2014-02-04,0.008114, BBDC4,BBDC4.SA
2014-03-06,0.008114, BBDC4,BBDC4.SA
2014-04-02,0.008114, BBDC4,BBDC4.SA
2014-05-05,0.008114, BBDC4,BBDC4.SA
2014-06-03,0.008114, BBDC4,BBDC4.SA
2014-06-25,0.081152, BBDC4,BBDC4.SA
2014-07-02,0.008114, BBDC4,BBDC4.SA
2014-08-04,0.008114, BBDC4,BBDC4.SA
2014-09-02,0.008114, BBDC4,BBDC4.SA
2014-10-02,0.008114, BBDC4,BBDC4.SA
2014-11-04,0.008114, BBDC4,BBDC4.SA
2014-12-02,0.008114, BBDC4,BBDC4.SA
2014-12-23,0.254562, BBDC4,BBDC4.SA
2015-01-05,0.008114, BBDC4,BBDC4.SA
2015-02-03,0.008114, BBDC4,BBDC4.SA
2015-02-10,0.061727, BBDC4,BBDC4.SA
2015-03-03,0.008114, BBDC4,BBDC4.SA
2015-04-02,0.008926, BBDC4,BBDC4.SA
2015-05-05,0.008926, BBDC4,BBDC4.SA
2015-06-02,0.008926, BBDC4,BBDC4.SA
2015-06-23,0.089324, BBDC4,BBDC4.SA
2015-07-02,0.008926, BBDC4,BBDC4.SA
2015-08-04,0.008926, BBDC4,BBDC4.SA
2015-09-02,0.008926, BBDC4,BBDC4.SA
2015-10-02,0.008926, BBDC4,BBDC4.SA
2015-11-04,0.008926, BBDC4,BBDC4.SA
2015-12-02,0.008926, BBDC4,BBDC4.SA
2015-12-17,0.397238, BBDC4,BBDC4.SA
2016-01-05,0.008926, BBDC4,BBDC4.SA
2016-02-02,0.008926, BBDC4,BBDC4.SA
2016-03-02,0.008926, BBDC4,BBDC4.SA
2016-04-04,0.008926, BBDC4,BBDC4.SA
2016-05-03,0.009818, BBDC4,BBDC4.SA
2016-06-02,0.009818, BBDC4,BBDC4.SA
2016-06-23,0.098198, BBDC4,BBDC4.SA
2016-07-04,0.009818, BBDC4,BBDC4.SA
2016-08-02,0.009818, BBDC4,BBDC4.SA
2016-09-02,0.009818, BBDC4,BBDC4.SA
2016-10-03,0.325071, BBDC4,BBDC4.SA
2016-10-04,0.009818, BBDC4,BBDC4.SA
2016-11-03,0.009818, BBDC4,BBDC4.SA
2016-12-02,0.009818, BBDC4,BBDC4.SA
2016-12-22,0.14612, BBDC4,BBDC4.SA
2017-01-03,0.009818, BBDC4,BBDC4.SA
2017-02-02,0.009818, BBDC4,BBDC4.SA
2017-03-02,0.009818, BBDC4,BBDC4.SA
2017-04-04,0.009818, BBDC4,BBDC4.SA
2017-05-03,0.0108, BBDC4,BBDC4.SA
2017-06-02,0.0108, BBDC4,BBDC4.SA
2017-07-03,0.107998, BBDC4,BBDC4.SA
2017-07-04,0.0108, BBDC4,BBDC4.SA
2017-08-02,0.0108, BBDC4,BBDC4.SA
2017-09-04,0.0108, BBDC4,BBDC4.SA
2017-10-03,0.0108, BBDC4,BBDC4.SA
2017-11-03,0.0108, BBDC4,BBDC4.SA
2017-12-04,0.0108, BBDC4,BBDC4.SA
2017-12-26,0.472367, BBDC4,BBDC4.SA
2018-01-03,0.0108, BBDC4,BBDC4.SA
2018-02-02,0.0108, BBDC4,BBDC4.SA
2018-03-02,0.0108, BBDC4,BBDC4.SA
2018-04-03,0.01188, BBDC4,BBDC4.SA
2018-05-03,0.01188, BBDC4,BBDC4.SA
2018-06-04,0.01188, BBDC4,BBDC4.SA
2018-07-03,0.01188, BBDC4,BBDC4.SA
2018-08-02,0.01188, BBDC4,BBDC4.SA
2018-09-04,0.01188, BBDC4,BBDC4.SA
2018-10-02,0.01188, BBDC4,BBDC4.SA
2018-11-05,0.01188, BBDC4,BBDC4.SA
2018-12-04,0.01188, BBDC4,BBDC4.SA
2018-12-26,0.457176, BBDC4,BBDC4.SA
2019-01-03,0.01188, BBDC4,BBDC4.SA
2019-02-04,0.01188, BBDC4,BBDC4.SA
2019-03-06,0.01188, BBDC4,BBDC4.SA
2019-04-02,0.014255, BBDC4,BBDC4.SA
2019-05-03,0.014255, BBDC4,BBDC4.SA
2019-06-04,0.014255, BBDC4,BBDC4.SA
2019-07-01,0.142592, BBDC4,BBDC4.SA
2019-07-02,0.014255, BBDC4,BBDC4.SA
2019-08-02,0.014255, BBDC4,BBDC4.SA
2019-09-03,0.014255, BBDC4,BBDC4.SA
2019-10-02,0.014255, BBDC4,BBDC4.SA
2019-10-18,0.784011, BBDC4,BBDC4.SA
2019-11-04,0.014255, BBDC4,BBDC4.SA
2019-12-03,0.014255, BBDC4,BBDC4.SA
2019-12-20,0.416016, BBDC4,BBDC4.SA
2020-01-03,0.014255, BBDC4,BBDC4.SA
2020-02-04,0.014255, BBDC4,BBDC4.SA
2020-02-18,0.04811, BBDC4,BBDC4.SA
2020-03-03,0.014255, BBDC4,BBDC4.SA
2020-04-02,0.014255, BBDC4,BBDC4.SA
2020-05-05,0.015681, BBDC4,BBDC4.SA
2020-06-02,0.015681, BBDC4,BBDC4.SA
2020-07-02,0.015681, BBDC4,BBDC4.SA
2020-08-04,0.015681, BBDC4,BBDC4.SA
2020-09-02,0.015681, BBDC4,BBDC4.SA
2020-10-02,0.015681, BBDC4,BBDC4.SA
2020-11-04,0.015681, BBDC4,BBDC4.SA
2020-12-02,0.015681, BBDC4,BBDC4.SA
2020-12-29,0.343201, BBDC4,BBDC4.SA
2021-01-05,0.015681, BBDC4,BBDC4.SA
2021-02-02,0.015681, BBDC4,BBDC4.SA
2021-02-18,0.018034, BBDC4,BBDC4.SA
2021-03-02,0.015681, BBDC4,BBDC4.SA
2021-04-05,0.015681, BBDC4,BBDC4.SA
2021-05-04,0.017249, BBDC4,BBDC4.SA
2021-06-02,0.017249, BBDC4,BBDC4.SA
2021-07-02,0.017249, BBDC4,BBDC4.SA
2021-07-05,0.490007, BBDC4,BBDC4.SA
2021-08-03,0.017249, BBDC4,BBDC4.SA
2021-09-02,0.017249, BBDC4,BBDC4.SA
2021-10-04,0.017249, BBDC4,BBDC4.SA
2021-11-03,0.017249, BBDC4,BBDC4.SA
2021-12-02,0.017249, BBDC4,BBDC4.SA
2021-12-21,0.216254, BBDC4,BBDC4.SA
2022-01-04,0.017249, BBDC4,BBDC4.SA
2022-02-02,0.017249, BBDC4,BBDC4.SA
2022-03-03,0.017249, BBDC4,BBDC4.SA
2022-04-04,0.017249, BBDC4,BBDC4.SA
2022-05-03,0.018974, BBDC4,BBDC4.SA
2022-06-02,0.018974, BBDC4,BBDC4.SA
2022-06-21,0.196595, BBDC4,BBDC4.SA
2022-07-04,0.018974, BBDC4,BBDC4.SA
2022-08-02,0.018974, BBDC4,BBDC4.SA
2022-09-02,0.018974, BBDC4,BBDC4.SA
2022-10-04,0.018974, BBDC4,BBDC4.SA
2022-11-03,0.018974, BBDC4,BBDC4.SA
2022-12-02,0.018975, BBDC4,BBDC4.SA
2023-01-03,0.018975, BBDC4,BBDC4.SA
2023-01-09,0.583406, BBDC4,BBDC4.SA
2023-02-02,0.018975, BBDC4,BBDC4.SA
2023-03-02,0.018975, BBDC4,BBDC4.SA
2023-04-04,0.018975, BBDC4,BBDC4.SA
2023-05-03,0.018975, BBDC4,BBDC4.SA
2023-06-02,0.018975, BBDC4,BBDC4.SA
2023-06-27,0.196897, BBDC4,BBDC4.SA
2023-07-04,0.018975, BBDC4,BBDC4.SA
2023-08-02,0.018975, BBDC4,BBDC4.SA
2023-09-04,0.018975, BBDC4,BBDC4.SA
2023-10-03,0.018975, BBDC4,BBDC4.SA
2023-11-03,0.018975, BBDC4,BBDC4.SA
2023-12-04,0.018975, BBDC4,BBDC4.SA
2023-12-22,0.688942, BBDC4,BBDC4.SA
2024-01-03,0.018975, BBDC4,BBDC4.SA
2024-02-02,0.018975, BBDC4,BBDC4.SA
2024-03-04,0.018975, BBDC4,BBDC4.SA
2024-04-02,0.018975, BBDC4,BBDC4.SA
2024-05-03,0.018975, BBDC4,BBDC4.SA
2024-06-04,0.018975, BBDC4,BBDC4.SA
2024-06-18,0.395055, BBDC4,BBDC4.SA
2024-07-02,0.018975, BBDC4,BBDC4.SA
2024-08-02,0.018975, BBDC4,BBDC4.SA
2024-09-03,0.018975, BBDC4,BBDC4.SA
2024-10-01,0.197528, BBDC4,BBDC4.SA
2024-10-02,0.018975, BBDC4,BBDC4.SA
2024-11-04,0.018975, BBDC4,BBDC4.SA
2024-12-03,0.018975, BBDC4,BBDC4.SA
2025-01-02,0.293976, BBDC4,BBDC4.SA
2025-01-03,0.018975, BBDC4,BBDC4.SA
2025-02-04,0.018975, BBDC4,BBDC4.SA
2025-03-06,0.018975, BBDC4,BBDC4.SA
2025-04-01,0.227824, BBDC4,BBDC4.SA
2025-04-02,0.018975, BBDC4,BBDC4.SA
2025-05-05,0.018975, BBDC4,BBDC4.SA
2025-06-03,0.018975, BBDC4,BBDC4.SA
2025-07-01,0.297161, BBDC4,BBDC4.SA
2025-07-02,0.018975, BBDC4,BBDC4.SA
2025-08-04,0.018975, BBDC4,BBDC4.SA
2025-09-02,0.018975, BBDC4,BBDC4.SA
2025-09-30,0.297161, BBDC4,BBDC4.SA
2025-10-02,0.018975, BBDC4,BBDC4.SA
2010-03-01,0.008423, BEES4,BEES4.SA
2010-04-01,0.008423, BEES4,BEES4.SA
2010-05-03,0.008423, BEES4,BEES4.SA
2010-06-01,0.009909, BEES4,BEES4.SA
2010-07-01,0.009909, BEES4,BEES4.SA
2010-08-02,0.008423, BEES4,BEES4.SA
2010-09-01,0.008423, BEES4,BEES4.SA
2010-10-01,0.008423, BEES4,BEES4.SA
2010-11-01,0.008423, BEES4,BEES4.SA
2011-01-03,0.008423, BEES4,BEES4.SA
2011-02-01,0.008423, BEES4,BEES4.SA
2011-03-01,0.01002, BEES4,BEES4.SA
2011-04-01,0.01002, BEES4,BEES4.SA
2011-05-02,0.011326, BEES4,BEES4.SA
2011-06-01,0.011789, BEES4,BEES4.SA
2011-07-01,0.011789, BEES4,BEES4.SA
2011-08-01,0.011789, BEES4,BEES4.SA
2011-09-01,0.011789, BEES4,BEES4.SA
2011-10-03,0.011789, BEES4,BEES4.SA
2011-11-01,0.011789, BEES4,BEES4.SA
2011-12-01,0.011789, BEES4,BEES4.SA
2012-01-02,0.011789, BEES4,BEES4.SA
2012-02-01,0.011789, BEES4,BEES4.SA
2012-02-29,0.012451, BEES4,BEES4.SA
2012-03-01,0.012451, BEES4,BEES4.SA
2012-04-02,0.012451, BEES4,BEES4.SA
2012-05-02,0.012451, BEES4,BEES4.SA
2012-06-01,0.012451, BEES4,BEES4.SA
2012-07-02,0.012451, BEES4,BEES4.SA
2012-08-01,0.011411, BEES4,BEES4.SA
2012-09-03,0.011409, BEES4,BEES4.SA
2012-10-01,0.011409, BEES4,BEES4.SA
2012-11-01,0.011409, BEES4,BEES4.SA
2012-12-03,0.011409, BEES4,BEES4.SA
2013-01-02,0.011409, BEES4,BEES4.SA
2013-03-01,0.0108, BEES4,BEES4.SA
2013-04-01,0.0216, BEES4,BEES4.SA
2013-05-02,0.0216, BEES4,BEES4.SA
2013-06-03,0.0108, BEES4,BEES4.SA
2013-07-01,0.0108, BEES4,BEES4.SA
2013-08-01,0.0108, BEES4,BEES4.SA
2013-09-02,0.0108, BEES4,BEES4.SA
2013-10-01,0.0216, BEES4,BEES4.SA
2013-11-01,0.0216, BEES4,BEES4.SA
2013-12-02,0.0216, BEES4,BEES4.SA
2014-01-02,0.010359, BEES4,BEES4.SA
2014-02-27,0.008632, BEES4,BEES4.SA
2014-03-05,0.008632, BEES4,BEES4.SA
2014-04-01,0.008632, BEES4,BEES4.SA
2014-05-02,0.008632, BEES4,BEES4.SA
2014-06-02,0.008632, BEES4,BEES4.SA
2014-07-01,0.008632, BEES4,BEES4.SA
2014-07-30,0.004091, BEES4,BEES4.SA
2014-08-01,0.008632, BEES4,BEES4.SA
2014-09-01,0.008632, BEES4,BEES4.SA
2014-10-01,0.008632, BEES4,BEES4.SA
2014-11-03,0.008632, BEES4,BEES4.SA
2014-12-01,0.008632, BEES4,BEES4.SA
2015-01-02,0.008632, BEES4,BEES4.SA
2015-01-28,0.005755, BEES4,BEES4.SA
2015-02-02,0.009496, BEES4,BEES4.SA
2015-03-02,0.009496, BEES4,BEES4.SA
2015-04-01,0.009496, BEES4,BEES4.SA
2015-05-04,0.009496, BEES4,BEES4.SA
2015-06-01,0.009496, BEES4,BEES4.SA
2015-07-01,0.009496, BEES4,BEES4.SA
2015-07-28,0.021948, BEES4,BEES4.SA
2015-08-03,0.011511, BEES4,BEES4.SA
2015-09-01,0.011511, BEES4,BEES4.SA
2015-10-01,0.011511, BEES4,BEES4.SA
2015-11-03,0.011511, BEES4,BEES4.SA
2015-12-01,0.011511, BEES4,BEES4.SA
2016-01-04,0.011511, BEES4,BEES4.SA
2016-02-01,0.013525, BEES4,BEES4.SA
2016-03-01,0.013525, BEES4,BEES4.SA
2016-04-01,0.013525, BEES4,BEES4.SA
2016-05-03,0.011511, BEES4,BEES4.SA
2016-06-01,0.013525, BEES4,BEES4.SA
2016-07-01,0.013525, BEES4,BEES4.SA
2016-07-20,0.002877, BEES4,BEES4.SA
2016-08-01,0.013525, BEES4,BEES4.SA
2016-09-01,0.013525, BEES4,BEES4.SA
2016-09-30,0.013525, BEES4,BEES4.SA
2016-10-03,0.013525, BEES4,BEES4.SA
2016-11-01,0.013525, BEES4,BEES4.SA
2016-12-01,0.013525, BEES4,BEES4.SA
2017-01-02,0.013525, BEES4,BEES4.SA
2017-02-01,0.014388, BEES4,BEES4.SA
2017-03-01,0.014388, BEES4,BEES4.SA
2017-04-03,0.014388, BEES4,BEES4.SA
2017-05-02,0.014388, BEES4,BEES4.SA
2017-05-09,0.000716, BEES4,BEES4.SA
2017-06-01,0.014388, BEES4,BEES4.SA
2017-07-03,0.014388, BEES4,BEES4.SA
2017-07-21,0.006405, BEES4,BEES4.SA
2017-08-01,0.014388, BEES4,BEES4.SA
2017-09-01,0.014388, BEES4,BEES4.SA
2017-10-02,0.014388, BEES4,BEES4.SA
2017-11-01,0.014388, BEES4,BEES4.SA
2017-12-01,0.014388, BEES4,BEES4.SA
2018-01-02,0.014388, BEES4,BEES4.SA
2018-02-01,0.012374, BEES4,BEES4.SA
2018-03-01,0.012374, BEES4,BEES4.SA
2018-04-02,0.012374, BEES4,BEES4.SA
2018-05-02,0.012374, BEES4,BEES4.SA
2018-05-08,0.012633, BEES4,BEES4.SA
2018-06-01,0.012374, BEES4,BEES4.SA
2018-07-02,0.012374, BEES4,BEES4.SA
2018-07-19,0.012216, BEES4,BEES4.SA
2018-08-01,0.012374, BEES4,BEES4.SA
2018-09-03,0.018129, BEES4,BEES4.SA
2018-10-01,0.018129, BEES4,BEES4.SA
2018-10-16,0.028776, BEES4,BEES4.SA
2018-11-01,0.018129, BEES4,BEES4.SA
2018-12-03,0.018129, BEES4,BEES4.SA
2019-01-02,0.046905, BEES4,BEES4.SA
2019-02-01,0.018705, BEES4,BEES4.SA
2019-03-01,0.018705, BEES4,BEES4.SA
2019-04-01,0.018705, BEES4,BEES4.SA
2019-05-02,0.018705, BEES4,BEES4.SA
2019-05-07,0.035495, BEES4,BEES4.SA
2019-06-03,0.018705, BEES4,BEES4.SA
2019-07-01,0.018705, BEES4,BEES4.SA
2019-07-19,0.014388, BEES4,BEES4.SA
2019-08-01,0.018705, BEES4,BEES4.SA
2019-09-02,0.018705, BEES4,BEES4.SA
2019-10-01,0.018705, BEES4,BEES4.SA
2019-11-01,0.018705, BEES4,BEES4.SA
2019-12-02,0.018705, BEES4,BEES4.SA
2020-01-02,0.018705, BEES4,BEES4.SA
2020-02-03,0.01928, BEES4,BEES4.SA
2020-03-02,0.01928, BEES4,BEES4.SA
2020-04-01,0.01928, BEES4,BEES4.SA
2020-05-04,0.01928, BEES4,BEES4.SA
2020-05-08,0.072792, BEES4,BEES4.SA
2020-09-01,0.008633, BEES4,BEES4.SA
2020-10-01,0.008633, BEES4,BEES4.SA
2020-11-03,0.008633, BEES4,BEES4.SA
2020-12-01,0.008633, BEES4,BEES4.SA
2021-01-04,0.008633, BEES4,BEES4.SA
2021-02-01,0.017265, BEES4,BEES4.SA
2021-03-01,0.017265, BEES4,BEES4.SA
2021-04-01,0.017265, BEES4,BEES4.SA
2021-05-03,0.017265, BEES4,BEES4.SA
2021-05-07,0.069891, BEES4,BEES4.SA
2021-06-01,0.017265, BEES4,BEES4.SA
2021-07-01,0.017265, BEES4,BEES4.SA
2021-08-02,0.017265, BEES4,BEES4.SA
2021-09-01,0.017265, BEES4,BEES4.SA
2021-10-01,0.017265, BEES4,BEES4.SA
2021-11-01,0.017265, BEES4,BEES4.SA
2021-12-01,0.017265, BEES4,BEES4.SA
2021-12-17,0.033901, BEES4,BEES4.SA
2022-01-03,0.017265, BEES4,BEES4.SA
2022-02-01,0.018705, BEES4,BEES4.SA
2022-03-02,0.018705, BEES4,BEES4.SA
2022-04-01,0.018705, BEES4,BEES4.SA
2022-05-02,0.018705, BEES4,BEES4.SA
2022-05-05,0.165003, BEES4,BEES4.SA
2022-06-01,0.018705, BEES4,BEES4.SA
2022-07-01,0.086728, BEES4,BEES4.SA
2022-08-01,0.018705, BEES4,BEES4.SA
2022-09-01,0.018705, BEES4,BEES4.SA
2022-10-03,0.018705, BEES4,BEES4.SA
2022-11-01,0.018705, BEES4,BEES4.SA
2022-12-01,0.018705, BEES4,BEES4.SA
2022-12-16,0.075766, BEES4,BEES4.SA
2023-01-02,0.018705, BEES4,BEES4.SA
2023-02-01,0.020144, BEES4,BEES4.SA
2023-03-01,0.020144, BEES4,BEES4.SA
2023-04-03,0.020144, BEES4,BEES4.SA
2023-05-02,0.020144, BEES4,BEES4.SA
2023-05-04,0.164027, BEES4,BEES4.SA
2023-06-01,0.020144, BEES4,BEES4.SA
2023-07-03,0.020144, BEES4,BEES4.SA
2023-07-04,0.09274, BEES4,BEES4.SA
2023-08-01,0.020144, BEES4,BEES4.SA
2023-09-01,0.020144, BEES4,BEES4.SA
2023-10-02,0.020144, BEES4,BEES4.SA
2023-11-01,0.020144, BEES4,BEES4.SA
2023-12-01,0.098112, BEES4,BEES4.SA
2024-01-02,0.020144, BEES4,BEES4.SA
2024-01-03,0.020719, BEES4,BEES4.SA
2024-02-02,0.020719, BEES4,BEES4.SA
2024-03-04,0.020719, BEES4,BEES4.SA
2024-04-02,0.020719, BEES4,BEES4.SA
2024-05-03,0.187624, BEES4,BEES4.SA
2024-06-04,0.020719, BEES4,BEES4.SA
2024-06-28,0.083809, BEES4,BEES4.SA
2024-07-02,0.020719, BEES4,BEES4.SA
2024-08-02,0.020719, BEES4,BEES4.SA
2024-09-03,0.020719, BEES4,BEES4.SA
2024-10-02,0.020719, BEES4,BEES4.SA
2024-11-04,0.020719, BEES4,BEES4.SA
2024-11-29,0.104098, BEES4,BEES4.SA
2024-12-03,0.020719, BEES4,BEES4.SA
2025-01-03,0.021582, BEES4,BEES4.SA
2025-02-04,0.021582, BEES4,BEES4.SA
2025-03-06,0.021582, BEES4,BEES4.SA
2025-04-02,0.021582, BEES4,BEES4.SA
2025-05-05,0.021582, BEES4,BEES4.SA
2025-06-03,0.021582, BEES4,BEES4.SA
2025-07-02,0.021582, BEES4,BEES4.SA
2025-07-04,0.108612, BEES4,BEES4.SA
2025-08-04,0.021582, BEES4,BEES4.SA
2025-09-02,0.023741, BEES4,BEES4.SA
2025-10-02,0.023741, BEES4,BEES4.SA
2010-08-09,0.472533, BMEB4,BMEB4.SA
2011-02-14,0.155004, BMEB4,BMEB4.SA
2011-08-08,0.285824, BMEB4,BMEB4.SA
2012-02-13,0.137415, BMEB4,BMEB4.SA
2013-02-18,0.182358, BMEB4,BMEB4.SA
2013-08-09,0.165883, BMEB4,BMEB4.SA
2014-02-26,0.165883, BMEB4,BMEB4.SA
2015-02-20,0.331765, BMEB4,BMEB4.SA
2015-08-13,0.1815, BMEB4,BMEB4.SA
2016-03-18,0.165, BMEB4,BMEB4.SA
2016-08-17,0.165908, BMEB4,BMEB4.SA
2017-03-06,0.165908, BMEB4,BMEB4.SA
2018-02-28,0.331765, BMEB4,BMEB4.SA
2019-02-26,0.331765, BMEB4,BMEB4.SA
2020-02-27,0.343104, BMEB4,BMEB4.SA
2021-02-19,0.42686, BMEB4,BMEB4.SA
2021-08-17,0.222723, BMEB4,BMEB4.SA
2022-02-22,0.29374, BMEB4,BMEB4.SA
2022-10-04,0.279408, BMEB4,BMEB4.SA
2023-03-13,0.308633, BMEB4,BMEB4.SA
2023-08-14,0.493612, BMEB4,BMEB4.SA
2023-12-28,0.825383, BMEB4,BMEB4.SA
2024-07-30,1.034904, BMEB4,BMEB4.SA
2024-12-23,1.166803, BMEB4,BMEB4.SA
2025-02-10,0.024559, BMEB4,BMEB4.SA
2017-07-06,0.171748, BPAC11,BPAC11.SA
2018-01-05,0.171322, BPAC11,BPAC11.SA
2018-08-14,0.168363, BPAC11,BPAC11.SA
2019-01-08,0.173165, BPAC11,BPAC11.SA
2019-08-09,0.178751, BPAC11,BPAC11.SA
2020-01-07,0.155105, BPAC11,BPAC11.SA
2020-07-23,0.147362, BPAC11,BPAC11.SA
2021-01-07,0.155656, BPAC11,BPAC11.SA
2021-08-06,0.169905, BPAC11,BPAC11.SA
2021-12-21,0.06779, BPAC11,BPAC11.SA
2022-01-06,0.147312, BPAC11,BPAC11.SA
2022-08-05,0.313248, BPAC11,BPAC11.SA
2022-12-19,0.196059, BPAC11,BPAC11.SA
2023-01-05,0.147698, BPAC11,BPAC11.SA
2023-08-07,0.401443, BPAC11,BPAC11.SA
2023-12-05,0.230895, BPAC11,BPAC11.SA
2024-01-04,0.148245, BPAC11,BPAC11.SA
2024-07-04,0.40669, BPAC11,BPAC11.SA
2024-12-20,0.303269, BPAC11,BPAC11.SA
2025-01-06,0.148376, BPAC11,BPAC11.SA
2025-08-11,0.604007, BPAC11,BPAC11.SA
2017-01-05,0.080593, BPAC5,BPAC5.SA
2017-07-06,0.05725, BPAC5,BPAC5.SA
2018-01-05,0.057107, BPAC5,BPAC5.SA
2018-08-14,0.056121, BPAC5,BPAC5.SA
2019-01-08,0.057722, BPAC5,BPAC5.SA
2019-08-09,0.059584, BPAC5,BPAC5.SA
2020-01-07,0.051702, BPAC5,BPAC5.SA
2020-07-23,0.049121, BPAC5,BPAC5.SA
2021-01-07,0.051885, BPAC5,BPAC5.SA
2021-08-06,0.056635, BPAC5,BPAC5.SA
2021-12-21,0.022596, BPAC5,BPAC5.SA
2022-01-06,0.049104, BPAC5,BPAC5.SA
2022-08-05,0.104416, BPAC5,BPAC5.SA
2022-12-19,0.065353, BPAC5,BPAC5.SA
2023-01-05,0.049233, BPAC5,BPAC5.SA
2023-08-07,0.133814, BPAC5,BPAC5.SA
2023-12-05,0.076965, BPAC5,BPAC5.SA
2024-01-04,0.049415, BPAC5,BPAC5.SA
2024-07-04,0.135563, BPAC5,BPAC5.SA
2024-12-20,0.10109, BPAC5,BPAC5.SA
2025-01-06,0.049459, BPAC5,BPAC5.SA
2025-08-11,0.201336, BPAC5,BPAC5.SA
2005-01-03,0.564, BRKM5,BRKM5.SA
2006-01-02,0.746145, BRKM5,BRKM5.SA
2006-04-10,0.154305, BRKM5,BRKM5.SA
2007-03-29,0.159017, BRKM5,BRKM5.SA
2008-03-27,0.644625, BRKM5,BRKM5.SA
2011-05-02,0.833247, BRKM5,BRKM5.SA
2012-04-30,0.605085, BRKM5,BRKM5.SA
2014-04-10,0.606189, BRKM5,BRKM5.SA
2015-04-10,0.60625, BRKM5,BRKM5.SA
2016-04-07,1.256718, BRKM5,BRKM5.SA
2016-10-04,1.257159, BRKM5,BRKM5.SA
2017-12-04,1.256718, BRKM5,BRKM5.SA
2018-05-02,3.771476, BRKM5,BRKM5.SA
2019-10-04,0.83862, BRKM5,BRKM5.SA
2021-12-09,7.539048, BRKM5,BRKM5.SA
2022-04-20,1.696348, BRKM5,BRKM5.SA
2011-05-02,0.601988, BRKM6,BRKM6.SA
2012-04-30,0.605085, BRKM6,BRKM6.SA
2014-03-27,0.606189, BRKM6,BRKM6.SA
2015-04-10,0.60625, BRKM6,BRKM6.SA
2016-04-07,0.60625, BRKM6,BRKM6.SA
2016-10-04,1.257159, BRKM6,BRKM6.SA
2017-12-04,0.606256, BRKM6,BRKM6.SA
2019-10-04,0.606279, BRKM6,BRKM6.SA
2021-12-09,0.606032, BRKM6,BRKM6.SA
2010-03-08,0.104314, BRSR5,BRSR5.SA
2010-05-03,0.07098, BRSR5,BRSR5.SA
2010-06-07,0.105733, BRSR5,BRSR5.SA
2010-09-02,0.107153, BRSR5,BRSR5.SA
2010-12-16,0.174671, BRSR5,BRSR5.SA
2011-03-10,0.117952, BRSR5,BRSR5.SA
2011-05-02,0.062733, BRSR5,BRSR5.SA
2011-05-23,0.140655, BRSR5,BRSR5.SA
2011-09-02,0.142543, BRSR5,BRSR5.SA
2011-11-23,0.154029, BRSR5,BRSR5.SA
2011-12-15,0.161237, BRSR5,BRSR5.SA
2012-03-05,0.158394, BRSR5,BRSR5.SA
2012-05-02,0.179151, BRSR5,BRSR5.SA
2012-06-05,0.160549, BRSR5,BRSR5.SA
2012-09-04,0.148696, BRSR5,BRSR5.SA
2012-11-27,0.162436, BRSR5,BRSR5.SA
2012-12-19,0.107493, BRSR5,BRSR5.SA
2013-03-05,0.147334, BRSR5,BRSR5.SA
2013-05-02,0.088892, BRSR5,BRSR5.SA
2013-06-05,0.148532, BRSR5,BRSR5.SA
2013-09-04,0.150928, BRSR5,BRSR5.SA
2013-11-25,0.156956, BRSR5,BRSR5.SA
2014-05-02,0.186506, BRSR5,BRSR5.SA
2014-06-05,0.163003, BRSR5,BRSR5.SA
2014-09-04,0.1656, BRSR5,BRSR5.SA
2014-11-26,0.1739, BRSR5,BRSR5.SA
2015-03-05,0.188255, BRSR5,BRSR5.SA
2015-05-04,0.032321, BRSR5,BRSR5.SA
2015-06-03,0.206384, BRSR5,BRSR5.SA
2015-09-10,0.228695, BRSR5,BRSR5.SA
2015-12-04,0.272787, BRSR5,BRSR5.SA
2016-03-11,0.186328, BRSR5,BRSR5.SA
2016-06-14,0.187843, BRSR5,BRSR5.SA
2016-09-08,0.190873, BRSR5,BRSR5.SA
2016-12-15,0.041567, BRSR5,BRSR5.SA
2017-03-14,0.198206, BRSR5,BRSR5.SA
2017-05-05,0.040778, BRSR5,BRSR5.SA
2017-05-16,0.199817, BRSR5,BRSR5.SA
2017-08-15,0.20304, BRSR5,BRSR5.SA
2017-11-14,0.074764, BRSR5,BRSR5.SA
2018-01-05,0.331591, BRSR5,BRSR5.SA
2018-02-27,0.206614, BRSR5,BRSR5.SA
2018-05-04,0.05432, BRSR5,BRSR5.SA
2018-05-15,0.215905, BRSR5,BRSR5.SA
2018-08-16,0.215906, BRSR5,BRSR5.SA
2018-10-30,0.187546, BRSR5,BRSR5.SA
2018-12-07,0.080659, BRSR5,BRSR5.SA
2018-12-27,0.120988, BRSR5,BRSR5.SA
2019-03-08,0.31219, BRSR5,BRSR5.SA
2019-05-02,0.037158, BRSR5,BRSR5.SA
2019-05-17,0.284804, BRSR5,BRSR5.SA
2019-06-06,0.07829, BRSR5,BRSR5.SA
2019-08-13,0.284607, BRSR5,BRSR5.SA
2019-11-12,0.287081, BRSR5,BRSR5.SA
2020-03-11,0.246878, BRSR5,BRSR5.SA
2020-06-10,0.198177, BRSR5,BRSR5.SA
2020-12-11,0.102695, BRSR5,BRSR5.SA
2020-12-30,0.048902, BRSR5,BRSR5.SA
2021-01-04,0.078244, BRSR5,BRSR5.SA
2021-03-08,0.22752, BRSR5,BRSR5.SA
2021-05-03,0.286162, BRSR5,BRSR5.SA
2021-06-04,0.242267, BRSR5,BRSR5.SA
2021-09-06,0.257014, BRSR5,BRSR5.SA
2021-12-16,0.184617, BRSR5,BRSR5.SA
2022-03-17,0.333893, BRSR5,BRSR5.SA
2022-05-03,0.040264, BRSR5,BRSR5.SA
2022-06-13,0.37647, BRSR5,BRSR5.SA
2022-09-13,0.115761, BRSR5,BRSR5.SA
2022-12-15,0.026888, BRSR5,BRSR5.SA
2023-03-16,0.366771, BRSR5,BRSR5.SA
2023-05-04,0.039886, BRSR5,BRSR5.SA
2023-06-15,0.342607, BRSR5,BRSR5.SA
2023-09-14,0.183392, BRSR5,BRSR5.SA
2024-03-18,0.122257, BRSR5,BRSR5.SA
2024-05-02,0.201458, BRSR5,BRSR5.SA
2024-06-17,0.122257, BRSR5,BRSR5.SA
2024-09-13,0.122257, BRSR5,BRSR5.SA
2024-12-02,0.244514, BRSR5,BRSR5.SA
2024-12-19,0.200502, BRSR5,BRSR5.SA
2025-03-17,0.220063, BRSR5,BRSR5.SA
2025-05-06,0.361881, BRSR5,BRSR5.SA
2025-06-13,0.220063, BRSR5,BRSR5.SA
2025-09-15,0.268965, BRSR5,BRSR5.SA
2010-03-08,0.104314, BRSR6,BRSR6.SA
2010-05-03,0.064528, BRSR6,BRSR6.SA
2010-06-07,0.105733, BRSR6,BRSR6.SA
2010-09-02,0.107153, BRSR6,BRSR6.SA
2010-12-02,0.127664, BRSR6,BRSR6.SA
2010-12-16,0.158792, BRSR6,BRSR6.SA
2011-03-10,0.117952, BRSR6,BRSR6.SA
2011-05-02,0.05703, BRSR6,BRSR6.SA
2011-05-23,0.140655, BRSR6,BRSR6.SA
2011-09-02,0.142543, BRSR6,BRSR6.SA
2011-11-23,0.144345, BRSR6,BRSR6.SA
2011-12-15,0.146579, BRSR6,BRSR6.SA
2012-03-05,0.158394, BRSR6,BRSR6.SA
2012-05-02,0.162864, BRSR6,BRSR6.SA
2012-06-05,0.160549, BRSR6,BRSR6.SA
2012-09-04,0.148696, BRSR6,BRSR6.SA
2012-11-27,0.151837, BRSR6,BRSR6.SA
2012-12-19,0.097721, BRSR6,BRSR6.SA
2013-03-05,0.147334, BRSR6,BRSR6.SA
2013-05-02,0.080811, BRSR6,BRSR6.SA
2013-06-05,0.148532, BRSR6,BRSR6.SA
2013-09-04,0.150928, BRSR6,BRSR6.SA
2013-11-25,0.152083, BRSR6,BRSR6.SA
2014-05-02,0.169697, BRSR6,BRSR6.SA
2014-06-05,0.163003, BRSR6,BRSR6.SA
2014-09-04,0.1656, BRSR6,BRSR6.SA
2014-11-26,0.1669, BRSR6,BRSR6.SA
2015-03-05,0.188255, BRSR6,BRSR6.SA
2015-05-04,0.029382, BRSR6,BRSR6.SA
2015-06-03,0.206384, BRSR6,BRSR6.SA
2015-09-10,0.228695, BRSR6,BRSR6.SA
2015-12-04,0.248005, BRSR6,BRSR6.SA
2016-03-11,0.186328, BRSR6,BRSR6.SA
2016-06-14,0.187843, BRSR6,BRSR6.SA
2016-09-08,0.190873, BRSR6,BRSR6.SA
2016-12-15,0.041567, BRSR6,BRSR6.SA
2017-03-14,0.198206, BRSR6,BRSR6.SA
2017-05-05,0.040778, BRSR6,BRSR6.SA
2017-05-16,0.199817, BRSR6,BRSR6.SA
2017-08-15,0.20304, BRSR6,BRSR6.SA
2017-11-14,0.073342, BRSR6,BRSR6.SA
2018-01-05,0.303487, BRSR6,BRSR6.SA
2018-02-27,0.206614, BRSR6,BRSR6.SA
2018-05-04,0.049382, BRSR6,BRSR6.SA
2018-05-15,0.215905, BRSR6,BRSR6.SA
2018-08-16,0.215905, BRSR6,BRSR6.SA
2018-10-30,0.171097, BRSR6,BRSR6.SA
2018-12-07,0.073326, BRSR6,BRSR6.SA
2018-12-27,0.10999, BRSR6,BRSR6.SA
2019-03-08,0.31219, BRSR6,BRSR6.SA
2019-05-02,0.03378, BRSR6,BRSR6.SA
2019-05-17,0.284804, BRSR6,BRSR6.SA
2019-06-06,0.07829, BRSR6,BRSR6.SA
2019-08-13,0.273814, BRSR6,BRSR6.SA
2019-11-12,0.260983, BRSR6,BRSR6.SA
2020-03-11,0.246878, BRSR6,BRSR6.SA
2020-06-10,0.18016, BRSR6,BRSR6.SA
2020-12-11,0.102695, BRSR6,BRSR6.SA
2020-12-30,0.048902, BRSR6,BRSR6.SA
2021-01-04,0.078244, BRSR6,BRSR6.SA
2021-03-08,0.22752, BRSR6,BRSR6.SA
2021-05-03,0.055952, BRSR6,BRSR6.SA
2021-06-04,0.242267, BRSR6,BRSR6.SA
2021-09-06,0.257014, BRSR6,BRSR6.SA
2021-12-16,0.171114, BRSR6,BRSR6.SA
2022-03-17,0.333893, BRSR6,BRSR6.SA
2022-05-03,0.036603, BRSR6,BRSR6.SA
2022-06-13,0.37647, BRSR6,BRSR6.SA
2022-09-13,0.110012, BRSR6,BRSR6.SA
2022-12-15,0.024443, BRSR6,BRSR6.SA
2023-03-16,0.366771, BRSR6,BRSR6.SA
2023-05-04,0.03626, BRSR6,BRSR6.SA
2023-06-15,0.342607, BRSR6,BRSR6.SA
2023-09-14,0.171625, BRSR6,BRSR6.SA
2024-03-18,0.122257, BRSR6,BRSR6.SA
2024-05-02,0.183143, BRSR6,BRSR6.SA
2024-06-17,0.122257, BRSR6,BRSR6.SA
2024-09-13,0.122257, BRSR6,BRSR6.SA
2024-12-02,0.244514, BRSR6,BRSR6.SA
2024-12-19,0.200502, BRSR6,BRSR6.SA
2025-03-17,0.220063, BRSR6,BRSR6.SA
2025-05-06,0.087049, BRSR6,BRSR6.SA
2025-06-13,0.220063, BRSR6,BRSR6.SA
2025-09-15,0.268965, BRSR6,BRSR6.SA
2024-12-18,0.026971042, BSLI4,BSLI4.SA
2025-04-15,0.7060013, BSLI4,BSLI4.SA
2025-09-04,0.320261, BSLI4,BSLI4.SA
2010-05-03,0.744939, CEBR5,CEBR5.SA
2013-05-02,0.919864, CEBR5,CEBR5.SA
2018-05-07,0.785253, CEBR5,CEBR5.SA
2019-05-07,1.119771, CEBR5,CEBR5.SA
2020-07-28,0.785253, CEBR5,CEBR5.SA
2021-05-06,7.38044, CEBR5,CEBR5.SA
2021-10-15,11.583168, CEBR5,CEBR5.SA
2022-04-28,3.541792, CEBR5,CEBR5.SA
2023-05-03,1.49137, CEBR5,CEBR5.SA
2023-11-03,1.160284, CEBR5,CEBR5.SA
2024-05-02,0.737628, CEBR5,CEBR5.SA
2024-11-27,0.823843, CEBR5,CEBR5.SA
2025-05-02,1.149649, CEBR5,CEBR5.SA
2025-09-10,1.665745, CEBR5,CEBR5.SA
2010-05-03,0.137677, CEBR6,CEBR6.SA
2013-05-02,0.753852, CEBR6,CEBR6.SA
2018-05-07,0.040454, CEBR6,CEBR6.SA
2019-05-07,0.015167, CEBR6,CEBR6.SA
2020-07-28,0.366992, CEBR6,CEBR6.SA
2021-05-06,8.118484, CEBR6,CEBR6.SA
2021-10-15,12.741486, CEBR6,CEBR6.SA
2022-04-28,3.895972, CEBR6,CEBR6.SA
2023-05-03,1.640507, CEBR6,CEBR6.SA
2023-11-03,1.276312, CEBR6,CEBR6.SA
2024-05-02,0.811391, CEBR6,CEBR6.SA
2024-11-27,0.906227, CEBR6,CEBR6.SA
2025-05-02,1.264614, CEBR6,CEBR6.SA
2025-09-10,1.832319, CEBR6,CEBR6.SA
2011-01-26,0.356906, CEDO4,CEDO4.SA
2011-08-23,0.42, CEDO4,CEDO4.SA
2012-02-28,0.18, CEDO4,CEDO4.SA
2012-12-05,0.3, CEDO4,CEDO4.SA
2013-02-04,0.3, CEDO4,CEDO4.SA
2009-12-21,0.345314, CGRA4,CGRA4.SA
2010-04-12,0.276989, CGRA4,CGRA4.SA
2010-04-27,0.553979, CGRA4,CGRA4.SA
2010-12-21,0.386031, CGRA4,CGRA4.SA
2011-04-15,0.460594, CGRA4,CGRA4.SA
2011-12-21,0.505829, CGRA4,CGRA4.SA
2012-12-21,1.054784, CGRA4,CGRA4.SA
2013-12-23,0.521663, CGRA4,CGRA4.SA
2014-04-04,0.10524, CGRA4,CGRA4.SA
2014-12-18,0.611756, CGRA4,CGRA4.SA
2015-03-16,0.12782, CGRA4,CGRA4.SA
2015-12-21,0.713979, CGRA4,CGRA4.SA
2016-12-26,1.173226, CGRA4,CGRA4.SA
2018-01-02,1.286604, CGRA4,CGRA4.SA
2018-12-28,1.095011, CGRA4,CGRA4.SA
2019-12-26,1.302107, CGRA4,CGRA4.SA
2020-03-20,0.446653, CGRA4,CGRA4.SA
2020-12-28,1.270722, CGRA4,CGRA4.SA
2021-07-16,0.626587, CGRA4,CGRA4.SA
2021-12-23,0.723541, CGRA4,CGRA4.SA
2022-03-24,0.988386, CGRA4,CGRA4.SA
2022-07-01,1.131447, CGRA4,CGRA4.SA
2022-09-22,0.619198, CGRA4,CGRA4.SA
2022-12-22,0.634162, CGRA4,CGRA4.SA
2023-06-23,1.427752, CGRA4,CGRA4.SA
2023-12-21,1.274734, CGRA4,CGRA4.SA
2024-06-26,1.29441, CGRA4,CGRA4.SA
2024-12-19,1.391774, CGRA4,CGRA4.SA
2025-06-05,1.792827, CGRA4,CGRA4.SA
2012-05-02,0.263913, CLSC4,CLSC4.SA
2014-01-02,2.64881, CLSC4,CLSC4.SA
2014-05-02,0.200868, CLSC4,CLSC4.SA
2015-05-04,1.967444, CLSC4,CLSC4.SA
2016-05-02,1.002209, CLSC4,CLSC4.SA
2018-05-02,0.509906, CLSC4,CLSC4.SA
2019-05-02,1.054768, CLSC4,CLSC4.SA
2020-01-02,1.394994, CLSC4,CLSC4.SA
2020-04-29,0.529847, CLSC4,CLSC4.SA
2021-01-04,2.083352, CLSC4,CLSC4.SA
2021-04-30,1.400494, CLSC4,CLSC4.SA
2021-12-21,3.329988, CLSC4,CLSC4.SA
2022-05-02,0.54022, CLSC4,CLSC4.SA
2022-07-01,1.127487, CLSC4,CLSC4.SA
2022-10-03,1.130391, CLSC4,CLSC4.SA
2023-01-02,1.406791, CLSC4,CLSC4.SA
2023-04-03,1.234496, CLSC4,CLSC4.SA
2023-05-02,0.615541, CLSC4,CLSC4.SA
2023-07-03,1.24515, CLSC4,CLSC4.SA
2023-12-26,2.38806, CLSC4,CLSC4.SA
2024-03-25,1.187437, CLSC4,CLSC4.SA
2024-05-02,0.275516, CLSC4,CLSC4.SA
2024-06-27,1.139069, CLSC4,CLSC4.SA
2024-09-26,1.283199, CLSC4,CLSC4.SA
2024-12-26,2.613081, CLSC4,CLSC4.SA
2025-03-27,1.618074, CLSC4,CLSC4.SA
2025-05-02,2.07991, CLSC4,CLSC4.SA
2025-06-26,1.57883, CLSC4,CLSC4.SA
2025-09-25,2.013876, CLSC4,CLSC4.SA
2010-04-30,0.182739, CMIG4,CMIG4.SA
2010-12-17,0.516818, CMIG4,CMIG4.SA
2011-05-02,0.234843, CMIG4,CMIG4.SA
2011-12-12,0.333787, CMIG4,CMIG4.SA
2012-04-30,0.254079, CMIG4,CMIG4.SA
2012-12-26,0.471229, CMIG4,CMIG4.SA
2013-05-02,0.539828, CMIG4,CMIG4.SA
2013-12-18,0.090539, CMIG4,CMIG4.SA
2014-05-02,0.440783, CMIG4,CMIG4.SA
2014-06-30,0.669157, CMIG4,CMIG4.SA
2014-11-10,0.431963, CMIG4,CMIG4.SA
2014-12-29,0.09032, CMIG4,CMIG4.SA
2015-05-04,0.222784, CMIG4,CMIG4.SA
2016-01-04,0.07854, CMIG4,CMIG4.SA
2016-05-02,0.170418, CMIG4,CMIG4.SA
2016-12-27,0.149225, CMIG4,CMIG4.SA
2017-05-15,0.060174, CMIG4,CMIG4.SA
2018-05-02,0.255015, CMIG4,CMIG4.SA
2018-12-26,0.073409, CMIG4,CMIG4.SA
2019-05-06,0.229788, CMIG4,CMIG4.SA
2019-12-26,0.139827, CMIG4,CMIG4.SA
2020-08-03,0.132542, CMIG4,CMIG4.SA
2020-09-28,0.041948, CMIG4,CMIG4.SA
2021-01-04,0.151532, CMIG4,CMIG4.SA
2021-05-03,0.324628, CMIG4,CMIG4.SA
2021-12-22,0.333935, CMIG4,CMIG4.SA
2022-03-29,0.439146, CMIG4,CMIG4.SA
2022-05-02,0.459552, CMIG4,CMIG4.SA
2022-06-27,0.123397, CMIG4,CMIG4.SA
2022-09-26,0.164831, CMIG4,CMIG4.SA
2022-12-22,0.13934, CMIG4,CMIG4.SA
2022-12-28,0.180207, CMIG4,CMIG4.SA
2023-03-28,0.148295, CMIG4,CMIG4.SA
2023-04-28,0.086977, CMIG4,CMIG4.SA
2023-06-26,0.14916, CMIG4,CMIG4.SA
2023-09-26,0.14611, CMIG4,CMIG4.SA
2023-12-22,0.462324, CMIG4,CMIG4.SA
2024-03-27,0.135051, CMIG4,CMIG4.SA
2024-04-30,0.242269, CMIG4,CMIG4.SA
2024-06-24,0.150212, CMIG4,CMIG4.SA
2024-08-26,0.49636, CMIG4,CMIG4.SA
2024-09-24,0.165202, CMIG4,CMIG4.SA
2024-12-26,0.195808, CMIG4,CMIG4.SA
2025-03-26,0.189118, CMIG4,CMIG4.SA
2025-05-02,0.658812, CMIG4,CMIG4.SA
2025-06-24,0.208607, CMIG4,CMIG4.SA
2025-09-30,0.211396, CMIG4,CMIG4.SA
2010-04-28,0.06879, CPLE5,CPLE5.SA
2010-08-23,0.026181, CPLE5,CPLE5.SA
2011-04-29,0.191204, CPLE5,CPLE5.SA
2011-08-19,0.081826, CPLE5,CPLE5.SA
2012-04-27,0.312941, CPLE5,CPLE5.SA
2013-01-03,0.476594, CPLE5,CPLE5.SA
2013-11-27,0.052554, CPLE5,CPLE5.SA
2014-04-25,0.120521, CPLE5,CPLE5.SA
2014-11-07,0.13797, CPLE5,CPLE5.SA
2015-04-24,0.100327, CPLE5,CPLE5.SA
2016-04-29,0.238297, CPLE5,CPLE5.SA
2017-05-02,0.272783, CPLE5,CPLE5.SA
2018-01-02,0.272783, CPLE5,CPLE5.SA
2018-12-28,0.272783, CPLE5,CPLE5.SA
2019-12-26,0.372447, CPLE5,CPLE5.SA
2020-09-22,0.225664, CPLE5,CPLE5.SA
2020-12-29,0.292569, CPLE5,CPLE5.SA
2021-04-01,0.54617, CPLE5,CPLE5.SA
2021-04-30,0.135746, CPLE5,CPLE5.SA
2021-10-01,0.513415, CPLE5,CPLE5.SA
2022-01-03,0.101198, CPLE5,CPLE5.SA
2022-05-02,0.489127, CPLE5,CPLE5.SA
2022-11-22,0.346651, CPLE5,CPLE5.SA
2023-05-02,0.077793, CPLE5,CPLE5.SA
2023-10-02,0.334427, CPLE5,CPLE5.SA
2024-04-23,0.145922, CPLE5,CPLE5.SA
2024-10-01,0.169347, CPLE5,CPLE5.SA
2024-12-12,0.209454, CPLE5,CPLE5.SA
2005-04-26,0.03669, CPLE6,CPLE6.SA
2006-04-28,0.047087, CPLE6,CPLE6.SA
2007-04-30,0.10777, CPLE6,CPLE6.SA
2008-04-18,0.102684, CPLE6,CPLE6.SA
2009-04-24,0.10041, CPLE6,CPLE6.SA
2009-11-13,0.064492, CPLE6,CPLE6.SA
2010-08-23,0.032629, CPLE6,CPLE6.SA
2011-04-29,0.031158, CPLE6,CPLE6.SA
2011-08-19,0.086682, CPLE6,CPLE6.SA
2012-04-27,0.074819, CPLE6,CPLE6.SA
2013-01-03,0.052705, CPLE6,CPLE6.SA
2013-04-26,0.050155, CPLE6,CPLE6.SA
2013-11-27,0.124764, CPLE6,CPLE6.SA
2014-04-25,0.090341, CPLE6,CPLE6.SA
2014-11-07,0.146156, CPLE6,CPLE6.SA
2015-04-24,0.092777, CPLE6,CPLE6.SA
2016-04-29,0.125438, CPLE6,CPLE6.SA
2017-05-02,0.194287, CPLE6,CPLE6.SA
2018-01-02,0.101858, CPLE6,CPLE6.SA
2018-06-18,0.008993, CPLE6,CPLE6.SA
2018-12-28,0.10724, CPLE6,CPLE6.SA
2019-04-30,0.03787, CPLE6,CPLE6.SA
2019-12-26,0.246623, CPLE6,CPLE6.SA
2020-12-29,0.309929, CPLE6,CPLE6.SA
2021-04-01,0.578577, CPLE6,CPLE6.SA
2021-04-30,0.079529, CPLE6,CPLE6.SA
2021-10-01,0.543878, CPLE6,CPLE6.SA
2022-01-03,0.107203, CPLE6,CPLE6.SA
2022-05-02,0.518149, CPLE6,CPLE6.SA
2022-11-22,0.36722, CPLE6,CPLE6.SA
2023-10-02,0.334427, CPLE6,CPLE6.SA
2024-04-23,0.045695, CPLE6,CPLE6.SA
2024-10-01,0.169347, CPLE6,CPLE6.SA
2024-12-12,0.209454, CPLE6,CPLE6.SA
2010-12-21,2.19225, CTKA4,CTKA4.SA
2011-05-02,1.84613, CTKA4,CTKA4.SA
2021-04-29,0.297997, DEXP4,DEXP4.SA
2022-04-29,0.405662, DEXP4,DEXP4.SA
2023-05-02,0.273187, DEXP4,DEXP4.SA
2023-12-20,0.22072, DEXP4,DEXP4.SA
2024-04-30,0.319177, DEXP4,DEXP4.SA
2024-12-17,0.414696, DEXP4,DEXP4.SA
2025-04-29,0.122775, DEXP4,DEXP4.SA
2013-04-30,0.02541, EALT4,EALT4.SA
2013-05-02,0.02541, EALT4,EALT4.SA
2013-12-18,0.023, EALT4,EALT4.SA
2014-04-29,0.10503, EALT4,EALT4.SA
2014-12-17,0.04289, EALT4,EALT4.SA
2015-04-29,0.06039, EALT4,EALT4.SA
2015-11-24,0.07487, EALT4,EALT4.SA
2016-08-08,0.04025, EALT4,EALT4.SA
2017-11-07,0.088989, EALT4,EALT4.SA
2018-05-03,0.094704, EALT4,EALT4.SA
2019-05-03,0.139494, EALT4,EALT4.SA
2020-05-29,0.180477, EALT4,EALT4.SA
2021-04-30,0.171689, EALT4,EALT4.SA
2022-01-20,0.092535, EALT4,EALT4.SA
2022-04-28,0.12945, EALT4,EALT4.SA
2023-04-27,0.17263, EALT4,EALT4.SA
2024-04-29,0.085595, EALT4,EALT4.SA
2025-10-01,0.694006, EALT4,EALT4.SA
2010-02-01,3.984054, ELET5,ELET5.SA
2010-05-03,1.835153, ELET5,ELET5.SA
2010-05-04,1.775883, ELET5,ELET5.SA
2011-06-17,2.206631, ELET5,ELET5.SA
2012-05-21,2.179405, ELET5,ELET5.SA
2013-05-02,2.097227, ELET5,ELET5.SA
2014-05-02,2.097224, ELET5,ELET5.SA
2015-05-04,0.099984, ELET5,ELET5.SA
2017-05-02,2.300795, ELET5,ELET5.SA
2019-04-30,1.888763, ELET5,ELET5.SA
2020-07-30,2.296615, ELET5,ELET5.SA
2021-02-04,2.076526, ELET5,ELET5.SA
2021-04-28,1.05945, ELET5,ELET5.SA
2022-04-25,2.152139, ELET5,ELET5.SA
2023-04-28,2.052458, ELET5,ELET5.SA
2024-04-29,2.430751, ELET5,ELET5.SA
2024-12-30,2.430751, ELET5,ELET5.SA
2025-08-18,2.430363, ELET5,ELET5.SA
2008-05-05,1.594974, ELET6,ELET6.SA
2009-05-05,1.701401, ELET6,ELET6.SA
2010-02-01,0.052181, ELET6,ELET6.SA
2010-05-03,1.679687, ELET6,ELET6.SA
2011-06-17,1.718919, ELET6,ELET6.SA
2012-05-21,1.6977, ELET6,ELET6.SA
2013-05-02,1.724506, ELET6,ELET6.SA
2014-05-02,1.701557, ELET6,ELET6.SA
2015-05-04,0.103847, ELET6,ELET6.SA
2017-05-02,1.79227, ELET6,ELET6.SA
2019-04-30,1.471306, ELET6,ELET6.SA
2020-07-30,1.787923, ELET6,ELET6.SA
2021-02-04,1.578642, ELET6,ELET6.SA
2021-04-28,1.05945, ELET6,ELET6.SA
2022-04-25,1.614105, ELET6,ELET6.SA
2023-04-28,1.493652, ELET6,ELET6.SA
2024-04-29,1.823064, ELET6,ELET6.SA
2024-12-30,1.823064, ELET6,ELET6.SA
2025-04-30,0.111042, ELET6,ELET6.SA
2025-08-18,1.933479, ELET6,ELET6.SA
2010-03-12,0.148503, ENGI11,ENGI11.SA
2010-09-20,0.252005, ENGI11,ENGI11.SA
2011-03-03,0.148503, ENGI11,ENGI11.SA
2011-08-22,0.252005, ENGI11,ENGI11.SA
2012-03-22,0.180004, ENGI11,ENGI11.SA
2012-08-10,0.252005, ENGI11,ENGI11.SA
2013-01-31,0.46351, ENGI11,ENGI11.SA
2013-05-27,0.163006, ENGI11,ENGI11.SA
2013-08-12,0.116148, ENGI11,ENGI11.SA
2014-02-28,0.408761, ENGI11,ENGI11.SA
2014-08-20,0.279154, ENGI11,ENGI11.SA
2015-05-04,0.533383, ENGI11,ENGI11.SA
2015-06-30,0.040876, ENGI11,ENGI11.SA
2016-03-01,0.285136, ENGI11,ENGI11.SA
2016-08-18,0.114652, ENGI11,ENGI11.SA
2017-02-23,0.285136, ENGI11,ENGI11.SA
2017-08-15,0.279154, ENGI11,ENGI11.SA
2018-03-01,0.498489, ENGI11,ENGI11.SA
2018-08-15,0.279154, ENGI11,ENGI11.SA
2019-02-28,0.65, ENGI11,ENGI11.SA
2019-03-25,0.15, ENGI11,ENGI11.SA
2019-08-14,0.28, ENGI11,ENGI11.SA
2020-02-28,0.32, ENGI11,ENGI11.SA
2020-08-19,0.28, ENGI11,ENGI11.SA
2021-03-22,1.1, ENGI11,ENGI11.SA
2021-08-18,0.65, ENGI11,ENGI11.SA
2022-01-03,2.2, ENGI11,ENGI11.SA
2022-08-24,1.16, ENGI11,ENGI11.SA
2023-03-22,0.8, ENGI11,ENGI11.SA
2023-08-16,0.7, ENGI11,ENGI11.SA
2024-01-02,1.0, ENGI11,ENGI11.SA
2024-08-13,1.0, ENGI11,ENGI11.SA
2025-02-26,1.9, ENGI11,ENGI11.SA
2025-08-13,1.0, ENGI11,ENGI11.SA
2009-10-23,0.079806, ENGI4,ENGI4.SA
2010-03-12,0.03292, ENGI4,ENGI4.SA
2010-09-20,0.055864, ENGI4,ENGI4.SA
2011-03-03,0.03292, ENGI4,ENGI4.SA
2011-08-22,0.055864, ENGI4,ENGI4.SA
2012-03-22,0.039903, ENGI4,ENGI4.SA
2012-08-10,0.055864, ENGI4,ENGI4.SA
2013-01-31,0.10275, ENGI4,ENGI4.SA
2013-05-27,0.032621, ENGI4,ENGI4.SA
2013-08-12,0.023243, ENGI4,ENGI4.SA
2014-02-28,0.081801, ENGI4,ENGI4.SA
2014-08-20,0.055864, ENGI4,ENGI4.SA
2015-05-04,0.10674, ENGI4,ENGI4.SA
2015-06-30,0.081801, ENGI4,ENGI4.SA
2015-07-31,0.085088, ENGI4,ENGI4.SA
2016-03-01,0.0572, ENGI4,ENGI4.SA
2016-08-18,0.023, ENGI4,ENGI4.SA
2017-02-23,0.0572, ENGI4,ENGI4.SA
2017-08-15,0.056, ENGI4,ENGI4.SA
2018-03-01,0.1, ENGI4,ENGI4.SA
2018-08-15,0.056, ENGI4,ENGI4.SA
2019-02-28,0.13, ENGI4,ENGI4.SA
2019-03-25,0.03, ENGI4,ENGI4.SA
2019-08-14,0.056, ENGI4,ENGI4.SA
2020-02-28,0.064, ENGI4,ENGI4.SA
2020-08-19,0.056, ENGI4,ENGI4.SA
2021-03-22,0.22, ENGI4,ENGI4.SA
2021-08-18,0.13, ENGI4,ENGI4.SA
2022-01-03,0.44, ENGI4,ENGI4.SA
2022-08-24,0.232, ENGI4,ENGI4.SA
2023-03-22,0.16, ENGI4,ENGI4.SA
2023-08-16,0.14, ENGI4,ENGI4.SA
2024-01-02,0.2, ENGI4,ENGI4.SA
2024-08-13,0.2, ENGI4,ENGI4.SA
2025-02-26,0.38, ENGI4,ENGI4.SA
2025-08-13,0.2, ENGI4,ENGI4.SA
2008-04-30,0.022894, FESA4,FESA4.SA
2010-04-26,0.002247, FESA4,FESA4.SA
2010-10-29,0.054539, FESA4,FESA4.SA
2011-05-02,0.022772, FESA4,FESA4.SA
2011-11-25,0.063555, FESA4,FESA4.SA
2012-04-25,0.003601, FESA4,FESA4.SA
2012-11-30,0.055023, FESA4,FESA4.SA
2013-04-25,0.005591, FESA4,FESA4.SA
2013-12-19,0.040423, FESA4,FESA4.SA
2014-04-29,0.010594, FESA4,FESA4.SA
2014-08-05,0.040875, FESA4,FESA4.SA
2014-12-26,0.017762, FESA4,FESA4.SA
2015-04-29,0.001875, FESA4,FESA4.SA
2015-08-26,0.140682, FESA4,FESA4.SA
2015-12-23,0.086974, FESA4,FESA4.SA
2016-12-15,0.199226, FESA4,FESA4.SA
2017-05-08,0.039123, FESA4,FESA4.SA
2017-07-18,0.074489, FESA4,FESA4.SA
2017-09-18,0.069136, FESA4,FESA4.SA
2017-12-11,0.0684, FESA4,FESA4.SA
2018-01-02,0.061362, FESA4,FESA4.SA
2018-06-08,0.073573, FESA4,FESA4.SA
2018-09-10,0.095773, FESA4,FESA4.SA
2018-12-10,0.098393, FESA4,FESA4.SA
2018-12-28,0.025361, FESA4,FESA4.SA
2019-05-03,0.06067, FESA4,FESA4.SA
2019-06-07,0.081557, FESA4,FESA4.SA
2019-09-06,0.070617, FESA4,FESA4.SA
2019-12-09,0.10852, FESA4,FESA4.SA
2019-12-30,0.015843, FESA4,FESA4.SA
2020-09-08,0.041523, FESA4,FESA4.SA
2020-12-07,0.134396, FESA4,FESA4.SA
2020-12-30,0.056161, FESA4,FESA4.SA
2021-06-07,0.053031, FESA4,FESA4.SA
2021-09-09,0.095005, FESA4,FESA4.SA
2021-12-08,0.061783, FESA4,FESA4.SA
2022-01-04,0.016606, FESA4,FESA4.SA
2022-04-27,0.393069, FESA4,FESA4.SA
2022-06-10,0.237892, FESA4,FESA4.SA
2022-09-09,0.242648, FESA4,FESA4.SA
2022-12-09,0.210027, FESA4,FESA4.SA
2022-12-20,0.260846, FESA4,FESA4.SA
2023-06-09,0.220665, FESA4,FESA4.SA
2023-09-08,0.126769, FESA4,FESA4.SA
2023-12-08,0.126031, FESA4,FESA4.SA
2023-12-19,0.211622, FESA4,FESA4.SA
2024-06-06,0.053079, FESA4,FESA4.SA
2024-09-06,0.054596, FESA4,FESA4.SA
2024-12-06,0.054596, FESA4,FESA4.SA
2024-12-18,0.363972, FESA4,FESA4.SA
2025-06-06,0.027298, FESA4,FESA4.SA
2025-09-03,0.053325, FESA4,FESA4.SA
2010-05-03,0.87722, GEPA4,GEPA4.SA
2010-11-01,1.69167, GEPA4,GEPA4.SA
2011-01-03,0.2, GEPA4,GEPA4.SA
2011-05-02,0.765225, GEPA4,GEPA4.SA
2011-10-20,1.73576, GEPA4,GEPA4.SA
2011-12-28,1.04, GEPA4,GEPA4.SA
2012-11-01,2.19005, GEPA4,GEPA4.SA
2012-12-26,0.918, GEPA4,GEPA4.SA
2013-04-29,0.889189, GEPA4,GEPA4.SA
2013-10-15,1.97297, GEPA4,GEPA4.SA
2013-12-17,0.709, GEPA4,GEPA4.SA
2014-04-29,2.23237, GEPA4,GEPA4.SA
2014-10-03,2.292676, GEPA4,GEPA4.SA
2014-12-30,0.664, GEPA4,GEPA4.SA
2015-04-28,0.639706, GEPA4,GEPA4.SA
2015-11-03,0.888604, GEPA4,GEPA4.SA
2015-12-29,0.556, GEPA4,GEPA4.SA
2016-04-29,1.150727, GEPA4,GEPA4.SA
2016-10-27,1.887423, GEPA4,GEPA4.SA
2016-12-28,0.666, GEPA4,GEPA4.SA
2017-05-02,1.8395, GEPA4,GEPA4.SA
2017-11-01,1.270738, GEPA4,GEPA4.SA
2017-12-20,0.783622, GEPA4,GEPA4.SA
2018-04-30,1.298785, GEPA4,GEPA4.SA
2018-11-23,1.270738, GEPA4,GEPA4.SA
2019-01-03,0.783622, GEPA4,GEPA4.SA
2019-04-29,1.28063, GEPA4,GEPA4.SA
2019-12-13,1.270738, GEPA4,GEPA4.SA
2019-12-23,0.720085, GEPA4,GEPA4.SA
2020-07-06,1.325059, GEPA4,GEPA4.SA
2020-12-21,0.561242, GEPA4,GEPA4.SA
2021-05-03,2.939902, GEPA4,GEPA4.SA
2022-12-08,1.339268, GEPA4,GEPA4.SA
2023-01-05,1.058949, GEPA4,GEPA4.SA
2023-05-02,0.813015, GEPA4,GEPA4.SA
2023-12-12,1.164844, GEPA4,GEPA4.SA
2024-05-02,3.028686, GEPA4,GEPA4.SA
2024-10-03,1.842478, GEPA4,GEPA4.SA
2024-12-17,1.122486, GEPA4,GEPA4.SA
2025-05-02,4.048288, GEPA4,GEPA4.SA
2000-06-27,0.027812, GGBR4,GGBR4.SA
2001-01-02,0.049383, GGBR4,GGBR4.SA
2001-07-24,0.029711, GGBR4,GGBR4.SA
2002-01-02,0.071632, GGBR4,GGBR4.SA
2002-07-01,0.047483, GGBR4,GGBR4.SA
2003-01-02,0.110568, GGBR4,GGBR4.SA
2003-04-01,0.044092, GGBR4,GGBR4.SA
2003-07-11,0.029982, GGBR4,GGBR4.SA
2003-10-14,0.044974, GGBR4,GGBR4.SA
2004-01-02,0.089947, GGBR4,GGBR4.SA
2004-03-30,0.056437, GGBR4,GGBR4.SA
2004-08-16,0.081129, GGBR4,GGBR4.SA
2004-11-04,0.093474, GGBR4,GGBR4.SA
2005-02-14,0.167549, GGBR4,GGBR4.SA
2005-05-16,0.119048, GGBR4,GGBR4.SA
2005-08-16,0.126984, GGBR4,GGBR4.SA
2005-11-21,0.119048, GGBR4,GGBR4.SA
2006-02-20,0.111111, GGBR4,GGBR4.SA
2006-05-16,0.119048, GGBR4,GGBR4.SA
2006-08-15,0.138889, GGBR4,GGBR4.SA
2006-11-22,0.138889, GGBR4,GGBR4.SA
2007-02-22,0.138889, GGBR4,GGBR4.SA
2007-05-15,0.134921, GGBR4,GGBR4.SA
2007-08-20,0.115079, GGBR4,GGBR4.SA
2007-11-22,0.134921, GGBR4,GGBR4.SA
2008-02-25,0.115079, GGBR4,GGBR4.SA
2008-05-23,0.162698, GGBR4,GGBR4.SA
2008-08-18,0.285714, GGBR4,GGBR4.SA
2008-11-17,0.142857, GGBR4,GGBR4.SA
2009-03-03,0.031746, GGBR4,GGBR4.SA
2009-11-17,0.059524, GGBR4,GGBR4.SA
2009-12-29,0.142857, GGBR4,GGBR4.SA
2010-05-18,0.095238, GGBR4,GGBR4.SA
2010-08-17,0.111111, GGBR4,GGBR4.SA
2010-11-17,0.095238, GGBR4,GGBR4.SA
2011-03-15,0.047619, GGBR4,GGBR4.SA
2011-05-20,0.047619, GGBR4,GGBR4.SA
2011-08-16,0.071429, GGBR4,GGBR4.SA
2011-11-22,0.095238, GGBR4,GGBR4.SA
2012-02-28,0.063492, GGBR4,GGBR4.SA
2012-05-14,0.047619, GGBR4,GGBR4.SA
2012-08-14,0.071429, GGBR4,GGBR4.SA
2012-11-13,0.055556, GGBR4,GGBR4.SA
2013-03-05,0.015873, GGBR4,GGBR4.SA
2013-05-20,0.015873, GGBR4,GGBR4.SA
2013-08-13,0.055556, GGBR4,GGBR4.SA
2013-11-12,0.095238, GGBR4,GGBR4.SA
2014-03-06,0.055556, GGBR4,GGBR4.SA
2014-05-22,0.055556, GGBR4,GGBR4.SA
2014-08-12,0.047619, GGBR4,GGBR4.SA
2014-11-18,0.039683, GGBR4,GGBR4.SA
2015-03-17,0.055556, GGBR4,GGBR4.SA
2015-05-22,0.047619, GGBR4,GGBR4.SA
2015-08-25,0.039683, GGBR4,GGBR4.SA
2015-11-10,0.031746, GGBR4,GGBR4.SA
2016-08-23,0.02381, GGBR4,GGBR4.SA
2016-11-22,0.015873, GGBR4,GGBR4.SA
2017-08-22,0.015873, GGBR4,GGBR4.SA
2017-11-22,0.02381, GGBR4,GGBR4.SA
2018-03-12,0.02381, GGBR4,GGBR4.SA
2018-05-22,0.063492, GGBR4,GGBR4.SA
2018-08-22,0.111111, GGBR4,GGBR4.SA
2018-11-22,0.103175, GGBR4,GGBR4.SA
2019-03-07,0.079365, GGBR4,GGBR4.SA
2019-05-20,0.055556, GGBR4,GGBR4.SA
2019-08-19,0.055556, GGBR4,GGBR4.SA
2019-11-12,0.031746, GGBR4,GGBR4.SA
2020-03-02,0.02381, GGBR4,GGBR4.SA
2020-11-09,0.095238, GGBR4,GGBR4.SA
2020-12-22,0.134921, GGBR4,GGBR4.SA
2021-03-12,0.103175, GGBR4,GGBR4.SA
2021-05-17,0.31746, GGBR4,GGBR4.SA
2021-08-17,0.428571, GGBR4,GGBR4.SA
2021-09-28,0.301587, GGBR4,GGBR4.SA
2021-11-08,1.285714, GGBR4,GGBR4.SA
2022-03-08,0.15873, GGBR4,GGBR4.SA
2022-05-17,0.452381, GGBR4,GGBR4.SA
2022-08-16,0.563492, GGBR4,GGBR4.SA
2022-11-22,1.706349, GGBR4,GGBR4.SA
2023-03-15,0.15873, GGBR4,GGBR4.SA
2023-05-16,0.425, GGBR4,GGBR4.SA
2023-08-21,0.358333, GGBR4,GGBR4.SA
2023-11-20,0.391667, GGBR4,GGBR4.SA
2024-03-04,0.083333, GGBR4,GGBR4.SA
2024-05-16,0.28, GGBR4,GGBR4.SA
2024-08-12,0.12, GGBR4,GGBR4.SA
2024-11-19,0.3, GGBR4,GGBR4.SA
2025-03-06,0.1, GGBR4,GGBR4.SA
2025-05-09,0.12, GGBR4,GGBR4.SA
2025-08-12,0.12, GGBR4,GGBR4.SA
2000-06-27,0.099749, GOAU4,GOAU4.SA
2001-01-02,0.182504, GOAU4,GOAU4.SA
2001-07-24,0.104776, GOAU4,GOAU4.SA
2002-01-02,0.275415, GOAU4,GOAU4.SA
2002-05-02,0.232056, GOAU4,GOAU4.SA
2002-07-01,0.173957, GOAU4,GOAU4.SA
2003-01-02,0.502765, GOAU4,GOAU4.SA
2003-04-01,0.165913, GOAU4,GOAU4.SA
2003-07-11,0.05631, GOAU4,GOAU4.SA
2003-10-14,0.082453, GOAU4,GOAU4.SA
2004-01-02,0.195073, GOAU4,GOAU4.SA
2004-03-30,0.110608, GOAU4,GOAU4.SA
2004-07-01,0.24, GOAU4,GOAU4.SA
2004-08-16,0.177778, GOAU4,GOAU4.SA
2004-11-04,0.202222, GOAU4,GOAU4.SA
2005-02-14,0.426667, GOAU4,GOAU4.SA
2005-05-16,0.24, GOAU4,GOAU4.SA
2005-08-16,0.263333, GOAU4,GOAU4.SA
2005-11-21,0.25, GOAU4,GOAU4.SA
2006-02-20,0.23, GOAU4,GOAU4.SA
2006-05-16,0.26, GOAU4,GOAU4.SA
2006-08-15,0.27, GOAU4,GOAU4.SA
2006-11-22,0.3, GOAU4,GOAU4.SA
2007-02-22,0.3, GOAU4,GOAU4.SA
2007-05-15,0.28, GOAU4,GOAU4.SA
2007-08-20,0.245, GOAU4,GOAU4.SA
2007-11-22,0.28, GOAU4,GOAU4.SA
2008-02-25,0.245, GOAU4,GOAU4.SA
2008-05-23,0.32, GOAU4,GOAU4.SA
2008-08-18,0.6, GOAU4,GOAU4.SA
2008-11-17,0.26, GOAU4,GOAU4.SA
2009-03-03,0.1, GOAU4,GOAU4.SA
2009-11-17,0.165, GOAU4,GOAU4.SA
2009-12-29,0.26, GOAU4,GOAU4.SA
2010-05-18,0.16, GOAU4,GOAU4.SA
2010-08-17,0.22, GOAU4,GOAU4.SA
2010-11-17,0.18, GOAU4,GOAU4.SA
2011-03-15,0.09, GOAU4,GOAU4.SA
2011-05-20,0.1, GOAU4,GOAU4.SA
2011-08-16,0.15, GOAU4,GOAU4.SA
2011-11-22,0.19, GOAU4,GOAU4.SA
2012-02-28,0.11, GOAU4,GOAU4.SA
2012-05-14,0.08, GOAU4,GOAU4.SA
2012-08-14,0.13, GOAU4,GOAU4.SA
2012-11-13,0.09, GOAU4,GOAU4.SA
2013-03-05,0.02, GOAU4,GOAU4.SA
2013-05-20,0.02, GOAU4,GOAU4.SA
2013-08-13,0.11, GOAU4,GOAU4.SA
2013-11-12,0.16, GOAU4,GOAU4.SA
2014-03-06,0.08, GOAU4,GOAU4.SA
2014-05-22,0.11, GOAU4,GOAU4.SA
2014-08-12,0.07, GOAU4,GOAU4.SA
2014-11-18,0.04, GOAU4,GOAU4.SA
2015-03-17,0.07, GOAU4,GOAU4.SA
2015-05-22,0.02, GOAU4,GOAU4.SA
2015-08-25,0.02, GOAU4,GOAU4.SA
2017-11-22,0.02, GOAU4,GOAU4.SA
2018-05-22,0.04, GOAU4,GOAU4.SA
2018-08-22,0.07, GOAU4,GOAU4.SA
2018-11-22,0.09, GOAU4,GOAU4.SA
2019-03-07,0.05, GOAU4,GOAU4.SA
2019-05-20,0.04, GOAU4,GOAU4.SA
2019-08-19,0.04, GOAU4,GOAU4.SA
2019-11-12,0.02, GOAU4,GOAU4.SA
2020-03-02,0.02, GOAU4,GOAU4.SA
2020-11-09,0.07, GOAU4,GOAU4.SA
2020-12-22,0.09, GOAU4,GOAU4.SA
2021-03-12,0.08, GOAU4,GOAU4.SA
2021-05-17,0.21, GOAU4,GOAU4.SA
2021-08-17,0.28, GOAU4,GOAU4.SA
2021-09-28,0.2, GOAU4,GOAU4.SA
2021-11-08,1.55, GOAU4,GOAU4.SA
2022-03-08,0.1, GOAU4,GOAU4.SA
2022-05-17,0.29, GOAU4,GOAU4.SA
2022-08-16,0.36, GOAU4,GOAU4.SA
2022-11-22,0.5, GOAU4,GOAU4.SA
2023-03-15,0.1, GOAU4,GOAU4.SA
2023-05-16,0.3, GOAU4,GOAU4.SA
2023-08-21,0.26, GOAU4,GOAU4.SA
2023-11-20,0.93, GOAU4,GOAU4.SA
2024-03-04,0.05, GOAU4,GOAU4.SA
2024-05-16,0.19, GOAU4,GOAU4.SA
2024-08-12,0.08, GOAU4,GOAU4.SA
2024-11-19,0.13, GOAU4,GOAU4.SA
2025-03-06,0.05, GOAU4,GOAU4.SA
2025-05-09,0.08, GOAU4,GOAU4.SA
2025-08-12,0.08, GOAU4,GOAU4.SA
2022-05-02,0.34131, IGTI11,IGTI11.SA
2023-03-06,0.091508, IGTI11,IGTI11.SA
2023-04-24,0.274525, IGTI11,IGTI11.SA
2024-02-26,0.16763, IGTI11,IGTI11.SA
2024-04-19,0.50544, IGTI11,IGTI11.SA
2025-02-24,0.168504, IGTI11,IGTI11.SA
2025-04-22,0.506662, IGTI11,IGTI11.SA
2001-04-25,6.3e-05, ISAE4,ISAE4.SA
2001-07-06,0.000213, ISAE4,ISAE4.SA
2001-12-19,8.1e-05, ISAE4,ISAE4.SA
2002-04-29,0.000219, ISAE4,ISAE4.SA
2002-07-05,0.000364, ISAE4,ISAE4.SA
2002-10-04,0.000214, ISAE4,ISAE4.SA
2002-12-27,0.000334, ISAE4,ISAE4.SA
2003-04-28,8.5e-05, ISAE4,ISAE4.SA
2003-05-23,0.000458, ISAE4,ISAE4.SA
2003-09-19,0.000528, ISAE4,ISAE4.SA
2004-05-21,0.000182, ISAE4,ISAE4.SA
2004-12-03,0.00032, ISAE4,ISAE4.SA
2005-06-24,0.000364, ISAE4,ISAE4.SA
2005-09-23,0.000636, ISAE4,ISAE4.SA
2005-12-29,0.000602, ISAE4,ISAE4.SA
2006-04-24,0.000651, ISAE4,ISAE4.SA
2006-05-26,0.000364, ISAE4,ISAE4.SA
2007-03-20,0.000974, ISAE4,ISAE4.SA
2007-07-11,0.001609, ISAE4,ISAE4.SA
2007-10-02,1.16228, ISAE4,ISAE4.SA
2007-11-06,1.33713, ISAE4,ISAE4.SA
2007-12-14,0.26206, ISAE4,ISAE4.SA
2008-01-22,1.13876, ISAE4,ISAE4.SA
2008-04-01,0.41217, ISAE4,ISAE4.SA
2008-04-11,0.4488, ISAE4,ISAE4.SA
2008-07-10,1.36189, ISAE4,ISAE4.SA
2008-10-10,0.77033, ISAE4,ISAE4.SA
2008-12-15,0.39969, ISAE4,ISAE4.SA
2009-01-13,0.82057, ISAE4,ISAE4.SA
2009-04-14,0.42359, ISAE4,ISAE4.SA
2009-04-16,0.70931, ISAE4,ISAE4.SA
2009-06-23,0.42829, ISAE4,ISAE4.SA
2009-07-07,0.40755, ISAE4,ISAE4.SA
2009-10-07,1.09852, ISAE4,ISAE4.SA
2009-12-16,0.40742, ISAE4,ISAE4.SA
2010-01-12,1.06865, ISAE4,ISAE4.SA
2010-04-09,1.27376, ISAE4,ISAE4.SA
2010-05-05,0.50914, ISAE4,ISAE4.SA
2010-07-08,0.83381, ISAE4,ISAE4.SA
2010-10-08,1.383135, ISAE4,ISAE4.SA
2011-01-17,1.153271, ISAE4,ISAE4.SA
2011-04-07,1.62683, ISAE4,ISAE4.SA
2011-05-02,0.110087, ISAE4,ISAE4.SA
2011-07-07,1.47525, ISAE4,ISAE4.SA
2011-10-11,1.541208, ISAE4,ISAE4.SA
2012-01-17,1.532803, ISAE4,ISAE4.SA
2012-04-17,0.953944, ISAE4,ISAE4.SA
2012-07-02,1.054621, ISAE4,ISAE4.SA
2013-12-26,1.310088, ISAE4,ISAE4.SA
2014-04-02,0.196514, ISAE4,ISAE4.SA
2014-08-13,0.196514, ISAE4,ISAE4.SA
2014-11-25,1.023196, ISAE4,ISAE4.SA
2015-05-07,0.192417, ISAE4,ISAE4.SA
2015-05-27,0.686875, ISAE4,ISAE4.SA
2015-11-26,1.389686, ISAE4,ISAE4.SA
2016-06-22,0.667797, ISAE4,ISAE4.SA
2016-12-05,0.834746, ISAE4,ISAE4.SA
2017-06-02,0.819569, ISAE4,ISAE4.SA
2017-11-21,2.218299, ISAE4,ISAE4.SA
2018-04-18,0.514164, ISAE4,ISAE4.SA
2018-06-06,4.615728, ISAE4,ISAE4.SA
2018-12-07,7.436826, ISAE4,ISAE4.SA
2019-08-05,0.562186, ISAE4,ISAE4.SA
2019-11-11,0.784661, ISAE4,ISAE4.SA
2019-12-16,0.163679, ISAE4,ISAE4.SA
2020-04-17,0.228164, ISAE4,ISAE4.SA
2020-07-07,0.151772, ISAE4,ISAE4.SA
2020-11-05,0.522095, ISAE4,ISAE4.SA
2020-12-17,0.837549, ISAE4,ISAE4.SA
2021-02-26,0.806156, ISAE4,ISAE4.SA
2021-03-31,0.795967, ISAE4,ISAE4.SA
2021-07-07,0.502542, ISAE4,ISAE4.SA
2021-11-04,1.310301, ISAE4,ISAE4.SA
2021-12-23,0.173896, ISAE4,ISAE4.SA
2022-12-27,1.062404, ISAE4,ISAE4.SA
2023-12-14,2.204083, ISAE4,ISAE4.SA
2025-01-10,0.668903, ISAE4,ISAE4.SA
2025-02-12,0.668903, ISAE4,ISAE4.SA
2025-03-12,0.668903, ISAE4,ISAE4.SA
2007-11-27,0.004036, ITSA4,ITSA4.SA
2008-02-25,0.002105, ITSA4,ITSA4.SA
2008-06-23,0.004927, ITSA4,ITSA4.SA
2008-08-18,0.015309, ITSA4,ITSA4.SA
2008-09-19,0.004927, ITSA4,ITSA4.SA
2008-12-01,0.005419, ITSA4,ITSA4.SA
2009-01-02,0.012773, ITSA4,ITSA4.SA
2009-03-02,0.004927, ITSA4,ITSA4.SA
2009-03-10,0.041277, ITSA4,ITSA4.SA
2009-06-01,0.006002, ITSA4,ITSA4.SA
2009-08-24,0.018657, ITSA4,ITSA4.SA
2009-09-01,0.006002, ITSA4,ITSA4.SA
2009-12-01,0.006002, ITSA4,ITSA4.SA
2010-01-04,0.012754, ITSA4,ITSA4.SA
2010-03-01,0.006002, ITSA4,ITSA4.SA
2010-03-03,0.077791, ITSA4,ITSA4.SA
2010-06-01,0.00601, ITSA4,ITSA4.SA
2010-08-11,0.026125, ITSA4,ITSA4.SA
2010-09-01,0.00601, ITSA4,ITSA4.SA
2010-12-01,0.00601, ITSA4,ITSA4.SA
2011-01-04,0.031891, ITSA4,ITSA4.SA
2011-03-01,0.00601, ITSA4,ITSA4.SA
2011-03-10,0.017222, ITSA4,ITSA4.SA
2011-03-30,0.04795, ITSA4,ITSA4.SA
2011-06-01,0.00602, ITSA4,ITSA4.SA
2011-08-10,0.033538, ITSA4,ITSA4.SA
2011-09-01,0.00602, ITSA4,ITSA4.SA
2011-12-01,0.00602, ITSA4,ITSA4.SA
2011-12-26,0.041708, ITSA4,ITSA4.SA
2011-12-27,0.060197, ITSA4,ITSA4.SA
2012-03-01,0.063508, ITSA4,ITSA4.SA
2012-06-01,0.007105, ITSA4,ITSA4.SA
2012-09-03,0.007105, ITSA4,ITSA4.SA
2012-12-03,0.007105, ITSA4,ITSA4.SA
2012-12-26,0.098053, ITSA4,ITSA4.SA
2013-03-01,0.007105, ITSA4,ITSA4.SA
2013-03-06,0.05959, ITSA4,ITSA4.SA
2013-06-03,0.007875, ITSA4,ITSA4.SA
2013-08-07,0.037273, ITSA4,ITSA4.SA
2013-09-02,0.007875, ITSA4,ITSA4.SA
2013-12-02,0.007875, ITSA4,ITSA4.SA
2013-12-23,0.090296, ITSA4,ITSA4.SA
2014-03-05,0.007906, ITSA4,ITSA4.SA
2014-06-02,0.008697, ITSA4,ITSA4.SA
2014-08-14,0.047541, ITSA4,ITSA4.SA
2014-09-01,0.008697, ITSA4,ITSA4.SA
2014-12-01,0.008697, ITSA4,ITSA4.SA
2014-12-22,0.02064, ITSA4,ITSA4.SA
2015-02-11,0.11405, ITSA4,ITSA4.SA
2015-03-02,0.008717, ITSA4,ITSA4.SA
2015-06-01,0.009588, ITSA4,ITSA4.SA
2015-08-13,0.055293, ITSA4,ITSA4.SA
2015-09-01,0.009588, ITSA4,ITSA4.SA
2015-12-01,0.009588, ITSA4,ITSA4.SA
2015-12-10,0.077282, ITSA4,ITSA4.SA
2016-02-19,0.11621, ITSA4,ITSA4.SA
2016-03-01,0.009588, ITSA4,ITSA4.SA
2016-06-01,0.010547, ITSA4,ITSA4.SA
2016-08-15,0.055548, ITSA4,ITSA4.SA
2016-09-01,0.010547, ITSA4,ITSA4.SA
2016-12-01,0.010547, ITSA4,ITSA4.SA
2016-12-23,0.194067, ITSA4,ITSA4.SA
2017-02-21,0.117987, ITSA4,ITSA4.SA
2017-03-01,0.010617, ITSA4,ITSA4.SA
2017-06-01,0.010617, ITSA4,ITSA4.SA
2017-08-15,0.055916, ITSA4,ITSA4.SA
2017-09-01,0.010617, ITSA4,ITSA4.SA
2017-12-01,0.010617, ITSA4,ITSA4.SA
2017-12-26,0.118952, ITSA4,ITSA4.SA
2018-02-23,0.473692, ITSA4,ITSA4.SA
2018-03-01,0.010617, ITSA4,ITSA4.SA
2018-06-01,0.011679, ITSA4,ITSA4.SA
2018-08-20,0.162566, ITSA4,ITSA4.SA
2018-09-03,0.011679, ITSA4,ITSA4.SA
2018-12-03,0.015571, ITSA4,ITSA4.SA
2018-12-18,0.006306, ITSA4,ITSA4.SA
2019-02-22,0.595064, ITSA4,ITSA4.SA
2019-03-01,0.015571, ITSA4,ITSA4.SA
2019-06-03,0.015571, ITSA4,ITSA4.SA
2019-08-16,0.265105, ITSA4,ITSA4.SA
2019-09-02,0.015571, ITSA4,ITSA4.SA
2019-12-02,0.015571, ITSA4,ITSA4.SA
2019-12-13,0.004633, ITSA4,ITSA4.SA
2020-02-21,0.34522, ITSA4,ITSA4.SA
2020-03-02,0.015571, ITSA4,ITSA4.SA
2020-06-01,0.015571, ITSA4,ITSA4.SA
2020-08-18,0.015571, ITSA4,ITSA4.SA
2020-09-01,0.015571, ITSA4,ITSA4.SA
2020-12-01,0.015571, ITSA4,ITSA4.SA
2020-12-11,0.079142, ITSA4,ITSA4.SA
2021-01-26,0.016194, ITSA4,ITSA4.SA
2021-03-01,0.015571, ITSA4,ITSA4.SA
2021-03-10,0.012034, ITSA4,ITSA4.SA
2021-03-26,0.014855, ITSA4,ITSA4.SA
2021-04-28,0.016591, ITSA4,ITSA4.SA
2021-05-25,0.014326, ITSA4,ITSA4.SA
2021-06-01,0.015571, ITSA4,ITSA4.SA
2021-08-16,0.029072, ITSA4,ITSA4.SA
2021-09-01,0.015571, ITSA4,ITSA4.SA
2021-11-24,0.120461, ITSA4,ITSA4.SA
2021-12-01,0.018319, ITSA4,ITSA4.SA
2021-12-14,0.018319, ITSA4,ITSA4.SA
2022-01-17,0.109006, ITSA4,ITSA4.SA
2022-03-25,0.09268, ITSA4,ITSA4.SA
2022-06-01,0.019235, ITSA4,ITSA4.SA
2022-08-19,0.048805, ITSA4,ITSA4.SA
2022-09-01,0.019235, ITSA4,ITSA4.SA
2022-11-21,0.046348, ITSA4,ITSA4.SA
2022-12-01,0.021159, ITSA4,ITSA4.SA
2022-12-09,0.166811, ITSA4,ITSA4.SA
2023-03-01,0.021159, ITSA4,ITSA4.SA
2023-03-24,0.069512, ITSA4,ITSA4.SA
2023-06-01,0.021159, ITSA4,ITSA4.SA
2023-06-23,0.102875, ITSA4,ITSA4.SA
2023-07-26,0.046312, ITSA4,ITSA4.SA
2023-08-18,0.021248, ITSA4,ITSA4.SA
2023-09-22,0.105206, ITSA4,ITSA4.SA
2023-10-20,0.046507, ITSA4,ITSA4.SA
2023-12-01,0.022311, ITSA4,ITSA4.SA
2023-12-19,0.075288, ITSA4,ITSA4.SA
2024-02-23,0.284937, ITSA4,ITSA4.SA
2024-03-01,0.022311, ITSA4,ITSA4.SA
2024-03-22,0.066375, ITSA4,ITSA4.SA
2024-06-03,0.022311, ITSA4,ITSA4.SA
2024-06-21,0.089701, ITSA4,ITSA4.SA
2024-09-02,0.022311, ITSA4,ITSA4.SA
2024-09-20,0.045893, ITSA4,ITSA4.SA
2024-12-02,0.022311, ITSA4,ITSA4.SA
2024-12-12,0.057846, ITSA4,ITSA4.SA
2025-02-18,0.60149, ITSA4,ITSA4.SA
2025-03-05,0.047059, ITSA4,ITSA4.SA
2025-06-02,0.02353, ITSA4,ITSA4.SA
2025-06-23,0.0591, ITSA4,ITSA4.SA
2025-08-19,0.1859, ITSA4,ITSA4.SA
2025-09-01,0.02353, ITSA4,ITSA4.SA
2008-02-01,0.003613, ITUB4,ITUB4.SA
2008-03-03,0.003613, ITUB4,ITUB4.SA
2008-04-01,0.003613, ITUB4,ITUB4.SA
2008-05-02,0.003613, ITUB4,ITUB4.SA
2008-06-02,0.004516, ITUB4,ITUB4.SA
2008-07-01,0.004516, ITUB4,ITUB4.SA
2008-08-01,0.004516, ITUB4,ITUB4.SA
2008-09-01,0.004516, ITUB4,ITUB4.SA
2008-10-01,0.004516, ITUB4,ITUB4.SA
2009-01-02,0.004516, ITUB4,ITUB4.SA
2009-02-02,0.004516, ITUB4,ITUB4.SA
2009-04-01,0.004516, ITUB4,ITUB4.SA
2009-05-04,0.004516, ITUB4,ITUB4.SA
2009-06-01,0.004516, ITUB4,ITUB4.SA
2009-07-01,0.004516, ITUB4,ITUB4.SA
2009-08-03,0.004516, ITUB4,ITUB4.SA
2009-09-01,0.004967, ITUB4,ITUB4.SA
2009-10-01,0.004967, ITUB4,ITUB4.SA
2009-11-03,0.004967, ITUB4,ITUB4.SA
2009-12-01,0.004967, ITUB4,ITUB4.SA
2010-01-04,0.078484, ITUB4,ITUB4.SA
2010-02-01,0.004967, ITUB4,ITUB4.SA
2010-02-22,0.159121, ITUB4,ITUB4.SA
2010-03-01,0.004967, ITUB4,ITUB4.SA
2010-04-01,0.004967, ITUB4,ITUB4.SA
2010-05-03,0.004967, ITUB4,ITUB4.SA
2010-06-01,0.004967, ITUB4,ITUB4.SA
2010-07-01,0.004967, ITUB4,ITUB4.SA
2010-08-02,0.004967, ITUB4,ITUB4.SA
2010-08-11,0.086732, ITUB4,ITUB4.SA
2010-09-01,0.004967, ITUB4,ITUB4.SA
2010-10-01,0.004967, ITUB4,ITUB4.SA
2010-11-01,0.004967, ITUB4,ITUB4.SA
2010-12-01,0.004967, ITUB4,ITUB4.SA
2011-01-03,0.093966, ITUB4,ITUB4.SA
2011-02-01,0.004967, ITUB4,ITUB4.SA
2011-03-01,0.004967, ITUB4,ITUB4.SA
2011-03-04,0.158045, ITUB4,ITUB4.SA
2011-04-01,0.004967, ITUB4,ITUB4.SA
2011-05-02,0.004967, ITUB4,ITUB4.SA
2011-06-01,0.004967, ITUB4,ITUB4.SA
2011-07-01,0.004967, ITUB4,ITUB4.SA
2011-08-01,0.004967, ITUB4,ITUB4.SA
2011-08-10,0.112014, ITUB4,ITUB4.SA
2011-09-01,0.004967, ITUB4,ITUB4.SA
2011-10-03,0.004967, ITUB4,ITUB4.SA
2011-11-01,0.004967, ITUB4,ITUB4.SA
2011-12-01,0.004967, ITUB4,ITUB4.SA
2011-12-27,0.119217, ITUB4,ITUB4.SA
2012-01-02,0.004967, ITUB4,ITUB4.SA
2012-02-01,0.004967, ITUB4,ITUB4.SA
2012-03-01,0.178577, ITUB4,ITUB4.SA
2012-04-02,0.006209, ITUB4,ITUB4.SA
2012-05-02,0.006209, ITUB4,ITUB4.SA
2012-06-01,0.006209, ITUB4,ITUB4.SA
2012-07-02,0.006209, ITUB4,ITUB4.SA
2012-08-01,0.006209, ITUB4,ITUB4.SA
2012-08-02,0.114829, ITUB4,ITUB4.SA
2012-09-03,0.006209, ITUB4,ITUB4.SA
2012-10-01,0.006209, ITUB4,ITUB4.SA
2012-11-01,0.006209, ITUB4,ITUB4.SA
2012-12-26,0.129152, ITUB4,ITUB4.SA
2013-01-02,0.006209, ITUB4,ITUB4.SA
2013-02-01,0.006209, ITUB4,ITUB4.SA
2013-03-01,0.006209, ITUB4,ITUB4.SA
2013-03-06,0.158294, ITUB4,ITUB4.SA
2013-04-01,0.006209, ITUB4,ITUB4.SA
2013-05-02,0.006209, ITUB4,ITUB4.SA
2013-06-03,0.00683, ITUB4,ITUB4.SA
2013-07-01,0.00683, ITUB4,ITUB4.SA
2013-08-01,0.00683, ITUB4,ITUB4.SA
2013-08-07,0.126312, ITUB4,ITUB4.SA
2013-09-02,0.00683, ITUB4,ITUB4.SA
2013-10-01,0.00683, ITUB4,ITUB4.SA
2013-11-01,0.00683, ITUB4,ITUB4.SA
2013-12-02,0.00683, ITUB4,ITUB4.SA
2013-12-23,0.092708, ITUB4,ITUB4.SA
2014-01-02,0.00683, ITUB4,ITUB4.SA
2014-02-03,0.00683, ITUB4,ITUB4.SA
2014-02-19,0.238417, ITUB4,ITUB4.SA
2014-03-05,0.00683, ITUB4,ITUB4.SA
2014-04-01,0.00683, ITUB4,ITUB4.SA
2014-05-02,0.00683, ITUB4,ITUB4.SA
2014-06-02,0.00683, ITUB4,ITUB4.SA
2014-07-01,0.007513, ITUB4,ITUB4.SA
2014-08-01,0.007513, ITUB4,ITUB4.SA
2014-08-14,0.163065, ITUB4,ITUB4.SA
2014-09-01,0.007513, ITUB4,ITUB4.SA
2014-10-01,0.007513, ITUB4,ITUB4.SA
2014-11-03,0.007513, ITUB4,ITUB4.SA
2014-12-01,0.007513, ITUB4,ITUB4.SA
2015-01-02,0.007513, ITUB4,ITUB4.SA
2015-02-02,0.007513, ITUB4,ITUB4.SA
2015-02-11,0.42289, ITUB4,ITUB4.SA
2015-03-02,0.007513, ITUB4,ITUB4.SA
2015-04-01,0.007513, ITUB4,ITUB4.SA
2015-05-04,0.007513, ITUB4,ITUB4.SA
2015-06-01,0.007513, ITUB4,ITUB4.SA
2015-07-01,0.007513, ITUB4,ITUB4.SA
2015-08-03,0.008264, ITUB4,ITUB4.SA
2015-08-13,0.190634, ITUB4,ITUB4.SA
2015-09-01,0.008264, ITUB4,ITUB4.SA
2015-10-01,0.008264, ITUB4,ITUB4.SA
2015-11-03,0.008264, ITUB4,ITUB4.SA
2015-12-01,0.008264, ITUB4,ITUB4.SA
2015-12-10,0.115152, ITUB4,ITUB4.SA
2016-01-04,0.008264, ITUB4,ITUB4.SA
2016-02-01,0.008264, ITUB4,ITUB4.SA
2016-02-19,0.360551, ITUB4,ITUB4.SA
2016-03-01,0.008264, ITUB4,ITUB4.SA
2016-04-01,0.008264, ITUB4,ITUB4.SA
2016-05-02,0.008264, ITUB4,ITUB4.SA
2016-06-01,0.008264, ITUB4,ITUB4.SA
2016-07-01,0.008264, ITUB4,ITUB4.SA
2016-08-01,0.008264, ITUB4,ITUB4.SA
2016-08-15,0.219835, ITUB4,ITUB4.SA
2016-09-01,0.008264, ITUB4,ITUB4.SA
2016-10-03,0.008264, ITUB4,ITUB4.SA
2016-11-01,0.009091, ITUB4,ITUB4.SA
2016-12-01,0.009091, ITUB4,ITUB4.SA
2016-12-23,0.285697, ITUB4,ITUB4.SA
2017-01-02,0.009091, ITUB4,ITUB4.SA
2017-02-01,0.009091, ITUB4,ITUB4.SA
2017-02-21,0.469939, ITUB4,ITUB4.SA
2017-03-01,0.009091, ITUB4,ITUB4.SA
2017-04-03,0.009091, ITUB4,ITUB4.SA
2017-05-02,0.009091, ITUB4,ITUB4.SA
2017-06-01,0.009091, ITUB4,ITUB4.SA
2017-07-03,0.009091, ITUB4,ITUB4.SA
2017-08-01,0.009091, ITUB4,ITUB4.SA
2017-08-15,0.241818, ITUB4,ITUB4.SA
2017-09-01,0.009091, ITUB4,ITUB4.SA
2017-10-02,0.009091, ITUB4,ITUB4.SA
2017-11-01,0.009091, ITUB4,ITUB4.SA
2017-12-01,0.009091, ITUB4,ITUB4.SA
2017-12-15,0.087576, ITUB4,ITUB4.SA
2018-01-02,0.009091, ITUB4,ITUB4.SA
2018-02-01,0.009091, ITUB4,ITUB4.SA
2018-02-16,1.359394, ITUB4,ITUB4.SA
2018-03-01,0.009091, ITUB4,ITUB4.SA
2018-04-02,0.009091, ITUB4,ITUB4.SA
2018-05-02,0.009091, ITUB4,ITUB4.SA
2018-06-01,0.009091, ITUB4,ITUB4.SA
2018-07-02,0.009091, ITUB4,ITUB4.SA
2018-08-01,0.009091, ITUB4,ITUB4.SA
2018-08-20,0.454061, ITUB4,ITUB4.SA
2018-09-03,0.009091, ITUB4,ITUB4.SA
2018-10-01,0.009091, ITUB4,ITUB4.SA
2018-11-01,0.009091, ITUB4,ITUB4.SA
2018-12-03,0.013636, ITUB4,ITUB4.SA
2018-12-18,0.009636, ITUB4,ITUB4.SA
2019-01-02,0.013636, ITUB4,ITUB4.SA
2019-02-01,0.013636, ITUB4,ITUB4.SA
2019-02-22,1.636455, ITUB4,ITUB4.SA
2019-03-01,0.013636, ITUB4,ITUB4.SA
2019-04-01,0.013636, ITUB4,ITUB4.SA
2019-05-02,0.013636, ITUB4,ITUB4.SA
2019-06-03,0.013636, ITUB4,ITUB4.SA
2019-07-01,0.013636, ITUB4,ITUB4.SA
2019-08-01,0.013636, ITUB4,ITUB4.SA
2019-08-16,0.715364, ITUB4,ITUB4.SA
2019-09-02,0.013636, ITUB4,ITUB4.SA
2019-10-01,0.013636, ITUB4,ITUB4.SA
2019-11-01,0.013636, ITUB4,ITUB4.SA
2019-12-02,0.013636, ITUB4,ITUB4.SA
2019-12-13,0.034145, ITUB4,ITUB4.SA
2020-01-02,0.013636, ITUB4,ITUB4.SA
2020-02-03,0.013636, ITUB4,ITUB4.SA
2020-02-21,0.915182, ITUB4,ITUB4.SA
2020-03-02,0.013636, ITUB4,ITUB4.SA
2020-04-01,0.013636, ITUB4,ITUB4.SA
2020-05-04,0.013636, ITUB4,ITUB4.SA
2020-06-01,0.013636, ITUB4,ITUB4.SA
2020-07-01,0.013636, ITUB4,ITUB4.SA
2020-08-03,0.013636, ITUB4,ITUB4.SA
2020-08-18,0.048091, ITUB4,ITUB4.SA
2020-09-01,0.013636, ITUB4,ITUB4.SA
2020-10-01,0.013636, ITUB4,ITUB4.SA
2020-11-03,0.013636, ITUB4,ITUB4.SA
2020-12-01,0.013636, ITUB4,ITUB4.SA
2020-12-11,0.058145, ITUB4,ITUB4.SA
2021-01-04,0.013636, ITUB4,ITUB4.SA
2021-01-26,0.0456, ITUB4,ITUB4.SA
2021-02-01,0.013636, ITUB4,ITUB4.SA
2021-02-26,0.133625, ITUB4,ITUB4.SA
2021-03-01,0.013636, ITUB4,ITUB4.SA
2021-03-26,0.046036, ITUB4,ITUB4.SA
2021-04-01,0.013636, ITUB4,ITUB4.SA
2021-04-28,0.051345, ITUB4,ITUB4.SA
2021-05-03,0.013636, ITUB4,ITUB4.SA
2021-05-25,0.044309, ITUB4,ITUB4.SA
2021-06-01,0.013636, ITUB4,ITUB4.SA
2021-07-01,0.013636, ITUB4,ITUB4.SA
2021-08-02,0.013636, ITUB4,ITUB4.SA
2021-08-16,0.0944, ITUB4,ITUB4.SA
2021-09-01,0.013636, ITUB4,ITUB4.SA
2021-10-01,0.013636, ITUB4,ITUB4.SA
2021-11-01,0.016045, ITUB4,ITUB4.SA
2021-11-22,0.240501, ITUB4,ITUB4.SA
2021-12-01,0.016045, ITUB4,ITUB4.SA
2022-01-03,0.016045, ITUB4,ITUB4.SA
2022-02-01,0.016045, ITUB4,ITUB4.SA
2022-02-22,0.012418, ITUB4,ITUB4.SA
2022-03-02,0.016045, ITUB4,ITUB4.SA
2022-04-01,0.016045, ITUB4,ITUB4.SA
2022-05-02,0.016045, ITUB4,ITUB4.SA
2022-06-01,0.016045, ITUB4,ITUB4.SA
2022-07-01,0.016045, ITUB4,ITUB4.SA
2022-08-01,0.016045, ITUB4,ITUB4.SA
2022-08-19,0.278636, ITUB4,ITUB4.SA
2022-09-01,0.016045, ITUB4,ITUB4.SA
2022-10-03,0.016045, ITUB4,ITUB4.SA
2022-11-01,0.016045, ITUB4,ITUB4.SA
2022-12-01,0.016045, ITUB4,ITUB4.SA
2022-12-09,0.441982, ITUB4,ITUB4.SA
2023-01-02,0.016045, ITUB4,ITUB4.SA
2023-02-01,0.016045, ITUB4,ITUB4.SA
2023-03-01,0.016045, ITUB4,ITUB4.SA
2023-03-24,0.238182, ITUB4,ITUB4.SA
2023-04-03,0.016045, ITUB4,ITUB4.SA
2023-05-02,0.016045, ITUB4,ITUB4.SA
2023-06-01,0.016045, ITUB4,ITUB4.SA
2023-06-20,0.242091, ITUB4,ITUB4.SA
2023-07-03,0.016045, ITUB4,ITUB4.SA
2023-08-01,0.016045, ITUB4,ITUB4.SA
2023-09-01,0.016045, ITUB4,ITUB4.SA
2023-09-19,0.244818, ITUB4,ITUB4.SA
2023-10-02,0.016045, ITUB4,ITUB4.SA
2023-11-01,0.016045, ITUB4,ITUB4.SA
2023-12-01,0.016045, ITUB4,ITUB4.SA
2023-12-07,0.224764, ITUB4,ITUB4.SA
2024-01-02,0.016045, ITUB4,ITUB4.SA
2024-02-01,0.016045, ITUB4,ITUB4.SA
2024-02-22,1.022841, ITUB4,ITUB4.SA
2024-03-01,0.016045, ITUB4,ITUB4.SA
2024-03-22,0.219818, ITUB4,ITUB4.SA
2024-04-01,0.016045, ITUB4,ITUB4.SA
2024-05-02,0.016045, ITUB4,ITUB4.SA
2024-06-03,0.016045, ITUB4,ITUB4.SA
2024-06-21,0.228182, ITUB4,ITUB4.SA
2024-07-01,0.016045, ITUB4,ITUB4.SA
2024-08-01,0.016045, ITUB4,ITUB4.SA
2024-09-02,0.016045, ITUB4,ITUB4.SA
2024-09-20,0.248164, ITUB4,ITUB4.SA
2024-10-01,0.016045, ITUB4,ITUB4.SA
2024-11-01,0.016045, ITUB4,ITUB4.SA
2024-12-02,0.016045, ITUB4,ITUB4.SA
2024-12-10,0.282327, ITUB4,ITUB4.SA
2025-01-02,0.016045, ITUB4,ITUB4.SA
2025-02-03,0.016045, ITUB4,ITUB4.SA
2025-02-18,1.440336, ITUB4,ITUB4.SA
2025-03-05,0.016045, ITUB4,ITUB4.SA
2025-04-01,0.01765, ITUB4,ITUB4.SA
2025-05-02,0.01765, ITUB4,ITUB4.SA
2025-06-02,0.01765, ITUB4,ITUB4.SA
2025-06-10,0.3341, ITUB4,ITUB4.SA
2025-07-01,0.01765, ITUB4,ITUB4.SA
2025-08-01,0.01765, ITUB4,ITUB4.SA
2025-08-19,0.3634, ITUB4,ITUB4.SA
2025-09-01,0.01765, ITUB4,ITUB4.SA
2025-10-01,0.01765, ITUB4,ITUB4.SA
2014-03-21,0.089391, KLBN11,KLBN11.SA
2014-08-12,0.150818, KLBN11,KLBN11.SA
2014-11-11,0.089335, KLBN11,KLBN11.SA
2015-03-20,0.101236, KLBN11,KLBN11.SA
2015-03-24,0.101236, KLBN11,KLBN11.SA
2015-07-28,0.169709, KLBN11,KLBN11.SA
2015-10-28,0.104205, KLBN11,KLBN11.SA
2016-02-04,0.119155, KLBN11,KLBN11.SA
2016-05-02,0.101692, KLBN11,KLBN11.SA
2016-08-01,0.107195, KLBN11,KLBN11.SA
2016-11-04,0.116149, KLBN11,KLBN11.SA
2017-02-07,0.129205, KLBN11,KLBN11.SA
2017-05-05,0.057568, KLBN11,KLBN11.SA
2017-08-02,0.118115, KLBN11,KLBN11.SA
2017-11-03,0.148884, KLBN11,KLBN11.SA
2018-02-07,0.147879, KLBN11,KLBN11.SA
2018-05-03,0.13127, KLBN11,KLBN11.SA
2018-08-06,0.152861, KLBN11,KLBN11.SA
2018-11-05,0.293633, KLBN11,KLBN11.SA
2018-12-21,0.215905, KLBN11,KLBN11.SA
2019-02-13,0.017272, KLBN11,KLBN11.SA
2019-05-07,0.173358, KLBN11,KLBN11.SA
2019-08-09,0.165595, KLBN11,KLBN11.SA
2019-11-07,0.253569, KLBN11,KLBN11.SA
2019-12-23,0.172496, KLBN11,KLBN11.SA
2020-02-11,0.019836, KLBN11,KLBN11.SA
2021-11-01,0.332702, KLBN11,KLBN11.SA
2022-02-15,0.312013, KLBN11,KLBN11.SA
2022-05-09,0.285833, KLBN11,KLBN11.SA
2022-08-02,0.329624, KLBN11,KLBN11.SA
2022-11-01,0.41472, KLBN11,KLBN11.SA
2022-12-21,0.029741, KLBN11,KLBN11.SA
2023-02-14,0.285019, KLBN11,KLBN11.SA
2023-05-08,0.320633, KLBN11,KLBN11.SA
2023-08-07,0.221618, KLBN11,KLBN11.SA
2023-10-30,0.262839, KLBN11,KLBN11.SA
2023-12-22,0.140896, KLBN11,KLBN11.SA
2024-02-16,0.158201, KLBN11,KLBN11.SA
2024-05-06,0.271398, KLBN11,KLBN11.SA
2024-08-06,0.337195, KLBN11,KLBN11.SA
2024-11-12,0.349544, KLBN11,KLBN11.SA
2024-12-17,0.212196, KLBN11,KLBN11.SA
2025-03-06,0.044413, KLBN11,KLBN11.SA
2025-05-14,0.228801, KLBN11,KLBN11.SA
2025-08-11,0.250945, KLBN11,KLBN11.SA
2010-04-23,0.011885, KLBN4,KLBN4.SA
2010-07-12,0.009478, KLBN4,KLBN4.SA
2010-09-30,0.014596, KLBN4,KLBN4.SA
2011-04-12,0.014771, KLBN4,KLBN4.SA
2011-07-05,0.017302, KLBN4,KLBN4.SA
2011-10-03,0.011644, KLBN4,KLBN4.SA
2012-04-12,0.016956, KLBN4,KLBN4.SA
2012-07-11,0.025404, KLBN4,KLBN4.SA
2012-11-13,0.015878, KLBN4,KLBN4.SA
2013-04-15,0.016104, KLBN4,KLBN4.SA
2013-08-06,0.029642, KLBN4,KLBN4.SA
2013-11-12,0.017996, KLBN4,KLBN4.SA
2014-03-21,0.017878, KLBN4,KLBN4.SA
2014-08-12,0.030164, KLBN4,KLBN4.SA
2014-11-11,0.017867, KLBN4,KLBN4.SA
2015-03-24,0.020245, KLBN4,KLBN4.SA
2015-07-28,0.033945, KLBN4,KLBN4.SA
2015-10-28,0.020841, KLBN4,KLBN4.SA
2016-02-04,0.023831, KLBN4,KLBN4.SA
2016-05-02,0.020338, KLBN4,KLBN4.SA
2016-08-01,0.021439, KLBN4,KLBN4.SA
2016-11-04,0.02323, KLBN4,KLBN4.SA
2017-02-07,0.025841, KLBN4,KLBN4.SA
2017-05-05,0.011514, KLBN4,KLBN4.SA
2017-08-02,0.023623, KLBN4,KLBN4.SA
2017-11-03,0.029776, KLBN4,KLBN4.SA
2018-02-07,0.029575, KLBN4,KLBN4.SA
2018-05-03,0.026254, KLBN4,KLBN4.SA
2018-08-06,0.030572, KLBN4,KLBN4.SA
2018-11-05,0.058726, KLBN4,KLBN4.SA
2018-12-21,0.043181, KLBN4,KLBN4.SA
2019-02-13,0.003454, KLBN4,KLBN4.SA
2019-05-07,0.034671, KLBN4,KLBN4.SA
2019-08-09,0.033119, KLBN4,KLBN4.SA
2019-11-07,0.050714, KLBN4,KLBN4.SA
2019-12-23,0.034499, KLBN4,KLBN4.SA
2020-02-11,0.003967, KLBN4,KLBN4.SA
2021-11-01,0.066539, KLBN4,KLBN4.SA
2022-02-15,0.062402, KLBN4,KLBN4.SA
2022-05-09,0.057167, KLBN4,KLBN4.SA
2022-08-02,0.065925, KLBN4,KLBN4.SA
2022-11-01,0.082944, KLBN4,KLBN4.SA
2022-12-21,0.005948, KLBN4,KLBN4.SA
2023-02-14,0.057004, KLBN4,KLBN4.SA
2023-05-08,0.064127, KLBN4,KLBN4.SA
2023-08-07,0.044324, KLBN4,KLBN4.SA
2023-10-30,0.052568, KLBN4,KLBN4.SA
2023-12-22,0.028179, KLBN4,KLBN4.SA
2024-02-16,0.03164, KLBN4,KLBN4.SA
2024-05-06,0.05428, KLBN4,KLBN4.SA
2024-08-06,0.067439, KLBN4,KLBN4.SA
2024-11-12,0.069909, KLBN4,KLBN4.SA
2024-12-17,0.042439, KLBN4,KLBN4.SA
2025-03-06,0.008883, KLBN4,KLBN4.SA
2025-05-14,0.04576, KLBN4,KLBN4.SA
2025-08-11,0.050189, KLBN4,KLBN4.SA
2017-04-25,0.614267, MRSA5B,MRSA5B.SA
2018-04-27,0.678562, MRSA5B,MRSA5B.SA
2019-04-26,0.383685, MRSA5B,MRSA5B.SA
2019-11-26,0.383685, MRSA5B,MRSA5B.SA
2020-06-18,0.370252, MRSA5B,MRSA5B.SA
2020-11-30,0.370252, MRSA5B,MRSA5B.SA
2021-04-30,0.316502, MRSA5B,MRSA5B.SA
2022-04-27,0.514593, MRSA5B,MRSA5B.SA
2023-04-28,0.643017, MRSA5B,MRSA5B.SA
2024-04-29,0.888077, MRSA5B,MRSA5B.SA
2025-05-02,1.047438, MRSA5B,MRSA5B.SA
2015-04-29,0.445768, MRSA6B,MRSA6B.SA
2015-12-16,0.111442, MRSA6B,MRSA6B.SA
2016-05-02,0.21758, MRSA6B,MRSA6B.SA
2017-04-25,0.614267, MRSA6B,MRSA6B.SA
2018-04-27,0.678562, MRSA6B,MRSA6B.SA
2019-04-26,0.383685, MRSA6B,MRSA6B.SA
2019-11-26,0.383685, MRSA6B,MRSA6B.SA
2020-06-18,0.370252, MRSA6B,MRSA6B.SA
2020-11-30,0.370252, MRSA6B,MRSA6B.SA
2021-04-30,0.316502, MRSA6B,MRSA6B.SA
2022-04-27,0.514593, MRSA6B,MRSA6B.SA
2023-04-28,0.643017, MRSA6B,MRSA6B.SA
2024-04-29,0.888077, MRSA6B,MRSA6B.SA
2025-05-02,1.047438, MRSA6B,MRSA6B.SA
2010-04-29,0.321911, PATI4,PATI4.SA
2011-05-02,0.359531, PATI4,PATI4.SA
2012-04-26,0.516267, PATI4,PATI4.SA
2013-04-11,0.555678, PATI4,PATI4.SA
2014-04-25,0.780596, PATI4,PATI4.SA
2015-04-29,0.813542, PATI4,PATI4.SA
2016-04-27,0.832933, PATI4,PATI4.SA
2017-04-27,0.867248, PATI4,PATI4.SA
2018-04-06,0.902224, PATI4,PATI4.SA
2019-04-04,1.056034, PATI4,PATI4.SA
2020-07-29,1.068924, PATI4,PATI4.SA
2021-04-15,1.811036, PATI4,PATI4.SA
2022-04-27,2.911122, PATI4,PATI4.SA
2023-04-13,2.107574, PATI4,PATI4.SA
2024-05-03,2.107349, PATI4,PATI4.SA
2024-09-06,5.01413, PATI4,PATI4.SA
2025-04-25,1.928293, PATI4,PATI4.SA
2010-04-30,0.209, PEAB4,PEAB4.SA
2011-06-13,1.6049, PEAB4,PEAB4.SA
2012-05-02,1.1813, PEAB4,PEAB4.SA
2013-05-02,0.307532, PEAB4,PEAB4.SA
2014-05-02,2.560945, PEAB4,PEAB4.SA
2015-05-04,2.770282, PEAB4,PEAB4.SA
2016-05-02,1.335727, PEAB4,PEAB4.SA
2017-05-02,3.158452, PEAB4,PEAB4.SA
2018-04-30,3.448001, PEAB4,PEAB4.SA
2019-04-29,3.006696, PEAB4,PEAB4.SA
2019-09-12,1.270501, PEAB4,PEAB4.SA
2020-04-29,2.718423, PEAB4,PEAB4.SA
2020-11-19,32.610004, PEAB4,PEAB4.SA
2021-05-24,0.768998, PEAB4,PEAB4.SA
2021-11-17,11.65808, PEAB4,PEAB4.SA
2022-04-04,0.918889, PEAB4,PEAB4.SA
2022-05-02,0.602088, PEAB4,PEAB4.SA
2022-11-18,0.524484, PEAB4,PEAB4.SA
2023-08-24,0.3261, PEAB4,PEAB4.SA
2024-04-01,0.071423, PEAB4,PEAB4.SA
2024-05-02,0.75986, PEAB4,PEAB4.SA
2024-11-21,0.578304, PEAB4,PEAB4.SA
2025-05-02,0.289152, PEAB4,PEAB4.SA
2025-08-19,0.578304, PEAB4,PEAB4.SA
2005-07-01,0.250663, PETR4,PETR4.SA
2006-01-02,0.259, PETR4,PETR4.SA
2006-11-01,0.50075, PETR4,PETR4.SA
2007-01-02,0.225, PETR4,PETR4.SA
2007-04-03,0.1803, PETR4,PETR4.SA
2007-08-20,0.2517, PETR4,PETR4.SA
2007-10-08,0.2565, PETR4,PETR4.SA
2008-01-14,0.1553, PETR4,PETR4.SA
2008-04-07,0.1026, PETR4,PETR4.SA
2009-04-09,0.3516, PETR4,PETR4.SA
2009-07-06,0.3, PETR4,PETR4.SA
2009-10-01,0.2, PETR4,PETR4.SA
2009-12-21,0.2, PETR4,PETR4.SA
2010-04-23,0.2533, PETR4,PETR4.SA
2010-05-24,0.2, PETR4,PETR4.SA
2010-08-02,0.2, PETR4,PETR4.SA
2010-11-03,0.14, PETR4,PETR4.SA
2010-12-22,0.2, PETR4,PETR4.SA
2011-03-22,0.17342, PETR4,PETR4.SA
2011-04-29,0.1265, PETR4,PETR4.SA
2011-05-12,0.2136, PETR4,PETR4.SA
2011-08-03,0.2073, PETR4,PETR4.SA
2011-11-14,0.2, PETR4,PETR4.SA
2012-01-03,0.1773, PETR4,PETR4.SA
2012-03-20,0.1244, PETR4,PETR4.SA
2012-05-14,0.2, PETR4,PETR4.SA
2013-04-30,0.78, PETR4,PETR4.SA
2014-04-03,0.99757, PETR4,PETR4.SA
2018-05-22,0.05, PETR4,PETR4.SA
2018-08-14,0.05, PETR4,PETR4.SA
2018-11-22,0.1, PETR4,PETR4.SA
2018-12-26,0.716563, PETR4,PETR4.SA
2019-04-26,0.019494, PETR4,PETR4.SA
2019-05-22,0.1, PETR4,PETR4.SA
2019-08-13,0.2, PETR4,PETR4.SA
2019-11-12,0.200925, PETR4,PETR4.SA
2019-12-27,0.421942, PETR4,PETR4.SA
2020-07-23,0.000461, PETR4,PETR4.SA
2021-04-15,0.792834, PETR4,PETR4.SA
2021-08-17,1.609911, PETR4,PETR4.SA
2021-12-02,3.250487, PETR4,PETR4.SA
2022-04-14,2.970249, PETR4,PETR4.SA
2022-05-24,3.71549, PETR4,PETR4.SA
2022-08-12,6.732003, PETR4,PETR4.SA
2022-11-22,1.748708, PETR4,PETR4.SA
2023-04-28,2.930163, PETR4,PETR4.SA
2023-06-13,1.893576, PETR4,PETR4.SA
2023-08-22,1.149304, PETR4,PETR4.SA
2023-11-22,1.371248, PETR4,PETR4.SA
2024-04-26,1.150024, PETR4,PETR4.SA
2024-05-03,1.776022, PETR4,PETR4.SA
2024-06-12,1.043242, PETR4,PETR4.SA
2024-08-22,1.0532, PETR4,PETR4.SA
2024-12-12,1.551743, PETR4,PETR4.SA
2024-12-26,1.356891, PETR4,PETR4.SA
2025-04-17,0.74813, PETR4,PETR4.SA
2025-06-03,0.909166, PETR4,PETR4.SA
2025-08-22,0.671924, PETR4,PETR4.SA
2010-04-01,0.027192, PINE4,PINE4.SA
2010-07-01,0.115526, PINE4,PINE4.SA
2010-10-01,0.099628, PINE4,PINE4.SA
2011-01-03,0.168988, PINE4,PINE4.SA
2011-04-01,0.122064, PINE4,PINE4.SA
2011-07-01,0.18648, PINE4,PINE4.SA
2011-10-03,0.261769, PINE4,PINE4.SA
2012-01-02,0.372959, PINE4,PINE4.SA
2012-04-02,0.135751, PINE4,PINE4.SA
2012-07-02,0.226537, PINE4,PINE4.SA
2012-10-01,0.144628, PINE4,PINE4.SA
2013-01-02,0.134265, PINE4,PINE4.SA
2013-04-01,0.249138, PINE4,PINE4.SA
2013-04-19,0.000102, PINE4,PINE4.SA
2013-07-01,0.116829, PINE4,PINE4.SA
2013-10-01,0.118163, PINE4,PINE4.SA
2014-01-02,0.262227, PINE4,PINE4.SA
2014-04-02,0.165128, PINE4,PINE4.SA
2014-07-01,0.16886, PINE4,PINE4.SA
2015-01-02,0.119946, PINE4,PINE4.SA
2015-04-01,0.145427, PINE4,PINE4.SA
2015-07-01,0.163991, PINE4,PINE4.SA
2015-10-01,0.180768, PINE4,PINE4.SA
2016-01-05,0.198405, PINE4,PINE4.SA
2016-04-01,0.162818, PINE4,PINE4.SA
2016-07-01,0.059999, PINE4,PINE4.SA
2023-01-31,0.061514, PINE4,PINE4.SA
2023-08-01,0.100576, PINE4,PINE4.SA
2024-01-09,0.207972, PINE4,PINE4.SA
2024-04-12,0.079999, PINE4,PINE4.SA
2024-07-09,0.081383, PINE4,PINE4.SA
2024-10-11,0.159371, PINE4,PINE4.SA
2024-10-15,0.076633, PINE4,PINE4.SA
2025-01-07,0.080554, PINE4,PINE4.SA
2025-02-20,0.013778, PINE4,PINE4.SA
2025-04-11,0.082329, PINE4,PINE4.SA
2025-07-17,0.109889, PINE4,PINE4.SA
2008-12-15,0.04831, POMO4,POMO4.SA
2010-09-22,0.008786, POMO4,POMO4.SA
2010-12-10,0.10766, POMO4,POMO4.SA
2011-03-22,0.01199, POMO4,POMO4.SA
2011-06-22,0.01199, POMO4,POMO4.SA
2011-09-22,0.01199, POMO4,POMO4.SA
2011-12-12,0.11783, POMO4,POMO4.SA
2012-03-22,0.01447, POMO4,POMO4.SA
2012-06-22,0.01447, POMO4,POMO4.SA
2012-09-24,0.0123, POMO4,POMO4.SA
2012-12-20,0.08889, POMO4,POMO4.SA
2013-03-22,0.01447, POMO4,POMO4.SA
2013-06-24,0.01447, POMO4,POMO4.SA
2013-09-24,0.01447, POMO4,POMO4.SA
2013-12-26,0.0123, POMO4,POMO4.SA
2014-02-24,0.062016, POMO4,POMO4.SA
2014-03-24,0.01447, POMO4,POMO4.SA
2014-06-24,0.01447, POMO4,POMO4.SA
2014-09-23,0.01447, POMO4,POMO4.SA
2014-12-23,0.019514, POMO4,POMO4.SA
2015-06-23,0.020093, POMO4,POMO4.SA
2015-09-22,0.020093, POMO4,POMO4.SA
2016-11-11,0.108321, POMO4,POMO4.SA
2017-12-28,0.015338, POMO4,POMO4.SA
2018-02-27,0.017411, POMO4,POMO4.SA
2018-12-17,0.075, POMO4,POMO4.SA
2019-06-26,0.025, POMO4,POMO4.SA
2019-09-24,0.025, POMO4,POMO4.SA
2020-02-28,0.04, POMO4,POMO4.SA
2020-03-24,0.020833, POMO4,POMO4.SA
2020-12-23,0.016667, POMO4,POMO4.SA
2021-07-06,0.058333, POMO4,POMO4.SA
2021-12-29,0.030833, POMO4,POMO4.SA
2022-12-27,0.118333, POMO4,POMO4.SA
2023-03-07,0.076667, POMO4,POMO4.SA
2023-07-12,0.058333, POMO4,POMO4.SA
2023-10-06,0.083333, POMO4,POMO4.SA
2023-12-22,0.083333, POMO4,POMO4.SA
2024-03-01,0.191667, POMO4,POMO4.SA
2024-05-24,0.1, POMO4,POMO4.SA
2024-08-29,0.12, POMO4,POMO4.SA
2024-11-27,0.14, POMO4,POMO4.SA
2025-02-27,0.23, POMO4,POMO4.SA
2025-05-02,0.085, POMO4,POMO4.SA
2025-08-27,0.165, POMO4,POMO4.SA
2010-06-15,0.083751, RAPT4,RAPT4.SA
2010-12-13,0.08624, RAPT4,RAPT4.SA
2011-04-19,0.084311, RAPT4,RAPT4.SA
2011-06-14,0.099985, RAPT4,RAPT4.SA
2011-12-06,0.10295, RAPT4,RAPT4.SA
2012-03-30,0.123006, RAPT4,RAPT4.SA
2012-06-21,0.048546, RAPT4,RAPT4.SA
2013-04-08,0.002724, RAPT4,RAPT4.SA
2013-06-24,0.09997, RAPT4,RAPT4.SA
2013-12-16,0.082566, RAPT4,RAPT4.SA
2014-04-15,0.067031, RAPT4,RAPT4.SA
2014-06-24,0.097405, RAPT4,RAPT4.SA
2014-12-08,0.080925, RAPT4,RAPT4.SA
2015-04-16,0.039256, RAPT4,RAPT4.SA
2017-07-14,0.043817, RAPT4,RAPT4.SA
2018-05-04,0.045999, RAPT4,RAPT4.SA
2018-08-16,0.055995, RAPT4,RAPT4.SA
2019-05-07,0.087988, RAPT4,RAPT4.SA
2019-07-29,0.10183, RAPT4,RAPT4.SA
2019-12-19,0.16911, RAPT4,RAPT4.SA
2020-08-18,0.09159, RAPT4,RAPT4.SA
2020-12-21,0.15034, RAPT4,RAPT4.SA
2021-04-20,0.365561, RAPT4,RAPT4.SA
2021-07-26,0.13316, RAPT4,RAPT4.SA
2021-12-23,0.15405, RAPT4,RAPT4.SA
2022-04-20,0.356978, RAPT4,RAPT4.SA
2022-07-21,0.2137, RAPT4,RAPT4.SA
2022-12-23,0.28932, RAPT4,RAPT4.SA
2023-07-24,0.2224, RAPT4,RAPT4.SA
2023-12-21,0.35936, RAPT4,RAPT4.SA
2024-07-23,0.15426, RAPT4,RAPT4.SA
2024-12-20,0.20938, RAPT4,RAPT4.SA
2025-05-02,0.046745, RAPT4,RAPT4.SA
2016-05-02,0.260206, RNEW11,RNEW11.SA
2010-03-23,0.105348, SANB11,SANB11.SA
2010-07-01,0.105348, SANB11,SANB11.SA
2010-09-23,0.118648, SANB11,SANB11.SA
2010-12-23,0.433375, SANB11,SANB11.SA
2011-03-25,0.158022, SANB11,SANB11.SA
2011-06-01,0.125406, SANB11,SANB11.SA
2011-06-22,0.17119, SANB11,SANB11.SA
2011-09-23,0.105513, SANB11,SANB11.SA
2011-12-22,0.204494, SANB11,SANB11.SA
2012-03-29,0.08976, SANB11,SANB11.SA
2012-06-29,0.275827, SANB11,SANB11.SA
2012-09-27,0.132039, SANB11,SANB11.SA
2012-12-20,0.167036, SANB11,SANB11.SA
2013-04-01,0.079205, SANB11,SANB11.SA
2013-06-26,0.171634, SANB11,SANB11.SA
2013-09-27,0.119036, SANB11,SANB11.SA
2014-01-02,0.075482, SANB11,SANB11.SA
2014-01-15,1.586526, SANB11,SANB11.SA
2014-03-27,0.058327, SANB11,SANB11.SA
2014-06-26,0.106051, SANB11,SANB11.SA
2014-09-26,0.058325, SANB11,SANB11.SA
2015-01-02,0.1831, SANB11,SANB11.SA
2015-03-30,0.039789, SANB11,SANB11.SA
2015-09-10,0.810204, SANB11,SANB11.SA
2016-01-04,0.798293, SANB11,SANB11.SA
2016-07-07,0.133201, SANB11,SANB11.SA
2017-01-05,1.26584, SANB11,SANB11.SA
2017-05-04,0.133094, SANB11,SANB11.SA
2017-08-03,0.133409, SANB11,SANB11.SA
2017-10-09,0.133543, SANB11,SANB11.SA
2018-01-08,1.283382, SANB11,SANB11.SA
2018-04-06,0.160293, SANB11,SANB11.SA
2018-07-05,0.16064, SANB11,SANB11.SA
2018-10-08,0.160646, SANB11,SANB11.SA
2019-01-08,1.285952, SANB11,SANB11.SA
2019-04-08,0.267929, SANB11,SANB11.SA
2019-07-08,0.268043, SANB11,SANB11.SA
2019-10-09,0.268088, SANB11,SANB11.SA
2020-01-06,2.091569, SANB11,SANB11.SA
2020-05-08,0.238797, SANB11,SANB11.SA
2020-08-07,0.206596, SANB11,SANB11.SA
2020-11-05,0.268303, SANB11,SANB11.SA
2021-01-11,0.178421, SANB11,SANB11.SA
2021-02-17,0.137393, SANB11,SANB11.SA
2021-05-10,0.804259, SANB11,SANB11.SA
2021-08-05,0.911494, SANB11,SANB11.SA
2021-11-05,0.804259, SANB11,SANB11.SA
2022-01-10,0.066752, SANB11,SANB11.SA
2022-02-11,0.804233, SANB11,SANB11.SA
2022-04-22,0.456205, SANB11,SANB11.SA
2022-08-15,0.45727, SANB11,SANB11.SA
2022-10-24,0.457242, SANB11,SANB11.SA
2023-01-27,0.457629, SANB11,SANB11.SA
2023-04-25,0.403261, SANB11,SANB11.SA
2023-07-21,0.403346, SANB11,SANB11.SA
2023-10-20,0.403366, SANB11,SANB11.SA
2024-01-22,0.402856, SANB11,SANB11.SA
2024-04-22,0.402399, SANB11,SANB11.SA
2024-07-22,0.4025, SANB11,SANB11.SA
2024-10-18,0.402476, SANB11,SANB11.SA
2025-01-23,0.402522, SANB11,SANB11.SA
2025-04-22,0.401915, SANB11,SANB11.SA
2025-07-18,0.53588, SANB11,SANB11.SA
2007-07-02,92.91567, SANB4,SANB4.SA
2007-12-27,0.598652, SANB4,SANB4.SA
2008-12-22,0.23399, SANB4,SANB4.SA
2009-04-29,48.96054, SANB4,SANB4.SA
2009-07-01,0.041055, SANB4,SANB4.SA
2009-12-29,0.081952, SANB4,SANB4.SA
2010-03-23,0.046987, SANB4,SANB4.SA
2010-07-01,0.124424, SANB4,SANB4.SA
2010-09-23,0.062474, SANB4,SANB4.SA
2010-12-23,0.236405, SANB4,SANB4.SA
2011-03-25,0.082949, SANB4,SANB4.SA
2011-06-01,0.065834, SANB4,SANB4.SA
2011-06-22,0.089879, SANB4,SANB4.SA
2011-09-23,0.055387, SANB4,SANB4.SA
2011-12-22,0.107361, SANB4,SANB4.SA
2012-03-29,0.055439, SANB4,SANB4.SA
2012-06-29,0.148364, SANB4,SANB4.SA
2012-09-27,0.069299, SANB4,SANB4.SA
2012-12-20,0.097019, SANB4,SANB4.SA
2013-04-01,0.035332, SANB4,SANB4.SA
2013-06-26,0.090089, SANB4,SANB4.SA
2013-09-27,0.062474, SANB4,SANB4.SA
2014-01-02,0.138966, SANB4,SANB4.SA
2014-03-27,0.03066, SANB4,SANB4.SA
2014-06-26,0.055551, SANB4,SANB4.SA
2014-09-26,0.030551, SANB4,SANB4.SA
2015-01-02,0.0959, SANB4,SANB4.SA
2015-03-30,0.020842, SANB4,SANB4.SA
2015-09-10,0.424393, SANB4,SANB4.SA
2016-01-04,0.418153, SANB4,SANB4.SA
2016-07-07,0.069772, SANB4,SANB4.SA
2017-01-05,0.088831, SANB4,SANB4.SA
2017-01-06,0.467631, SANB4,SANB4.SA
2017-05-04,0.069716, SANB4,SANB4.SA
2017-08-03,0.069881, SANB4,SANB4.SA
2017-10-09,0.069951, SANB4,SANB4.SA
2018-01-08,0.672247, SANB4,SANB4.SA
2018-04-06,0.083963, SANB4,SANB4.SA
2018-07-05,0.084145, SANB4,SANB4.SA
2018-10-08,0.084148, SANB4,SANB4.SA
2019-01-08,0.673594, SANB4,SANB4.SA
2019-04-08,0.140343, SANB4,SANB4.SA
2019-07-08,0.140403, SANB4,SANB4.SA
2019-10-09,0.140427, SANB4,SANB4.SA
2020-01-06,1.095584, SANB4,SANB4.SA
2020-05-08,0.125084, SANB4,SANB4.SA
2020-08-07,0.108217, SANB4,SANB4.SA
2020-11-05,0.140539, SANB4,SANB4.SA
2021-01-11,0.093458, SANB4,SANB4.SA
2021-02-17,0.071968, SANB4,SANB4.SA
2021-05-10,0.421278, SANB4,SANB4.SA
2021-08-05,0.477449, SANB4,SANB4.SA
2021-11-05,0.421278, SANB4,SANB4.SA
2022-01-10,0.034965, SANB4,SANB4.SA
2022-02-11,0.421265, SANB4,SANB4.SA
2022-04-22,0.238964, SANB4,SANB4.SA
2022-08-15,0.239522, SANB4,SANB4.SA
2022-10-24,0.239508, SANB4,SANB4.SA
2023-01-27,0.239711, SANB4,SANB4.SA
2023-04-25,0.211232, SANB4,SANB4.SA
2023-07-21,0.211276, SANB4,SANB4.SA
2023-10-20,0.211287, SANB4,SANB4.SA
2024-01-22,0.21102, SANB4,SANB4.SA
2024-04-22,0.21078, SANB4,SANB4.SA
2024-07-22,0.210833, SANB4,SANB4.SA
2024-10-18,0.210821, SANB4,SANB4.SA
2025-01-23,0.210845, SANB4,SANB4.SA
2025-04-22,0.210527, SANB4,SANB4.SA
2025-07-18,0.280699, SANB4,SANB4.SA
2010-05-03,0.013166, TASA4,TASA4.SA
2010-07-01,0.460816, TASA4,TASA4.SA
2010-11-18,0.658308, TASA4,TASA4.SA
2011-05-02,0.014483, TASA4,TASA4.SA
2011-08-11,0.3, TASA4,TASA4.SA
2011-11-18,1.0, TASA4,TASA4.SA
2012-08-17,0.7, TASA4,TASA4.SA
2012-11-21,0.67514, TASA4,TASA4.SA
2013-04-29,0.27073, TASA4,TASA4.SA
2022-04-20,1.476695, TASA4,TASA4.SA
2023-05-02,1.177837, TASA4,TASA4.SA
2023-08-22,0.090909, TASA4,TASA4.SA
2024-05-02,0.275871, TASA4,TASA4.SA
2025-04-30,0.184258, TASA4,TASA4.SA
2012-08-15,0.013688, UNIP5,UNIP5.SA
2013-04-30,0.285013, UNIP5,UNIP5.SA
2014-04-30,0.298701, UNIP5,UNIP5.SA
2015-04-16,0.298701, UNIP5,UNIP5.SA
2016-05-02,0.298701, UNIP5,UNIP5.SA
2017-05-02,0.298701, UNIP5,UNIP5.SA
2017-07-28,3.01622, UNIP5,UNIP5.SA
2018-04-19,0.757468, UNIP5,UNIP5.SA
2018-10-19,1.002137, UNIP5,UNIP5.SA
2019-04-18,0.214614, UNIP5,UNIP5.SA
2020-04-13,0.590573, UNIP5,UNIP5.SA
2020-11-17,0.650801, UNIP5,UNIP5.SA
2021-04-22,1.009679, UNIP5,UNIP5.SA
2021-06-02,2.260469, UNIP5,UNIP5.SA
2021-08-18,2.712563, UNIP5,UNIP5.SA
2021-11-18,2.712564, UNIP5,UNIP5.SA
2021-12-22,4.068845, UNIP5,UNIP5.SA
2022-04-22,2.486517, UNIP5,UNIP5.SA
2022-07-27,1.13276, UNIP5,UNIP5.SA
2022-08-17,4.531038, UNIP5,UNIP5.SA
2022-11-17,4.535148, UNIP5,UNIP5.SA
2023-04-24,1.804081, UNIP5,UNIP5.SA
2023-12-19,1.421145, UNIP5,UNIP5.SA
2024-03-20,1.348105, UNIP5,UNIP5.SA
2024-11-21,2.739537, UNIP5,UNIP5.SA
2025-03-19,2.29791, UNIP5,UNIP5.SA
2025-08-13,3.70103, UNIP5,UNIP5.SA
2012-08-15,0.013688, UNIP6,UNIP6.SA
2013-04-30,0.049169, UNIP6,UNIP6.SA
2014-04-30,0.126013, UNIP6,UNIP6.SA
2015-04-16,0.160632, UNIP6,UNIP6.SA
2016-05-02,0.206045, UNIP6,UNIP6.SA
2017-05-02,0.233256, UNIP6,UNIP6.SA
2017-07-28,3.01622, UNIP6,UNIP6.SA
2017-08-02,0.024617, UNIP6,UNIP6.SA
2018-04-19,0.757468, UNIP6,UNIP6.SA
2018-10-19,1.002137, UNIP6,UNIP6.SA
2019-04-18,0.214614, UNIP6,UNIP6.SA
2020-04-13,0.358173, UNIP6,UNIP6.SA
2020-11-17,0.650801, UNIP6,UNIP6.SA
2021-04-22,1.009679, UNIP6,UNIP6.SA
2021-06-02,2.260469, UNIP6,UNIP6.SA
2021-08-18,2.712563, UNIP6,UNIP6.SA
2021-11-18,2.712564, UNIP6,UNIP6.SA
2021-12-22,4.068845, UNIP6,UNIP6.SA
2022-04-22,2.486517, UNIP6,UNIP6.SA
2022-07-27,1.13276, UNIP6,UNIP6.SA
2022-08-17,4.531038, UNIP6,UNIP6.SA
2022-11-17,4.535148, UNIP6,UNIP6.SA
2023-04-24,1.742562, UNIP6,UNIP6.SA
2023-12-19,1.421145, UNIP6,UNIP6.SA
2024-03-20,1.348105, UNIP6,UNIP6.SA
2024-11-21,2.739537, UNIP6,UNIP6.SA
2025-03-19,2.29791, UNIP6,UNIP6.SA
2025-08-13,3.70103, UNIP6,UNIP6.SA
2007-12-28,0.333513, USIM5,USIM5.SA
2008-03-27,0.3147, USIM5,USIM5.SA
2008-08-21,0.56105, USIM5,USIM5.SA
2008-12-30,0.398305, USIM5,USIM5.SA
2009-03-06,0.248375, USIM5,USIM5.SA
2009-08-04,0.09547, USIM5,USIM5.SA
2009-12-30,0.32714, USIM5,USIM5.SA
2010-03-26,0.076865, USIM5,USIM5.SA
2010-10-08,0.244485, USIM5,USIM5.SA
2011-03-22,0.150599, USIM5,USIM5.SA
2012-03-20,0.086646, USIM5,USIM5.SA
2015-04-29,0.032668, USIM5,USIM5.SA
2018-04-26,0.047531, USIM5,USIM5.SA
2019-01-08,0.079187, USIM5,USIM5.SA
2019-04-24,0.068897, USIM5,USIM5.SA
2019-07-04,0.011323, USIM5,USIM5.SA
2020-04-29,0.04345, USIM5,USIM5.SA
2021-04-30,0.131916, USIM5,USIM5.SA
2021-05-26,0.005046, USIM5,USIM5.SA
2021-09-01,1.095799, USIM5,USIM5.SA
2021-12-16,0.192953, USIM5,USIM5.SA
2022-04-29,0.629128, USIM5,USIM5.SA
2023-04-28,0.328767, USIM5,USIM5.SA
2024-04-26,0.283058, USIM5,USIM5.SA
2010-10-27,0.42618, WHRL4,WHRL4.SA
2011-12-06,0.1739, WHRL4,WHRL4.SA
2012-10-31,0.22689, WHRL4,WHRL4.SA
2013-10-29,0.38563, WHRL4,WHRL4.SA
2014-06-04,0.3995, WHRL4,WHRL4.SA
2014-11-06,0.30158, WHRL4,WHRL4.SA
2014-12-10,0.0887, WHRL4,WHRL4.SA
2015-11-11,0.13837, WHRL4,WHRL4.SA
2017-04-28,0.0554, WHRL4,WHRL4.SA
2017-08-04,0.27069, WHRL4,WHRL4.SA
2017-11-08,0.23062, WHRL4,WHRL4.SA
2018-12-13,0.14902, WHRL4,WHRL4.SA
2019-07-12,0.57477, WHRL4,WHRL4.SA
2020-04-17,1.06439, WHRL4,WHRL4.SA
2020-12-09,0.26965, WHRL4,WHRL4.SA
2021-05-20,0.21288, WHRL4,WHRL4.SA
2021-11-24,0.43286, WHRL4,WHRL4.SA
2022-12-07,0.2058, WHRL4,WHRL4.SA
2023-12-07,0.3745, WHRL4,WHRL4.SA
2024-09-16,0.222305, WHRL4,WHRL4.SA
2024-12-06,0.195137, WHRL4,WHRL4.SA
2025-04-28,0.237712, WHRL4,WHRL4.SA
2025-06-13,0.134822, WHRL4,WHRL4.SA
2025-09-08,0.092246, WHRL4,WHRL4.SA
2010-05-03,0.181456, WLMM4,WLMM4.SA
2010-10-08,0.3531, WLMM4,WLMM4.SA
2011-05-02,0.034936, WLMM4,WLMM4.SA
2012-02-17,0.4444, WLMM4,WLMM4.SA
2013-05-02,0.429698, WLMM4,WLMM4.SA
2013-12-18,0.40106, WLMM4,WLMM4.SA
2014-05-02,0.21485, WLMM4,WLMM4.SA
2015-05-04,0.358094, WLMM4,WLMM4.SA
2015-09-18,1.038868, WLMM4,WLMM4.SA
2016-05-02,0.51062, WLMM4,WLMM4.SA
2019-05-02,0.20857, WLMM4,WLMM4.SA
2020-05-04,0.35172, WLMM4,WLMM4.SA
2021-04-07,0.08307, WLMM4,WLMM4.SA
2021-05-03,0.37855, WLMM4,WLMM4.SA
2021-07-06,0.08307, WLMM4,WLMM4.SA
2021-10-11,0.08307, WLMM4,WLMM4.SA
2022-01-10,0.12892, WLMM4,WLMM4.SA
2022-04-05,0.094534, WLMM4,WLMM4.SA
2022-05-02,0.5563, WLMM4,WLMM4.SA
2022-06-24,0.29355, WLMM4,WLMM4.SA
2022-07-07,0.094534, WLMM4,WLMM4.SA
2022-10-18,0.143233, WLMM4,WLMM4.SA
2023-01-09,0.286466, WLMM4,WLMM4.SA
2023-05-02,0.4389, WLMM4,WLMM4.SA
2023-08-09,0.229173, WLMM4,WLMM4.SA
2023-11-13,0.229173, WLMM4,WLMM4.SA
2024-02-09,0.229173, WLMM4,WLMM4.SA
2024-04-30,0.72955, WLMM4,WLMM4.SA
2024-08-13,0.229173, WLMM4,WLMM4.SA
2024-11-11,0.200526, WLMM4,WLMM4.SA
2025-02-17,0.229173, WLMM4,WLMM4.SA
2025-04-30,0.95419, WLMM4,WLMM4.SA
2025-09-10,0.358082, WLMM4,WLMM4.SA
2019-04-26,0.084538,AALR3,AALR3.SA
2020-04-28,0.087297,AALR3,AALR3.SA
2007-12-11,0.016302,ABEV3,ABEV3.SA
2008-04-15,0.066725,ABEV3,ABEV3.SA
2008-07-17,0.059253,ABEV3,ABEV3.SA
2008-09-30,0.050124,ABEV3,ABEV3.SA
2009-01-15,0.02649,ABEV3,ABEV3.SA
2009-04-23,0.016382,ABEV3,ABEV3.SA
2009-07-06,0.044071,ABEV3,ABEV3.SA
2009-09-16,0.052441,ABEV3,ABEV3.SA
2009-12-03,0.077473,ABEV3,ABEV3.SA
2010-03-19,0.059234,ABEV3,ABEV3.SA
2010-09-29,0.031585,ABEV3,ABEV3.SA
2010-09-30,0.063169,ABEV3,ABEV3.SA
2010-12-01,0.020377,ABEV3,ABEV3.SA
2011-03-04,0.111874,ABEV3,ABEV3.SA
2011-07-01,0.085741,ABEV3,ABEV3.SA
2011-10-03,0.1443,ABEV3,ABEV3.SA
2012-03-01,0.150496,ABEV3,ABEV3.SA
2012-06-22,0.073193,ABEV3,ABEV3.SA
2012-10-01,0.10269,ABEV3,ABEV3.SA
2012-12-27,0.180682,ABEV3,ABEV3.SA
2013-02-28,0.127188,ABEV3,ABEV3.SA
2013-09-16,0.129988,ABEV3,ABEV3.SA
2014-01-15,0.253977,ABEV3,ABEV3.SA
2014-04-03,0.059994,ABEV3,ABEV3.SA
2014-07-29,0.16,ABEV3,ABEV3.SA
2014-10-28,0.22,ABEV3,ABEV3.SA
2015-01-02,0.13,ABEV3,ABEV3.SA
2015-01-08,0.96,ABEV3,ABEV3.SA
2015-03-02,0.09,ABEV3,ABEV3.SA
2015-06-02,0.1,ABEV3,ABEV3.SA
2015-09-09,0.15,ABEV3,ABEV3.SA
2015-12-22,0.15,ABEV3,ABEV3.SA
2016-02-01,0.13,ABEV3,ABEV3.SA
2016-07-12,0.13,ABEV3,ABEV3.SA
2016-11-01,0.16,ABEV3,ABEV3.SA
2016-12-22,0.22,ABEV3,ABEV3.SA
2017-01-24,0.07,ABEV3,ABEV3.SA
2017-06-26,0.16,ABEV3,ABEV3.SA
2017-12-19,0.31,ABEV3,ABEV3.SA
2018-02-01,0.07,ABEV3,ABEV3.SA
2018-06-18,0.16,ABEV3,ABEV3.SA
2018-12-19,0.32,ABEV3,ABEV3.SA
2019-12-20,0.4906,ABEV3,ABEV3.SA
2020-12-18,0.4137,ABEV3,ABEV3.SA
2021-01-14,0.0767,ABEV3,ABEV3.SA
2021-12-20,0.6036,ABEV3,ABEV3.SA
2022-12-20,0.7623,ABEV3,ABEV3.SA
2023-12-20,0.7302,ABEV3,ABEV3.SA
2024-12-20,0.6676,ABEV3,ABEV3.SA
2025-03-17,0.1276,ABEV3,ABEV3.SA
2025-05-16,0.128,ABEV3,ABEV3.SA
2025-08-08,0.2566,ABEV3,ABEV3.SA
2022-03-28,0.41404,AERI3,AERI3.SA
2008-10-30,0.019349,AGRO3,AGRO3.SA
2013-12-19,0.100704,AGRO3,AGRO3.SA
2015-10-29,1.3977,AGRO3,AGRO3.SA
2016-10-24,0.182998,AGRO3,AGRO3.SA
2016-11-08,0.401082,AGRO3,AGRO3.SA
2017-10-03,0.241108,AGRO3,AGRO3.SA
2018-10-17,0.762051,AGRO3,AGRO3.SA
2019-10-17,0.92933,AGRO3,AGRO3.SA
2020-10-19,0.709664,AGRO3,AGRO3.SA
2021-10-28,2.621181,AGRO3,AGRO3.SA
2022-04-08,2.016293,AGRO3,AGRO3.SA
2022-10-28,3.238673,AGRO3,AGRO3.SA
2023-10-25,3.212353,AGRO3,AGRO3.SA
2024-10-23,1.555983,AGRO3,AGRO3.SA
2021-09-16,0.463642,ALLD3,ALLD3.SA
2021-12-17,0.29731,ALLD3,ALLD3.SA
2022-05-02,0.570983,ALLD3,ALLD3.SA
2022-12-28,0.353999,ALLD3,ALLD3.SA
2023-12-20,0.965452,ALLD3,ALLD3.SA
2024-04-16,1.069763,ALLD3,ALLD3.SA
2024-12-09,1.297059,ALLD3,ALLD3.SA
2025-08-18,0.737651,ALLD3,ALLD3.SA
2021-04-29,0.226403,ALOS3,ALOS3.SA
2022-05-03,0.383932,ALOS3,ALOS3.SA
2023-05-02,0.519014,ALOS3,ALOS3.SA
2024-05-02,1.119397,ALOS3,ALOS3.SA
2024-10-07,0.095312,ALOS3,ALOS3.SA
2024-10-22,0.096151,ALOS3,ALOS3.SA
2024-11-19,0.096451,ALOS3,ALOS3.SA
2024-12-23,0.12011,ALOS3,ALOS3.SA
2025-01-24,0.09091,ALOS3,ALOS3.SA
2025-02-21,0.09135,ALOS3,ALOS3.SA
2025-03-24,0.101603,ALOS3,ALOS3.SA
2025-04-23,0.101521,ALOS3,ALOS3.SA
2025-05-23,0.101521,ALOS3,ALOS3.SA
2025-08-22,0.102164,ALOS3,ALOS3.SA
2025-09-24,0.102165,ALOS3,ALOS3.SA
2007-11-23,0.019414,ALPA3,ALPA3.SA
2008-03-25,0.022539,ALPA3,ALPA3.SA
2008-05-26,0.007156,ALPA3,ALPA3.SA
2008-08-26,0.021698,ALPA3,ALPA3.SA
2008-11-24,0.042855,ALPA3,ALPA3.SA
2009-03-23,0.024042,ALPA3,ALPA3.SA
2009-05-25,0.008024,ALPA3,ALPA3.SA
2009-08-24,0.008114,ALPA3,ALPA3.SA
2009-11-23,0.162284,ALPA3,ALPA3.SA
2010-03-19,0.019775,ALPA3,ALPA3.SA
2010-05-24,0.02799,ALPA3,ALPA3.SA
2010-11-22,0.022952,ALPA3,ALPA3.SA
2011-03-28,0.067054,ALPA3,ALPA3.SA
2011-05-23,0.03293,ALPA3,ALPA3.SA
2011-08-22,0.033918,ALPA3,ALPA3.SA
2011-11-21,0.03046,ALPA3,ALPA3.SA
2012-03-20,0.035565,ALPA3,ALPA3.SA
2012-05-14,0.035894,ALPA3,ALPA3.SA
2012-08-13,0.033918,ALPA3,ALPA3.SA
2012-11-19,0.034577,ALPA3,ALPA3.SA
2013-03-25,0.07755,ALPA3,ALPA3.SA
2013-05-20,0.032766,ALPA3,ALPA3.SA
2013-11-18,0.035894,ALPA3,ALPA3.SA
2014-03-24,0.053841,ALPA3,ALPA3.SA
2014-05-19,0.038693,ALPA3,ALPA3.SA
2014-08-18,0.039648,ALPA3,ALPA3.SA
2014-11-17,0.023038,ALPA3,ALPA3.SA
2015-03-16,0.332985,ALPA3,ALPA3.SA
2015-05-18,0.04558,ALPA3,ALPA3.SA
2015-09-08,0.050542,ALPA3,ALPA3.SA
2015-10-01,0.124283,ALPA3,ALPA3.SA
2015-11-23,0.049714,ALPA3,ALPA3.SA
2015-12-08,0.150797,ALPA3,ALPA3.SA
2016-03-14,0.03512,ALPA3,ALPA3.SA
2016-05-16,0.029019,ALPA3,ALPA3.SA
2016-08-15,0.052597,ALPA3,ALPA3.SA
2016-11-14,0.101897,ALPA3,ALPA3.SA
2017-03-20,0.062985,ALPA3,ALPA3.SA
2017-05-15,0.060017,ALPA3,ALPA3.SA
2017-08-14,0.06183,ALPA3,ALPA3.SA
2017-11-21,0.062985,ALPA3,ALPA3.SA
2018-02-22,0.160658,ALPA3,ALPA3.SA
2018-03-05,0.06216,ALPA3,ALPA3.SA
2018-05-21,0.058202,ALPA3,ALPA3.SA
2018-08-20,0.061995,ALPA3,ALPA3.SA
2020-02-17,0.05019,ALPA3,ALPA3.SA
2021-11-04,0.247202,ALPA3,ALPA3.SA
2022-01-03,0.148322,ALPA3,ALPA3.SA
2025-02-28,0.096733,ALPA3,ALPA3.SA
2017-04-26,0.151865,ALUP3,ALUP3.SA
2018-02-02,0.06223,ALUP3,ALUP3.SA
2018-04-27,0.09779,ALUP3,ALUP3.SA
2018-12-07,0.05334,ALUP3,ALUP3.SA
2019-04-30,0.133349,ALUP3,ALUP3.SA
2020-04-28,0.204469,ALUP3,ALUP3.SA
2021-04-28,0.248919,ALUP3,ALUP3.SA
2022-04-12,0.364489,ALUP3,ALUP3.SA
2023-04-18,0.443787,ALUP3,ALUP3.SA
2023-05-16,0.036982,ALUP3,ALUP3.SA
2023-08-17,0.036982,ALUP3,ALUP3.SA
2023-11-17,0.036982,ALUP3,ALUP3.SA
2024-04-22,0.25,ALUP3,ALUP3.SA
2024-05-17,0.067308,ALUP3,ALUP3.SA
2024-08-19,0.057692,ALUP3,ALUP3.SA
2024-11-18,0.076923,ALUP3,ALUP3.SA
2025-04-17,0.08,ALUP3,ALUP3.SA
2025-05-16,0.07,ALUP3,ALUP3.SA
2025-08-15,0.07,ALUP3,ALUP3.SA
2010-04-19,0.426424,AMAR3,AMAR3.SA
2010-05-11,0.55774,AMAR3,AMAR3.SA
2010-08-04,0.622463,AMAR3,AMAR3.SA
2010-11-29,0.200284,AMAR3,AMAR3.SA
2010-12-13,0.200284,AMAR3,AMAR3.SA
2011-04-20,0.290781,AMAR3,AMAR3.SA
2011-05-23,0.275424,AMAR3,AMAR3.SA
2011-07-19,2.230956,AMAR3,AMAR3.SA
2012-04-20,0.701037,AMAR3,AMAR3.SA
2012-11-30,0.85697,AMAR3,AMAR3.SA
2013-04-19,0.475955,AMAR3,AMAR3.SA
2014-04-22,0.450617,AMAR3,AMAR3.SA
2015-04-30,0.269227,AMAR3,AMAR3.SA
2021-05-03,0.008481,AMBP3,AMBP3.SA
2022-05-05,0.027276,AMBP3,AMBP3.SA
2023-05-16,0.012068,AMBP3,AMBP3.SA
2014-05-02,0.036667,ANIM3,ANIM3.SA
2015-03-31,0.1576,ANIM3,ANIM3.SA
2016-04-26,0.0625,ANIM3,ANIM3.SA
2017-04-27,0.020633,ANIM3,ANIM3.SA
2018-04-26,0.084533,ANIM3,ANIM3.SA
2019-04-26,0.0023,ANIM3,ANIM3.SA
2024-08-14,0.47127,ANIM3,ANIM3.SA
2025-04-25,0.05354,ANIM3,ANIM3.SA
2022-05-04,0.1,AURE3,AURE3.SA
2023-05-05,1.5,AURE3,AURE3.SA
2023-12-11,1.5,AURE3,AURE3.SA
2024-03-04,0.4,AURE3,AURE3.SA
2025-04-25,0.057033,AURE3,AURE3.SA
2014-12-08,0.085152,AZEV3,AZEV3.SA
2015-05-04,0.030556,AZEV3,AZEV3.SA
2015-12-14,0.126284,AZEV3,AZEV3.SA
2008-08-26,0.024332,B3SA3,B3SA3.SA
2009-01-02,0.023102,B3SA3,B3SA3.SA
2009-05-04,0.020682,B3SA3,B3SA3.SA
2009-05-18,0.018644,B3SA3,B3SA3.SA
2009-08-17,0.025594,B3SA3,B3SA3.SA
2009-11-13,0.024963,B3SA3,B3SA3.SA
2009-12-23,0.002827,B3SA3,B3SA3.SA
2010-03-01,0.004236,B3SA3,B3SA3.SA
2010-03-31,0.008469,B3SA3,B3SA3.SA
2010-05-03,0.041201,B3SA3,B3SA3.SA
2010-05-13,0.019332,B3SA3,B3SA3.SA
2010-08-24,0.039339,B3SA3,B3SA3.SA
2010-11-12,0.0397,B3SA3,B3SA3.SA
2010-12-22,0.004578,B3SA3,B3SA3.SA
2011-02-22,0.007212,B3SA3,B3SA3.SA
2011-05-03,0.068908,B3SA3,B3SA3.SA
2011-06-22,0.028394,B3SA3,B3SA3.SA
2011-08-29,0.04058,B3SA3,B3SA3.SA
2011-11-18,0.04038,B3SA3,B3SA3.SA
2012-03-30,0.03914,B3SA3,B3SA3.SA
2012-05-15,0.03872,B3SA3,B3SA3.SA
2012-08-10,0.041459,B3SA3,B3SA3.SA
2012-11-22,0.038179,B3SA3,B3SA3.SA
2013-04-18,0.067079,B3SA3,B3SA3.SA
2013-05-22,0.036836,B3SA3,B3SA3.SA
2013-08-22,0.048981,B3SA3,B3SA3.SA
2013-11-12,0.039447,B3SA3,B3SA3.SA
2014-05-20,0.037179,B3SA3,B3SA3.SA
2014-06-13,0.026158,B3SA3,B3SA3.SA
2014-08-12,0.03646,B3SA3,B3SA3.SA
2014-11-18,0.034938,B3SA3,B3SA3.SA
2015-04-16,0.034388,B3SA3,B3SA3.SA
2015-05-19,0.04137,B3SA3,B3SA3.SA
2015-08-24,0.047583,B3SA3,B3SA3.SA
2015-11-24,0.058852,B3SA3,B3SA3.SA
2015-12-14,0.084171,B3SA3,B3SA3.SA
2016-05-24,0.031658,B3SA3,B3SA3.SA
2016-08-23,0.040206,B3SA3,B3SA3.SA
2016-11-22,0.027363,B3SA3,B3SA3.SA
2016-12-22,0.06863,B3SA3,B3SA3.SA
2017-05-23,0.022958,B3SA3,B3SA3.SA
2017-08-22,0.013341,B3SA3,B3SA3.SA
2017-11-22,0.027486,B3SA3,B3SA3.SA
2017-12-22,0.087127,B3SA3,B3SA3.SA
2018-04-24,0.032643,B3SA3,B3SA3.SA
2018-06-28,0.073716,B3SA3,B3SA3.SA
2018-09-24,0.058709,B3SA3,B3SA3.SA
2018-12-26,0.068975,B3SA3,B3SA3.SA
2019-03-27,0.064317,B3SA3,B3SA3.SA
2019-06-26,0.06349,B3SA3,B3SA3.SA
2019-07-05,0.034401,B3SA3,B3SA3.SA
2019-09-25,0.10587,B3SA3,B3SA3.SA
2020-01-02,0.117948,B3SA3,B3SA3.SA
2020-03-26,0.209965,B3SA3,B3SA3.SA
2020-07-01,0.048932,B3SA3,B3SA3.SA
2020-09-25,0.265538,B3SA3,B3SA3.SA
2021-01-04,0.1858,B3SA3,B3SA3.SA
2021-03-25,0.326287,B3SA3,B3SA3.SA
2021-03-29,0.038161,B3SA3,B3SA3.SA
2021-06-30,0.214651,B3SA3,B3SA3.SA
2021-12-21,0.149451,B3SA3,B3SA3.SA
2022-01-03,0.049777,B3SA3,B3SA3.SA
2022-03-25,0.181475,B3SA3,B3SA3.SA
2022-06-29,0.130776,B3SA3,B3SA3.SA
2022-09-23,0.082875,B3SA3,B3SA3.SA
2022-12-23,0.024203,B3SA3,B3SA3.SA
2023-01-02,0.063981,B3SA3,B3SA3.SA
2023-02-24,0.036728,B3SA3,B3SA3.SA
2023-03-29,0.06023,B3SA3,B3SA3.SA
2023-06-28,0.115354,B3SA3,B3SA3.SA
2023-09-22,0.10571,B3SA3,B3SA3.SA
2024-01-02,0.100519,B3SA3,B3SA3.SA
2024-02-28,0.0669,B3SA3,B3SA3.SA
2024-03-27,0.052453,B3SA3,B3SA3.SA
2024-06-19,0.086087,B3SA3,B3SA3.SA
2024-09-25,0.095661,B3SA3,B3SA3.SA
2025-01-02,0.064034,B3SA3,B3SA3.SA
2025-03-26,0.062828,B3SA3,B3SA3.SA
2025-06-24,0.07282,B3SA3,B3SA3.SA
2025-09-24,0.078292,B3SA3,B3SA3.SA
2009-04-30,0.02325,BALM3,BALM3.SA
2010-05-03,0.092,BALM3,BALM3.SA
2012-05-02,0.023,BALM3,BALM3.SA
2013-04-29,0.16875,BALM3,BALM3.SA
2013-05-02,0.023,BALM3,BALM3.SA
2014-05-02,0.09525,BALM3,BALM3.SA
2015-05-04,0.35,BALM3,BALM3.SA
2016-01-04,0.12,BALM3,BALM3.SA
2016-05-02,0.09,BALM3,BALM3.SA
2017-05-02,0.15,BALM3,BALM3.SA
2018-05-02,0.12,BALM3,BALM3.SA
2019-05-02,0.14,BALM3,BALM3.SA
2020-08-06,0.26,BALM3,BALM3.SA
2021-05-03,0.34,BALM3,BALM3.SA
2022-05-02,0.251416,BALM3,BALM3.SA
2023-01-05,0.105882,BALM3,BALM3.SA
2023-05-02,0.11,BALM3,BALM3.SA
2023-12-06,0.776471,BALM3,BALM3.SA
2024-12-20,0.717647,BALM3,BALM3.SA
2025-05-07,0.64,BALM3,BALM3.SA
2025-10-03,0.929412,BALM3,BALM3.SA
2008-05-15,0.112108,BBAS3,BBAS3.SA
2009-06-23,0.090111,BBAS3,BBAS3.SA
2009-08-14,0.095437,BBAS3,BBAS3.SA
2009-09-22,0.092699,BBAS3,BBAS3.SA
2009-11-13,0.061449,BBAS3,BBAS3.SA
2009-12-22,0.094522,BBAS3,BBAS3.SA
2010-02-26,0.234099,BBAS3,BBAS3.SA
2010-03-25,0.100859,BBAS3,BBAS3.SA
2010-05-24,0.086456,BBAS3,BBAS3.SA
2010-05-25,0.103933,BBAS3,BBAS3.SA
2010-08-19,0.100325,BBAS3,BBAS3.SA
2010-09-23,0.100122,BBAS3,BBAS3.SA
2010-11-23,0.065712,BBAS3,BBAS3.SA
2010-12-23,0.101883,BBAS3,BBAS3.SA
2011-02-22,0.16309,BBAS3,BBAS3.SA
2011-03-23,0.107548,BBAS3,BBAS3.SA
2011-05-20,0.078481,BBAS3,BBAS3.SA
2011-06-22,0.131216,BBAS3,BBAS3.SA
2011-08-19,0.106038,BBAS3,BBAS3.SA
2011-09-22,0.139091,BBAS3,BBAS3.SA
2011-11-18,0.062943,BBAS3,BBAS3.SA
2011-12-22,0.140221,BBAS3,BBAS3.SA
2012-02-17,0.078498,BBAS3,BBAS3.SA
2012-03-23,0.14664,BBAS3,BBAS3.SA
2012-05-11,0.031655,BBAS3,BBAS3.SA
2012-06-22,0.14912,BBAS3,BBAS3.SA
2012-08-22,0.062033,BBAS3,BBAS3.SA
2012-09-12,0.142911,BBAS3,BBAS3.SA
2012-11-19,0.053466,BBAS3,BBAS3.SA
2012-12-13,0.148589,BBAS3,BBAS3.SA
2013-03-04,0.13066,BBAS3,BBAS3.SA
2013-03-12,0.132464,BBAS3,BBAS3.SA
2013-05-22,0.049105,BBAS3,BBAS3.SA
2013-06-12,0.140991,BBAS3,BBAS3.SA
2013-08-23,0.390436,BBAS3,BBAS3.SA
2013-09-12,0.156886,BBAS3,BBAS3.SA
2013-11-22,0.033308,BBAS3,BBAS3.SA
2013-12-12,0.154643,BBAS3,BBAS3.SA
2014-02-14,0.066078,BBAS3,BBAS3.SA
2014-03-12,0.157319,BBAS3,BBAS3.SA
2014-05-20,0.040609,BBAS3,BBAS3.SA
2014-06-13,0.160521,BBAS3,BBAS3.SA
2014-08-20,0.03939,BBAS3,BBAS3.SA
2014-09-12,0.168261,BBAS3,BBAS3.SA
2014-11-17,0.027859,BBAS3,BBAS3.SA
2014-12-12,0.169975,BBAS3,BBAS3.SA
2015-02-20,0.0456,BBAS3,BBAS3.SA
2015-03-24,0.188496,BBAS3,BBAS3.SA
2015-05-22,0.225569,BBAS3,BBAS3.SA
2015-06-12,0.144947,BBAS3,BBAS3.SA
2015-08-24,0.07052,BBAS3,BBAS3.SA
2015-09-14,0.133039,BBAS3,BBAS3.SA
2015-11-24,0.085403,BBAS3,BBAS3.SA
2015-12-14,0.137246,BBAS3,BBAS3.SA
2016-03-03,0.045284,BBAS3,BBAS3.SA
2016-03-14,0.049143,BBAS3,BBAS3.SA
2016-05-24,0.066842,BBAS3,BBAS3.SA
2016-06-14,0.068878,BBAS3,BBAS3.SA
2016-08-23,0.069983,BBAS3,BBAS3.SA
2016-09-13,0.063326,BBAS3,BBAS3.SA
2016-11-22,0.054936,BBAS3,BBAS3.SA
2016-12-13,0.038466,BBAS3,BBAS3.SA
2017-03-02,0.012954,BBAS3,BBAS3.SA
2017-03-14,0.036058,BBAS3,BBAS3.SA
2017-05-23,0.09147,BBAS3,BBAS3.SA
2017-06-13,0.039287,BBAS3,BBAS3.SA
2017-08-22,0.102152,BBAS3,BBAS3.SA
2017-09-12,0.038146,BBAS3,BBAS3.SA
2017-11-22,0.111619,BBAS3,BBAS3.SA
2017-12-12,0.041299,BBAS3,BBAS3.SA
2018-03-02,0.122835,BBAS3,BBAS3.SA
2018-03-13,0.040855,BBAS3,BBAS3.SA
2018-05-22,0.106977,BBAS3,BBAS3.SA
2018-06-12,0.038602,BBAS3,BBAS3.SA
2018-08-22,0.134831,BBAS3,BBAS3.SA
2018-09-12,0.042746,BBAS3,BBAS3.SA
2018-11-22,0.416893,BBAS3,BBAS3.SA
2018-12-12,0.062835,BBAS3,BBAS3.SA
2019-02-22,0.295944,BBAS3,BBAS3.SA
2019-03-12,0.078062,BBAS3,BBAS3.SA
2019-05-22,0.207419,BBAS3,BBAS3.SA
2019-06-12,0.085527,BBAS3,BBAS3.SA
2019-08-22,0.223078,BBAS3,BBAS3.SA
2019-09-12,0.116478,BBAS3,BBAS3.SA
2019-11-22,0.182521,BBAS3,BBAS3.SA
2019-12-12,0.088087,BBAS3,BBAS3.SA
2020-02-26,0.219441,BBAS3,BBAS3.SA
2020-03-12,0.09071,BBAS3,BBAS3.SA
2020-08-24,0.220994,BBAS3,BBAS3.SA
2020-09-14,0.051431,BBAS3,BBAS3.SA
2020-11-17,0.097387,BBAS3,BBAS3.SA
2020-12-14,0.058492,BBAS3,BBAS3.SA
2021-02-23,0.217932,BBAS3,BBAS3.SA
2021-03-12,0.072857,BBAS3,BBAS3.SA
2021-05-24,0.207223,BBAS3,BBAS3.SA
2021-06-14,0.08426,BBAS3,BBAS3.SA
2021-08-24,0.174144,BBAS3,BBAS3.SA
2021-09-14,0.09237,BBAS3,BBAS3.SA
2021-11-23,0.196852,BBAS3,BBAS3.SA
2021-12-14,0.087496,BBAS3,BBAS3.SA
2022-03-03,0.412361,BBAS3,BBAS3.SA
2022-03-15,0.105314,BBAS3,BBAS3.SA
2022-05-24,0.336536,BBAS3,BBAS3.SA
2022-06-14,0.125143,BBAS3,BBAS3.SA
2022-08-23,0.393969,BBAS3,BBAS3.SA
2022-09-13,0.136868,BBAS3,BBAS3.SA
2022-11-22,0.402342,BBAS3,BBAS3.SA
2022-12-13,0.172763,BBAS3,BBAS3.SA
2023-02-24,0.413441,BBAS3,BBAS3.SA
2023-03-14,0.176018,BBAS3,BBAS3.SA
2023-06-02,0.388714,BBAS3,BBAS3.SA
2023-06-13,0.169316,BBAS3,BBAS3.SA
2023-08-22,0.407864,BBAS3,BBAS3.SA
2023-09-12,0.167099,BBAS3,BBAS3.SA
2023-12-12,0.171153,BBAS3,BBAS3.SA
2024-03-12,0.205018,BBAS3,BBAS3.SA
2024-06-12,0.457947,BBAS3,BBAS3.SA
2024-06-14,0.20424,BBAS3,BBAS3.SA
2024-08-22,0.474655,BBAS3,BBAS3.SA
2024-09-12,0.186602,BBAS3,BBAS3.SA
2024-11-26,0.483304,BBAS3,BBAS3.SA
2024-12-12,0.176491,BBAS3,BBAS3.SA
2025-03-12,0.640422,BBAS3,BBAS3.SA
2025-06-03,0.424705,BBAS3,BBAS3.SA
2008-01-03,0.001759,BBDC3,BBDC3.SA
2008-02-06,0.001759,BBDC3,BBDC3.SA
2008-03-04,0.001759,BBDC3,BBDC3.SA
2008-04-02,0.001173,BBDC3,BBDC3.SA
2008-05-05,0.00352,BBDC3,BBDC3.SA
2008-06-03,0.003519,BBDC3,BBDC3.SA
2008-06-30,0.035189,BBDC3,BBDC3.SA
2008-07-02,0.00352,BBDC3,BBDC3.SA
2008-08-04,0.00352,BBDC3,BBDC3.SA
2008-09-02,0.00352,BBDC3,BBDC3.SA
2008-10-02,0.00352,BBDC3,BBDC3.SA
2009-02-03,0.038706,BBDC3,BBDC3.SA
2009-03-03,0.003871,BBDC3,BBDC3.SA
2009-05-05,0.003871,BBDC3,BBDC3.SA
2009-06-02,0.003871,BBDC3,BBDC3.SA
2009-07-02,0.003871,BBDC3,BBDC3.SA
2009-07-06,0.038706,BBDC3,BBDC3.SA
2009-08-04,0.003871,BBDC3,BBDC3.SA
2009-09-02,0.003871,BBDC3,BBDC3.SA
2009-10-02,0.003871,BBDC3,BBDC3.SA
2009-11-04,0.003871,BBDC3,BBDC3.SA
2009-12-02,0.004257,BBDC3,BBDC3.SA
2009-12-07,0.124381,BBDC3,BBDC3.SA
2010-01-05,0.003871,BBDC3,BBDC3.SA
2010-02-02,0.004258,BBDC3,BBDC3.SA
2010-02-11,0.006906,BBDC3,BBDC3.SA
2010-03-02,0.004258,BBDC3,BBDC3.SA
2010-04-05,0.004258,BBDC3,BBDC3.SA
2010-05-04,0.004258,BBDC3,BBDC3.SA
2010-06-02,0.004258,BBDC3,BBDC3.SA
2010-06-29,0.042577,BBDC3,BBDC3.SA
2010-07-02,0.004258,BBDC3,BBDC3.SA
2010-08-03,0.004683,BBDC3,BBDC3.SA
2010-09-02,0.004683,BBDC3,BBDC3.SA
2010-10-04,0.004683,BBDC3,BBDC3.SA
2010-11-03,0.004683,BBDC3,BBDC3.SA
2010-12-02,0.004683,BBDC3,BBDC3.SA
2010-12-07,0.145294,BBDC3,BBDC3.SA
2011-01-04,0.004687,BBDC3,BBDC3.SA
2011-02-02,0.004687,BBDC3,BBDC3.SA
2011-02-14,0.028283,BBDC3,BBDC3.SA
2011-03-02,0.004687,BBDC3,BBDC3.SA
2011-04-04,0.004687,BBDC3,BBDC3.SA
2011-05-03,0.004687,BBDC3,BBDC3.SA
2011-06-02,0.004687,BBDC3,BBDC3.SA
2011-06-28,0.05514,BBDC3,BBDC3.SA
2011-07-04,0.004687,BBDC3,BBDC3.SA
2011-08-02,0.004687,BBDC3,BBDC3.SA
2011-09-02,0.005156,BBDC3,BBDC3.SA
2011-10-04,0.005156,BBDC3,BBDC3.SA
2011-11-03,0.005156,BBDC3,BBDC3.SA
2011-12-02,0.005156,BBDC3,BBDC3.SA
2011-12-13,0.204294,BBDC3,BBDC3.SA
2012-01-03,0.005156,BBDC3,BBDC3.SA
2012-02-02,0.005156,BBDC3,BBDC3.SA
2012-03-02,0.005156,BBDC3,BBDC3.SA
2012-04-03,0.005671,BBDC3,BBDC3.SA
2012-05-03,0.005671,BBDC3,BBDC3.SA
2012-06-04,0.005671,BBDC3,BBDC3.SA
2012-06-28,0.056713,BBDC3,BBDC3.SA
2012-07-03,0.066721,BBDC3,BBDC3.SA
2012-08-02,0.005671,BBDC3,BBDC3.SA
2012-09-04,0.005671,BBDC3,BBDC3.SA
2012-10-02,0.006672,BBDC3,BBDC3.SA
2012-11-05,0.005671,BBDC3,BBDC3.SA
2012-12-04,0.005671,BBDC3,BBDC3.SA
2012-12-26,0.181728,BBDC3,BBDC3.SA
2013-01-03,0.005671,BBDC3,BBDC3.SA
2013-02-06,0.047145,BBDC3,BBDC3.SA
2013-03-04,0.006672,BBDC3,BBDC3.SA
2013-04-02,0.006238,BBDC3,BBDC3.SA
2013-05-03,0.006238,BBDC3,BBDC3.SA
2013-06-04,0.006238,BBDC3,BBDC3.SA
2013-06-28,0.07342,BBDC3,BBDC3.SA
2013-07-02,0.007339,BBDC3,BBDC3.SA
2013-08-02,0.007339,BBDC3,BBDC3.SA
2013-09-03,0.007339,BBDC3,BBDC3.SA
2013-10-02,0.007339,BBDC3,BBDC3.SA
2013-11-04,0.007339,BBDC3,BBDC3.SA
2013-12-03,0.007339,BBDC3,BBDC3.SA
2013-12-26,0.125803,BBDC3,BBDC3.SA
2014-01-03,0.007339,BBDC3,BBDC3.SA
2014-02-04,0.007339,BBDC3,BBDC3.SA
2014-02-11,0.075579,BBDC3,BBDC3.SA
2014-03-06,0.007339,BBDC3,BBDC3.SA
2014-04-02,0.007339,BBDC3,BBDC3.SA
2014-05-05,0.007339,BBDC3,BBDC3.SA
2014-06-03,0.007339,BBDC3,BBDC3.SA
2014-06-25,0.073399,BBDC3,BBDC3.SA
2014-07-02,0.007339,BBDC3,BBDC3.SA
2014-08-04,0.007332,BBDC3,BBDC3.SA
2014-09-02,0.007332,BBDC3,BBDC3.SA
2014-10-02,0.007332,BBDC3,BBDC3.SA
2014-11-04,0.007332,BBDC3,BBDC3.SA
2014-12-02,0.007332,BBDC3,BBDC3.SA
2014-12-23,0.23022,BBDC3,BBDC3.SA
2015-01-05,0.007332,BBDC3,BBDC3.SA
2015-02-03,0.007339,BBDC3,BBDC3.SA
2015-02-10,0.055831,BBDC3,BBDC3.SA
2015-03-03,0.006728,BBDC3,BBDC3.SA
2015-04-02,0.008073,BBDC3,BBDC3.SA
2015-05-05,0.008073,BBDC3,BBDC3.SA
2015-06-02,0.008073,BBDC3,BBDC3.SA
2015-06-23,0.080791,BBDC3,BBDC3.SA
2015-07-02,0.008073,BBDC3,BBDC3.SA
2015-08-04,0.008073,BBDC3,BBDC3.SA
2015-09-02,0.008073,BBDC3,BBDC3.SA
2015-10-02,0.008073,BBDC3,BBDC3.SA
2015-11-04,0.008073,BBDC3,BBDC3.SA
2015-12-02,0.008073,BBDC3,BBDC3.SA
2015-12-17,0.359292,BBDC3,BBDC3.SA
2016-01-05,0.008114,BBDC3,BBDC3.SA
2016-02-02,0.008114,BBDC3,BBDC3.SA
2016-03-02,0.008114,BBDC3,BBDC3.SA
2016-04-04,0.008114,BBDC3,BBDC3.SA
2016-05-03,0.008926,BBDC3,BBDC3.SA
2016-06-02,0.008926,BBDC3,BBDC3.SA
2016-06-23,0.08927,BBDC3,BBDC3.SA
2016-07-04,0.008926,BBDC3,BBDC3.SA
2016-08-02,0.008926,BBDC3,BBDC3.SA
2016-09-02,0.008926,BBDC3,BBDC3.SA
2016-10-03,0.295519,BBDC3,BBDC3.SA
2016-10-04,0.008926,BBDC3,BBDC3.SA
2016-11-03,0.008926,BBDC3,BBDC3.SA
2016-12-02,0.008926,BBDC3,BBDC3.SA
2016-12-22,0.132837,BBDC3,BBDC3.SA
2017-01-03,0.008926,BBDC3,BBDC3.SA
2017-02-02,0.008926,BBDC3,BBDC3.SA
2017-03-02,0.008926,BBDC3,BBDC3.SA
2017-04-04,0.008926,BBDC3,BBDC3.SA
2017-05-03,0.009818,BBDC3,BBDC3.SA
2017-06-02,0.009818,BBDC3,BBDC3.SA
2017-07-03,0.09818,BBDC3,BBDC3.SA
2017-07-04,0.009818,BBDC3,BBDC3.SA
2017-08-02,0.009818,BBDC3,BBDC3.SA
2017-09-04,0.009818,BBDC3,BBDC3.SA
2017-10-03,0.009818,BBDC3,BBDC3.SA
2017-11-03,0.009818,BBDC3,BBDC3.SA
2017-12-04,0.009818,BBDC3,BBDC3.SA
2017-12-26,0.429424,BBDC3,BBDC3.SA
2018-01-03,0.009818,BBDC3,BBDC3.SA
2018-02-02,0.009818,BBDC3,BBDC3.SA
2018-03-02,0.009818,BBDC3,BBDC3.SA
2018-04-03,0.0108,BBDC3,BBDC3.SA
2018-05-03,0.0108,BBDC3,BBDC3.SA
2018-06-04,0.0108,BBDC3,BBDC3.SA
2018-07-02,0.10798,BBDC3,BBDC3.SA
2018-07-03,0.0108,BBDC3,BBDC3.SA
2018-08-02,0.0108,BBDC3,BBDC3.SA
2018-09-04,0.0108,BBDC3,BBDC3.SA
2018-10-02,0.0108,BBDC3,BBDC3.SA
2018-11-05,0.0108,BBDC3,BBDC3.SA
2018-12-04,0.0108,BBDC3,BBDC3.SA
2018-12-26,0.415615,BBDC3,BBDC3.SA
2019-01-03,0.0108,BBDC3,BBDC3.SA
2019-02-04,0.0108,BBDC3,BBDC3.SA
2019-03-06,0.0108,BBDC3,BBDC3.SA
2019-04-02,0.012959,BBDC3,BBDC3.SA
2019-05-03,0.012959,BBDC3,BBDC3.SA
2019-06-04,0.012959,BBDC3,BBDC3.SA
2019-07-01,0.129629,BBDC3,BBDC3.SA
2019-07-02,0.012959,BBDC3,BBDC3.SA
2019-08-02,0.012959,BBDC3,BBDC3.SA
2019-09-03,0.012959,BBDC3,BBDC3.SA
2019-10-02,0.012959,BBDC3,BBDC3.SA
2019-10-18,0.712738,BBDC3,BBDC3.SA
2019-11-04,0.012959,BBDC3,BBDC3.SA
2019-12-03,0.012959,BBDC3,BBDC3.SA
2019-12-20,0.378196,BBDC3,BBDC3.SA
2020-01-03,0.012959,BBDC3,BBDC3.SA
2020-02-04,0.012959,BBDC3,BBDC3.SA
2020-02-18,0.043736,BBDC3,BBDC3.SA
2020-03-03,0.012959,BBDC3,BBDC3.SA
2020-04-02,0.012959,BBDC3,BBDC3.SA
2020-05-05,0.014255,BBDC3,BBDC3.SA
2020-06-02,0.014255,BBDC3,BBDC3.SA
2020-07-02,0.014255,BBDC3,BBDC3.SA
2020-08-04,0.014255,BBDC3,BBDC3.SA
2020-09-02,0.014255,BBDC3,BBDC3.SA
2020-10-02,0.014255,BBDC3,BBDC3.SA
2020-11-04,0.014255,BBDC3,BBDC3.SA
2020-12-02,0.014255,BBDC3,BBDC3.SA
2020-12-29,0.312001,BBDC3,BBDC3.SA
2021-01-05,0.014255,BBDC3,BBDC3.SA
2021-02-02,0.014255,BBDC3,BBDC3.SA
2021-02-18,0.016394,BBDC3,BBDC3.SA
2021-03-02,0.014255,BBDC3,BBDC3.SA
2021-04-05,0.014255,BBDC3,BBDC3.SA
2021-05-04,0.015681,BBDC3,BBDC3.SA
2021-06-02,0.015681,BBDC3,BBDC3.SA
2021-07-02,0.015681,BBDC3,BBDC3.SA
2021-07-05,0.445461,BBDC3,BBDC3.SA
2021-08-03,0.015681,BBDC3,BBDC3.SA
2021-09-02,0.015681,BBDC3,BBDC3.SA
2021-10-04,0.015681,BBDC3,BBDC3.SA
2021-11-03,0.015681,BBDC3,BBDC3.SA
2021-12-02,0.015681,BBDC3,BBDC3.SA
2021-12-21,0.196595,BBDC3,BBDC3.SA
2022-01-04,0.015681,BBDC3,BBDC3.SA
2022-02-02,0.015681,BBDC3,BBDC3.SA
2022-03-03,0.015681,BBDC3,BBDC3.SA
2022-04-04,0.015681,BBDC3,BBDC3.SA
2022-05-03,0.017249,BBDC3,BBDC3.SA
2022-06-02,0.017249,BBDC3,BBDC3.SA
2022-06-21,0.178723,BBDC3,BBDC3.SA
2022-07-04,0.017249,BBDC3,BBDC3.SA
2022-08-02,0.017249,BBDC3,BBDC3.SA
2022-09-02,0.017249,BBDC3,BBDC3.SA
2022-10-04,0.017249,BBDC3,BBDC3.SA
2022-11-03,0.017249,BBDC3,BBDC3.SA
2022-12-02,0.01725,BBDC3,BBDC3.SA
2023-01-03,0.01725,BBDC3,BBDC3.SA
2023-01-09,0.530369,BBDC3,BBDC3.SA
2023-02-02,0.01725,BBDC3,BBDC3.SA
2023-03-02,0.01725,BBDC3,BBDC3.SA
2023-04-04,0.01725,BBDC3,BBDC3.SA
2023-05-03,0.01725,BBDC3,BBDC3.SA
2023-06-02,0.01725,BBDC3,BBDC3.SA
2023-06-27,0.178997,BBDC3,BBDC3.SA
2023-07-04,0.01725,BBDC3,BBDC3.SA
2023-08-02,0.01725,BBDC3,BBDC3.SA
2023-09-04,0.01725,BBDC3,BBDC3.SA
2023-10-03,0.01725,BBDC3,BBDC3.SA
2023-11-03,0.01725,BBDC3,BBDC3.SA
2023-12-04,0.01725,BBDC3,BBDC3.SA
2023-12-22,0.626311,BBDC3,BBDC3.SA
2024-01-03,0.01725,BBDC3,BBDC3.SA
2024-02-02,0.01725,BBDC3,BBDC3.SA
2024-03-04,0.01725,BBDC3,BBDC3.SA
2024-04-02,0.01725,BBDC3,BBDC3.SA
2024-05-03,0.01725,BBDC3,BBDC3.SA
2024-06-04,0.01725,BBDC3,BBDC3.SA
2024-06-18,0.359141,BBDC3,BBDC3.SA
2024-07-02,0.01725,BBDC3,BBDC3.SA
2024-08-02,0.01725,BBDC3,BBDC3.SA
2024-09-03,0.01725,BBDC3,BBDC3.SA
2024-10-01,0.179571,BBDC3,BBDC3.SA
2024-10-02,0.01725,BBDC3,BBDC3.SA
2024-11-04,0.01725,BBDC3,BBDC3.SA
2024-12-03,0.01725,BBDC3,BBDC3.SA
2025-01-02,0.267251,BBDC3,BBDC3.SA
2025-01-03,0.01725,BBDC3,BBDC3.SA
2025-02-04,0.01725,BBDC3,BBDC3.SA
2025-03-06,0.01725,BBDC3,BBDC3.SA
2025-04-01,0.207112,BBDC3,BBDC3.SA
2025-04-02,0.01725,BBDC3,BBDC3.SA
2025-05-05,0.01725,BBDC3,BBDC3.SA
2025-06-03,0.01725,BBDC3,BBDC3.SA
2025-07-01,0.270147,BBDC3,BBDC3.SA
2025-07-02,0.01725,BBDC3,BBDC3.SA
2025-08-04,0.01725,BBDC3,BBDC3.SA
2025-09-02,0.01725,BBDC3,BBDC3.SA
2025-09-30,0.270147,BBDC3,BBDC3.SA
2025-10-02,0.01725,BBDC3,BBDC3.SA
2013-08-20,0.414788,BBSE3,BBSE3.SA
2014-02-17,0.58965,BBSE3,BBSE3.SA
2014-08-19,0.597661,BBSE3,BBSE3.SA
2015-02-13,0.785018,BBSE3,BBSE3.SA
2015-08-13,0.883769,BBSE3,BBSE3.SA
2016-02-24,0.837775,BBSE3,BBSE3.SA
2016-08-12,0.8361,BBSE3,BBSE3.SA
2017-02-17,0.853031,BBSE3,BBSE3.SA
2017-08-11,0.791638,BBSE3,BBSE3.SA
2018-02-23,0.957634,BBSE3,BBSE3.SA
2018-08-10,0.788043,BBSE3,BBSE3.SA
2018-12-12,1.352301,BBSE3,BBSE3.SA
2019-02-15,0.683892,BBSE3,BBSE3.SA
2019-08-12,0.898819,BBSE3,BBSE3.SA
2020-01-10,1.352298,BBSE3,BBSE3.SA
2020-02-14,1.910841,BBSE3,BBSE3.SA
2020-08-13,0.875255,BBSE3,BBSE3.SA
2021-02-12,0.476121,BBSE3,BBSE3.SA
2021-08-12,0.520874,BBSE3,BBSE3.SA
2022-02-11,0.930048,BBSE3,BBSE3.SA
2022-08-18,1.036045,BBSE3,BBSE3.SA
2023-02-15,1.878577,BBSE3,BBSE3.SA
2023-08-17,1.607637,BBSE3,BBSE3.SA
2024-02-09,1.261289,BBSE3,BBSE3.SA
2024-08-19,1.390909,BBSE3,BBSE3.SA
2025-02-21,2.320161,BBSE3,BBSE3.SA
2025-08-15,1.942095,BBSE3,BBSE3.SA
2011-03-04,0.055272,BEEF3,BEEF3.SA
2012-03-07,0.274494,BEEF3,BEEF3.SA
2017-04-04,0.230114,BEEF3,BEEF3.SA
2020-11-09,0.228287,BEEF3,BEEF3.SA
2021-01-04,0.037837,BEEF3,BEEF3.SA
2021-04-13,0.646184,BEEF3,BEEF3.SA
2021-11-11,0.308869,BEEF3,BEEF3.SA
2022-04-28,0.303103,BEEF3,BEEF3.SA
2022-08-18,0.1941,BEEF3,BEEF3.SA
2023-04-19,0.315763,BEEF3,BEEF3.SA
2023-08-15,0.172012,BEEF3,BEEF3.SA
2009-02-18,0.008744,BEES3,BEES3.SA
2009-03-02,0.008744,BEES3,BEES3.SA
2009-04-01,0.008744,BEES3,BEES3.SA
2009-04-29,0.022095,BEES3,BEES3.SA
2009-05-04,0.008744,BEES3,BEES3.SA
2009-06-01,0.008744,BEES3,BEES3.SA
2009-07-01,0.008744,BEES3,BEES3.SA
2009-08-03,0.008394,BEES3,BEES3.SA
2009-08-28,0.00111,BEES3,BEES3.SA
2009-09-01,0.008394,BEES3,BEES3.SA
2009-10-01,0.008394,BEES3,BEES3.SA
2009-11-03,0.008394,BEES3,BEES3.SA
2009-12-01,0.008394,BEES3,BEES3.SA
2010-01-04,0.008394,BEES3,BEES3.SA
2010-03-01,0.008423,BEES3,BEES3.SA
2010-04-01,0.008423,BEES3,BEES3.SA
2010-05-03,0.008183,BEES3,BEES3.SA
2010-06-01,0.009909,BEES3,BEES3.SA
2010-07-01,0.009909,BEES3,BEES3.SA
2010-08-02,0.009909,BEES3,BEES3.SA
2010-09-01,0.008423,BEES3,BEES3.SA
2010-10-01,0.009909,BEES3,BEES3.SA
2010-11-01,0.016845,BEES3,BEES3.SA
2010-12-01,0.009909,BEES3,BEES3.SA
2011-01-03,0.009909,BEES3,BEES3.SA
2011-02-01,0.008423,BEES3,BEES3.SA
2011-03-01,0.01002,BEES3,BEES3.SA
2011-04-01,0.01002,BEES3,BEES3.SA
2011-05-02,0.011326,BEES3,BEES3.SA
2011-06-01,0.011789,BEES3,BEES3.SA
2011-07-01,0.011789,BEES3,BEES3.SA
2011-08-01,0.011789,BEES3,BEES3.SA
2011-09-01,0.011789,BEES3,BEES3.SA
2011-10-03,0.011789,BEES3,BEES3.SA
2011-11-01,0.011789,BEES3,BEES3.SA
2011-12-01,0.011789,BEES3,BEES3.SA
2012-01-02,0.011789,BEES3,BEES3.SA
2012-02-01,0.011789,BEES3,BEES3.SA
2012-02-29,0.012451,BEES3,BEES3.SA
2012-03-01,0.012451,BEES3,BEES3.SA
2012-04-02,0.012451,BEES3,BEES3.SA
2012-05-02,0.012451,BEES3,BEES3.SA
2012-06-01,0.012451,BEES3,BEES3.SA
2012-07-02,0.012451,BEES3,BEES3.SA
2012-08-01,0.011411,BEES3,BEES3.SA
2012-09-03,0.011409,BEES3,BEES3.SA
2012-11-01,0.114109,BEES3,BEES3.SA
2013-01-02,0.011409,BEES3,BEES3.SA
2013-03-01,0.0108,BEES3,BEES3.SA
2013-04-01,0.0108,BEES3,BEES3.SA
2013-05-02,0.0108,BEES3,BEES3.SA
2013-06-03,0.0108,BEES3,BEES3.SA
2013-07-01,0.0108,BEES3,BEES3.SA
2013-08-01,0.0108,BEES3,BEES3.SA
2013-09-02,0.0108,BEES3,BEES3.SA
2013-10-01,0.0108,BEES3,BEES3.SA
2013-11-01,0.0108,BEES3,BEES3.SA
2013-12-02,0.0108,BEES3,BEES3.SA
2014-01-02,0.010359,BEES3,BEES3.SA
2014-02-27,0.008632,BEES3,BEES3.SA
2014-03-05,0.008632,BEES3,BEES3.SA
2014-04-01,0.008632,BEES3,BEES3.SA
2014-05-02,0.008632,BEES3,BEES3.SA
2014-06-02,0.008632,BEES3,BEES3.SA
2014-07-01,0.008632,BEES3,BEES3.SA
2014-07-30,0.004255,BEES3,BEES3.SA
2014-08-01,0.008632,BEES3,BEES3.SA
2014-09-01,0.008632,BEES3,BEES3.SA
2014-10-01,0.008632,BEES3,BEES3.SA
2014-11-03,0.008632,BEES3,BEES3.SA
2014-12-01,0.008632,BEES3,BEES3.SA
2015-01-02,0.008632,BEES3,BEES3.SA
2015-01-28,0.005755,BEES3,BEES3.SA
2015-02-02,0.009496,BEES3,BEES3.SA
2015-03-02,0.009496,BEES3,BEES3.SA
2015-04-01,0.009496,BEES3,BEES3.SA
2015-05-04,0.009496,BEES3,BEES3.SA
2015-06-01,0.009496,BEES3,BEES3.SA
2015-07-01,0.009496,BEES3,BEES3.SA
2015-07-29,0.021948,BEES3,BEES3.SA
2015-08-03,0.011511,BEES3,BEES3.SA
2015-09-01,0.011511,BEES3,BEES3.SA
2015-10-01,0.011511,BEES3,BEES3.SA
2015-11-03,0.011511,BEES3,BEES3.SA
2015-12-01,0.011511,BEES3,BEES3.SA
2016-01-04,0.011511,BEES3,BEES3.SA
2016-02-01,0.013525,BEES3,BEES3.SA
2016-03-01,0.013525,BEES3,BEES3.SA
2016-04-01,0.013525,BEES3,BEES3.SA
2016-05-02,0.013525,BEES3,BEES3.SA
2016-05-03,0.011511,BEES3,BEES3.SA
2016-06-01,0.013525,BEES3,BEES3.SA
2016-07-01,0.013525,BEES3,BEES3.SA
2016-07-20,0.002877,BEES3,BEES3.SA
2016-08-01,0.013525,BEES3,BEES3.SA
2016-09-01,0.013525,BEES3,BEES3.SA
2016-10-03,0.013525,BEES3,BEES3.SA
2016-11-01,0.013525,BEES3,BEES3.SA
2016-12-01,0.013525,BEES3,BEES3.SA
2017-01-02,0.013525,BEES3,BEES3.SA
2017-02-01,0.014388,BEES3,BEES3.SA
2017-03-01,0.014388,BEES3,BEES3.SA
2017-04-03,0.014388,BEES3,BEES3.SA
2017-05-09,0.000716,BEES3,BEES3.SA
2017-06-01,0.014388,BEES3,BEES3.SA
2017-07-03,0.014388,BEES3,BEES3.SA
2017-07-21,0.006405,BEES3,BEES3.SA
2017-08-01,0.014388,BEES3,BEES3.SA
2017-09-01,0.014388,BEES3,BEES3.SA
2017-10-02,0.014388,BEES3,BEES3.SA
2017-11-01,0.014388,BEES3,BEES3.SA
2017-12-01,0.014388,BEES3,BEES3.SA
2018-01-02,0.014388,BEES3,BEES3.SA
2018-02-01,0.012374,BEES3,BEES3.SA
2018-03-01,0.012374,BEES3,BEES3.SA
2018-04-02,0.012374,BEES3,BEES3.SA
2018-05-02,0.012374,BEES3,BEES3.SA
2018-05-08,0.012633,BEES3,BEES3.SA
2018-06-01,0.012374,BEES3,BEES3.SA
2018-07-02,0.012374,BEES3,BEES3.SA
2018-07-19,0.012216,BEES3,BEES3.SA
2018-08-01,0.012374,BEES3,BEES3.SA
2018-09-03,0.018129,BEES3,BEES3.SA
2018-10-01,0.018129,BEES3,BEES3.SA
2018-10-16,0.028776,BEES3,BEES3.SA
2018-11-01,0.018129,BEES3,BEES3.SA
2018-12-03,0.018129,BEES3,BEES3.SA
2019-01-02,0.046905,BEES3,BEES3.SA
2019-02-01,0.018705,BEES3,BEES3.SA
2019-03-01,0.018705,BEES3,BEES3.SA
2019-04-01,0.018705,BEES3,BEES3.SA
2019-05-02,0.018705,BEES3,BEES3.SA
2019-05-07,0.035495,BEES3,BEES3.SA
2019-06-03,0.018705,BEES3,BEES3.SA
2019-07-01,0.018705,BEES3,BEES3.SA
2019-07-19,0.014388,BEES3,BEES3.SA
2019-08-01,0.018705,BEES3,BEES3.SA
2019-09-02,0.018705,BEES3,BEES3.SA
2019-10-01,0.018705,BEES3,BEES3.SA
2019-11-01,0.018705,BEES3,BEES3.SA
2019-12-02,0.018705,BEES3,BEES3.SA
2020-01-02,0.018705,BEES3,BEES3.SA
2020-02-03,0.01928,BEES3,BEES3.SA
2020-03-02,0.01928,BEES3,BEES3.SA
2020-04-01,0.01928,BEES3,BEES3.SA
2020-05-04,0.01928,BEES3,BEES3.SA
2020-05-08,0.072792,BEES3,BEES3.SA
2020-09-01,0.008633,BEES3,BEES3.SA
2020-10-01,0.008633,BEES3,BEES3.SA
2020-11-03,0.008633,BEES3,BEES3.SA
2020-12-01,0.008633,BEES3,BEES3.SA
2021-01-04,0.008633,BEES3,BEES3.SA
2021-02-01,0.017265,BEES3,BEES3.SA
2021-03-01,0.017265,BEES3,BEES3.SA
2021-04-01,0.017265,BEES3,BEES3.SA
2021-05-03,0.017265,BEES3,BEES3.SA
2021-05-07,0.069891,BEES3,BEES3.SA
2021-06-01,0.017265,BEES3,BEES3.SA
2021-07-01,0.017265,BEES3,BEES3.SA
2021-08-02,0.017265,BEES3,BEES3.SA
2021-09-01,0.017265,BEES3,BEES3.SA
2021-10-01,0.017265,BEES3,BEES3.SA
2021-11-01,0.017265,BEES3,BEES3.SA
2021-12-01,0.017265,BEES3,BEES3.SA
2021-12-17,0.033901,BEES3,BEES3.SA
2022-01-03,0.017265,BEES3,BEES3.SA
2022-02-01,0.018705,BEES3,BEES3.SA
2022-03-02,0.018705,BEES3,BEES3.SA
2022-04-01,0.018705,BEES3,BEES3.SA
2022-05-02,0.018705,BEES3,BEES3.SA
2022-05-05,0.165003,BEES3,BEES3.SA
2022-06-01,0.018705,BEES3,BEES3.SA
2022-07-01,0.086728,BEES3,BEES3.SA
2022-08-01,0.018705,BEES3,BEES3.SA
2022-09-01,0.018705,BEES3,BEES3.SA
2022-10-03,0.018705,BEES3,BEES3.SA
2022-11-01,0.018705,BEES3,BEES3.SA
2022-12-01,0.018705,BEES3,BEES3.SA
2022-12-16,0.075766,BEES3,BEES3.SA
2023-01-02,0.018705,BEES3,BEES3.SA
2023-02-01,0.020144,BEES3,BEES3.SA
2023-03-01,0.020144,BEES3,BEES3.SA
2023-04-03,0.020144,BEES3,BEES3.SA
2023-05-02,0.020144,BEES3,BEES3.SA
2023-05-04,0.164027,BEES3,BEES3.SA
2023-06-01,0.020144,BEES3,BEES3.SA
2023-07-03,0.020144,BEES3,BEES3.SA
2023-07-04,0.09274,BEES3,BEES3.SA
2023-08-01,0.020144,BEES3,BEES3.SA
2023-09-01,0.020144,BEES3,BEES3.SA
2023-10-02,0.020144,BEES3,BEES3.SA
2023-11-01,0.020144,BEES3,BEES3.SA
2023-12-01,0.098112,BEES3,BEES3.SA
2024-01-02,0.020144,BEES3,BEES3.SA
2024-01-03,0.020719,BEES3,BEES3.SA
2024-02-02,0.020719,BEES3,BEES3.SA
2024-03-04,0.020719,BEES3,BEES3.SA
2024-04-02,0.020719,BEES3,BEES3.SA
2024-05-03,0.187624,BEES3,BEES3.SA
2024-06-04,0.020719,BEES3,BEES3.SA
2024-06-28,0.083809,BEES3,BEES3.SA
2024-07-02,0.020719,BEES3,BEES3.SA
2024-08-02,0.020719,BEES3,BEES3.SA
2024-09-03,0.020719,BEES3,BEES3.SA
2024-10-02,0.020719,BEES3,BEES3.SA
2024-11-04,0.020719,BEES3,BEES3.SA
2024-11-29,0.104098,BEES3,BEES3.SA
2024-12-03,0.020719,BEES3,BEES3.SA
2025-01-03,0.021582,BEES3,BEES3.SA
2025-02-04,0.021582,BEES3,BEES3.SA
2025-03-06,0.021582,BEES3,BEES3.SA
2025-04-02,0.021582,BEES3,BEES3.SA
2025-05-05,0.021582,BEES3,BEES3.SA
2025-06-03,0.021582,BEES3,BEES3.SA
2025-07-02,0.021582,BEES3,BEES3.SA
2025-07-04,0.108612,BEES3,BEES3.SA
2025-08-04,0.021582,BEES3,BEES3.SA
2025-09-02,0.023741,BEES3,BEES3.SA
2025-10-02,0.023741,BEES3,BEES3.SA
2008-04-30,1.899253,BHIA3,BHIA3.SA
2013-04-15,0.079487,BHIA3,BHIA3.SA
2013-09-27,3.522965,BHIA3,BHIA3.SA
2015-04-24,3.773767,BHIA3,BHIA3.SA
2016-04-27,0.011505,BHIA3,BHIA3.SA
2016-09-13,0.04519,BHIA3,BHIA3.SA
2017-12-18,0.591339,BHIA3,BHIA3.SA
2018-04-27,0.261056,BHIA3,BHIA3.SA
2021-07-06,0.019505,BLAU3,BLAU3.SA
2021-09-24,0.105915,BLAU3,BLAU3.SA
2021-12-06,0.122724,BLAU3,BLAU3.SA
2022-03-25,0.205591,BLAU3,BLAU3.SA
2022-04-08,0.139113,BLAU3,BLAU3.SA
2022-07-08,0.160335,BLAU3,BLAU3.SA
2022-09-27,0.168143,BLAU3,BLAU3.SA
2022-12-22,0.176541,BLAU3,BLAU3.SA
2023-03-27,0.182978,BLAU3,BLAU3.SA
2023-04-20,0.052393,BLAU3,BLAU3.SA
2023-06-28,0.186959,BLAU3,BLAU3.SA
2024-03-25,0.125218,BLAU3,BLAU3.SA
2024-04-30,0.013983,BLAU3,BLAU3.SA
2024-06-27,0.140702,BLAU3,BLAU3.SA
2024-09-27,0.084421,BLAU3,BLAU3.SA
2025-03-24,0.253263,BLAU3,BLAU3.SA
2025-09-24,0.095677,BLAU3,BLAU3.SA
2008-01-30,0.10812,BMEB3,BMEB3.SA
2008-08-13,0.137283,BMEB3,BMEB3.SA
2009-01-16,0.108,BMEB3,BMEB3.SA
2009-07-24,0.111,BMEB3,BMEB3.SA
2010-02-12,0.111,BMEB3,BMEB3.SA
2010-08-09,0.461483,BMEB3,BMEB3.SA
2011-02-14,0.141,BMEB3,BMEB3.SA
2011-08-08,0.26,BMEB3,BMEB3.SA
2012-02-13,0.125,BMEB3,BMEB3.SA
2013-02-18,0.165883,BMEB3,BMEB3.SA
2013-08-09,0.149294,BMEB3,BMEB3.SA
2015-08-13,0.165,BMEB3,BMEB3.SA
2016-03-18,0.15,BMEB3,BMEB3.SA
2016-08-17,0.150825,BMEB3,BMEB3.SA
2019-02-26,0.027104,BMEB3,BMEB3.SA
2020-02-27,0.311913,BMEB3,BMEB3.SA
2021-02-19,0.388054,BMEB3,BMEB3.SA
2021-08-17,0.202475,BMEB3,BMEB3.SA
2022-02-22,0.267018,BMEB3,BMEB3.SA
2022-10-04,0.254007,BMEB3,BMEB3.SA
2023-03-13,0.280576,BMEB3,BMEB3.SA
2023-08-14,0.448739,BMEB3,BMEB3.SA
2023-12-28,0.750349,BMEB3,BMEB3.SA
2024-07-30,0.940822,BMEB3,BMEB3.SA
2024-12-23,1.060731,BMEB3,BMEB3.SA
2025-02-10,0.022326,BMEB3,BMEB3.SA
2019-12-20,0.249,BMGB4,BMGB4.SA
2020-12-30,0.177892,BMGB4,BMGB4.SA
2021-12-28,0.314247,BMGB4,BMGB4.SA
2022-10-24,0.239164,BMGB4,BMGB4.SA
2022-12-23,0.124707,BMGB4,BMGB4.SA
2023-04-25,0.01992,BMGB4,BMGB4.SA
2023-10-24,0.01992,BMGB4,BMGB4.SA
2023-12-22,0.334257,BMGB4,BMGB4.SA
2024-04-23,0.083664,BMGB4,BMGB4.SA
2024-07-23,0.083664,BMGB4,BMGB4.SA
2024-10-22,0.083664,BMGB4,BMGB4.SA
2024-12-05,0.117528,BMGB4,BMGB4.SA
2025-04-03,0.0996,BMGB4,BMGB4.SA
2025-07-25,0.1,BMGB4,BMGB4.SA
2022-03-22,0.202356,BMOB3,BMOB3.SA
2023-03-24,0.233308,BMOB3,BMOB3.SA
2023-12-19,0.521933,BMOB3,BMOB3.SA
2024-12-18,0.643845,BMOB3,BMOB3.SA
2025-04-25,0.694573,BMOB3,BMOB3.SA
2025-08-22,0.355518,BMOB3,BMOB3.SA
2017-01-05,0.078522,BPAC3,BPAC3.SA
2017-07-06,0.055778,BPAC3,BPAC3.SA
2018-01-05,0.055639,BPAC3,BPAC3.SA
2018-08-14,0.054678,BPAC3,BPAC3.SA
2019-01-08,0.056238,BPAC3,BPAC3.SA
2019-08-09,0.058052,BPAC3,BPAC3.SA
2020-01-07,0.050372,BPAC3,BPAC3.SA
2020-07-23,0.048849,BPAC3,BPAC3.SA
2021-01-07,0.051598,BPAC3,BPAC3.SA
2021-08-06,0.056635,BPAC3,BPAC3.SA
2021-12-21,0.022596,BPAC3,BPAC3.SA
2022-01-06,0.049104,BPAC3,BPAC3.SA
2022-08-05,0.104416,BPAC3,BPAC3.SA
2022-12-19,0.065353,BPAC3,BPAC3.SA
2023-01-05,0.049233,BPAC3,BPAC3.SA
2023-08-07,0.133814,BPAC3,BPAC3.SA
2023-12-05,0.076965,BPAC3,BPAC3.SA
2024-01-04,0.049415,BPAC3,BPAC3.SA
2024-07-04,0.135563,BPAC3,BPAC3.SA
2024-12-20,0.10109,BPAC3,BPAC3.SA
2025-01-06,0.049459,BPAC3,BPAC3.SA
2025-08-11,0.201336,BPAC3,BPAC3.SA
2008-01-02,0.033818,BPAN4,BPAN4.SA
2008-07-01,0.118362,BPAN4,BPAN4.SA
2008-10-01,0.05749,BPAN4,BPAN4.SA
2009-05-04,0.04849,BPAN4,BPAN4.SA
2009-07-01,0.048702,BPAN4,BPAN4.SA
2010-01-04,0.111318,BPAN4,BPAN4.SA
2010-05-03,0.00664,BPAN4,BPAN4.SA
2010-07-01,0.041744,BPAN4,BPAN4.SA
2012-02-13,0.068882,BPAN4,BPAN4.SA
2015-02-10,0.00195,BPAN4,BPAN4.SA
2016-02-02,0.003393,BPAN4,BPAN4.SA
2018-04-02,0.061131,BPAN4,BPAN4.SA
2019-05-28,0.075945,BPAN4,BPAN4.SA
2020-02-17,0.164307,BPAN4,BPAN4.SA
2020-05-07,0.002695,BPAN4,BPAN4.SA
2020-12-23,0.204247,BPAN4,BPAN4.SA
2021-05-05,0.007274,BPAN4,BPAN4.SA
2021-12-22,0.216654,BPAN4,BPAN4.SA
2022-05-12,0.027291,BPAN4,BPAN4.SA
2022-12-28,0.251339,BPAN4,BPAN4.SA
2023-12-28,0.215123,BPAN4,BPAN4.SA
2024-12-26,0.24149,BPAN4,BPAN4.SA
2022-03-24,0.81,BRBI11,BRBI11.SA
2022-08-19,0.39,BRBI11,BRBI11.SA
2022-11-21,0.18,BRBI11,BRBI11.SA
2023-03-24,0.3,BRBI11,BRBI11.SA
2023-05-18,0.12,BRBI11,BRBI11.SA
2023-08-17,0.24,BRBI11,BRBI11.SA
2023-11-17,0.66,BRBI11,BRBI11.SA
2024-03-25,0.12,BRBI11,BRBI11.SA
2024-05-15,0.3,BRBI11,BRBI11.SA
2024-08-14,0.3,BRBI11,BRBI11.SA
2024-11-13,0.45,BRBI11,BRBI11.SA
2024-12-05,0.78,BRBI11,BRBI11.SA
2025-03-28,0.18,BRBI11,BRBI11.SA
2025-05-14,0.3,BRBI11,BRBI11.SA
2025-08-13,0.36,BRBI11,BRBI11.SA
2004-01-02,0.06651,BRFS3,BRFS3.SA
2008-04-23,0.057114,BRFS3,BRFS3.SA
2009-12-29,0.109464,BRFS3,BRFS3.SA
2010-06-29,0.049467,BRFS3,BRFS3.SA
2010-12-29,0.194276,BRFS3,BRFS3.SA
2011-06-30,0.319759,BRFS3,BRFS3.SA
2011-12-29,0.372013,BRFS3,BRFS3.SA
2012-06-29,0.10948,BRFS3,BRFS3.SA
2013-01-02,0.162507,BRFS3,BRFS3.SA
2013-04-22,0.049548,BRFS3,BRFS3.SA
2013-07-01,0.392427,BRFS3,BRFS3.SA
2014-01-02,0.399061,BRFS3,BRFS3.SA
2014-07-01,0.394292,BRFS3,BRFS3.SA
2015-01-02,0.508454,BRFS3,BRFS3.SA
2015-07-01,0.478273,BRFS3,BRFS3.SA
2016-01-04,0.66382,BRFS3,BRFS3.SA
2016-03-11,0.115895,BRFS3,BRFS3.SA
2016-07-13,0.611453,BRFS3,BRFS3.SA
2024-11-26,0.581656,BRFS3,BRFS3.SA
2024-12-17,0.122972,BRFS3,BRFS3.SA
2008-03-27,0.644625,BRKM3,BRKM3.SA
2011-05-02,0.833247,BRKM3,BRKM3.SA
2012-04-30,0.605085,BRKM3,BRKM3.SA
2014-03-27,0.606189,BRKM3,BRKM3.SA
2015-04-10,0.60625,BRKM3,BRKM3.SA
2016-04-07,1.256718,BRKM3,BRKM3.SA
2016-10-04,1.257159,BRKM3,BRKM3.SA
2017-12-04,1.256718,BRKM3,BRKM3.SA
2018-05-02,3.771476,BRKM3,BRKM3.SA
2019-10-04,0.83862,BRKM3,BRKM3.SA
2021-12-09,7.539048,BRKM3,BRKM3.SA
2022-04-20,1.696348,BRKM3,BRKM3.SA
2007-12-17,0.174705,BRSR3,BRSR3.SA
2008-03-26,0.323616,BRSR3,BRSR3.SA
2008-05-08,0.088783,BRSR3,BRSR3.SA
2008-06-10,0.086015,BRSR3,BRSR3.SA
2008-09-10,0.087132,BRSR3,BRSR3.SA
2009-03-12,0.115193,BRSR3,BRSR3.SA
2009-04-01,0.094117,BRSR3,BRSR3.SA
2009-06-08,0.099802,BRSR3,BRSR3.SA
2009-09-02,0.096932,BRSR3,BRSR3.SA
2009-12-02,0.098151,BRSR3,BRSR3.SA
2010-03-08,0.104314,BRSR3,BRSR3.SA
2010-05-03,0.064528,BRSR3,BRSR3.SA
2010-06-07,0.105733,BRSR3,BRSR3.SA
2010-09-02,0.107153,BRSR3,BRSR3.SA
2010-12-16,0.158792,BRSR3,BRSR3.SA
2011-03-10,0.117952,BRSR3,BRSR3.SA
2011-05-02,0.05703,BRSR3,BRSR3.SA
2011-05-23,0.140655,BRSR3,BRSR3.SA
2011-09-02,0.142543,BRSR3,BRSR3.SA
2011-11-23,0.144345,BRSR3,BRSR3.SA
2011-12-15,0.146579,BRSR3,BRSR3.SA
2012-03-05,0.158394,BRSR3,BRSR3.SA
2012-06-05,0.160549,BRSR3,BRSR3.SA
2012-12-19,0.097721,BRSR3,BRSR3.SA
2013-03-05,0.147334,BRSR3,BRSR3.SA
2013-05-02,0.080811,BRSR3,BRSR3.SA
2013-06-05,0.148532,BRSR3,BRSR3.SA
2013-09-04,0.150928,BRSR3,BRSR3.SA
2013-11-25,0.152083,BRSR3,BRSR3.SA
2014-02-26,0.161688,BRSR3,BRSR3.SA
2014-05-02,0.169697,BRSR3,BRSR3.SA
2014-06-05,0.163003,BRSR3,BRSR3.SA
2014-09-04,0.1656,BRSR3,BRSR3.SA
2014-11-26,0.1669,BRSR3,BRSR3.SA
2015-03-05,0.188255,BRSR3,BRSR3.SA
2015-05-04,0.029382,BRSR3,BRSR3.SA
2015-06-03,0.206384,BRSR3,BRSR3.SA
2015-09-10,0.228695,BRSR3,BRSR3.SA
2015-12-04,0.248005,BRSR3,BRSR3.SA
2016-03-11,0.186328,BRSR3,BRSR3.SA
2016-06-14,0.187843,BRSR3,BRSR3.SA
2016-09-08,0.190873,BRSR3,BRSR3.SA
2016-12-15,0.041567,BRSR3,BRSR3.SA
2017-03-14,0.198206,BRSR3,BRSR3.SA
2017-05-05,0.040778,BRSR3,BRSR3.SA
2017-05-16,0.199817,BRSR3,BRSR3.SA
2017-08-15,0.20304,BRSR3,BRSR3.SA
2017-11-14,0.073354,BRSR3,BRSR3.SA
2018-01-05,0.303487,BRSR3,BRSR3.SA
2018-02-27,0.206614,BRSR3,BRSR3.SA
2018-05-04,0.049382,BRSR3,BRSR3.SA
2018-05-15,0.215905,BRSR3,BRSR3.SA
2018-08-16,0.215905,BRSR3,BRSR3.SA
2018-10-30,0.171097,BRSR3,BRSR3.SA
2018-12-07,0.073326,BRSR3,BRSR3.SA
2018-12-27,0.109989,BRSR3,BRSR3.SA
2019-03-08,0.31219,BRSR3,BRSR3.SA
2019-05-02,0.03378,BRSR3,BRSR3.SA
2019-05-17,0.284804,BRSR3,BRSR3.SA
2019-06-06,0.07829,BRSR3,BRSR3.SA
2019-08-13,0.273814,BRSR3,BRSR3.SA
2019-11-12,0.260983,BRSR3,BRSR3.SA
2020-03-11,0.246878,BRSR3,BRSR3.SA
2020-06-10,0.18016,BRSR3,BRSR3.SA
2020-12-11,0.102695,BRSR3,BRSR3.SA
2020-12-30,0.048902,BRSR3,BRSR3.SA
2021-01-04,0.078244,BRSR3,BRSR3.SA
2021-03-08,0.22752,BRSR3,BRSR3.SA
2021-05-03,0.055952,BRSR3,BRSR3.SA
2021-06-04,0.242267,BRSR3,BRSR3.SA
2021-09-06,0.257014,BRSR3,BRSR3.SA
2021-12-16,0.171114,BRSR3,BRSR3.SA
2022-03-17,0.333893,BRSR3,BRSR3.SA
2022-05-03,0.036603,BRSR3,BRSR3.SA
2022-06-13,0.37647,BRSR3,BRSR3.SA
2022-09-13,0.110012,BRSR3,BRSR3.SA
2022-12-15,0.024443,BRSR3,BRSR3.SA
2023-03-16,0.366771,BRSR3,BRSR3.SA
2023-05-04,0.03626,BRSR3,BRSR3.SA
2023-06-15,0.342607,BRSR3,BRSR3.SA
2023-09-14,0.171625,BRSR3,BRSR3.SA
2024-03-18,0.122257,BRSR3,BRSR3.SA
2024-05-02,0.183143,BRSR3,BRSR3.SA
2024-06-17,0.122257,BRSR3,BRSR3.SA
2024-09-13,0.122257,BRSR3,BRSR3.SA
2024-12-02,0.244514,BRSR3,BRSR3.SA
2024-12-19,0.200502,BRSR3,BRSR3.SA
2025-03-17,0.220063,BRSR3,BRSR3.SA
2025-05-06,0.087049,BRSR3,BRSR3.SA
2025-06-13,0.220063,BRSR3,BRSR3.SA
2025-09-15,0.268965,BRSR3,BRSR3.SA
2025-01-07,0.19111799,BRST3,BRST3.SA
2009-08-03,0.048751,BSLI3,BSLI3.SA
2010-02-02,0.080186,BSLI3,BSLI3.SA
2010-04-26,0.000161,BSLI3,BSLI3.SA
2011-02-01,0.042683,BSLI3,BSLI3.SA
2011-03-01,0.008472,BSLI3,BSLI3.SA
2011-08-04,0.063717,BSLI3,BSLI3.SA
2012-08-02,0.067667,BSLI3,BSLI3.SA
2012-08-20,0.011732,BSLI3,BSLI3.SA
2013-01-29,0.062025,BSLI3,BSLI3.SA
2013-03-04,0.007485,BSLI3,BSLI3.SA
2013-07-29,0.068289,BSLI3,BSLI3.SA
2013-08-16,0.009903,BSLI3,BSLI3.SA
2014-01-31,0.034864,BSLI3,BSLI3.SA
2014-02-28,0.003862,BSLI3,BSLI3.SA
2014-07-01,0.058106,BSLI3,BSLI3.SA
2014-08-28,0.00019,BSLI3,BSLI3.SA
2014-09-03,0.031958,BSLI3,BSLI3.SA
2015-01-07,0.010169,BSLI3,BSLI3.SA
2015-06-29,0.020337,BSLI3,BSLI3.SA
2015-08-25,0.001518,BSLI3,BSLI3.SA
2015-12-09,0.058106,BSLI3,BSLI3.SA
2016-04-15,0.04939,BSLI3,BSLI3.SA
2016-10-19,0.072633,BSLI3,BSLI3.SA
2017-04-04,0.016731,BSLI3,BSLI3.SA
2017-04-26,0.063917,BSLI3,BSLI3.SA
2017-05-10,0.138369,BSLI3,BSLI3.SA
2017-08-18,0.036174,BSLI3,BSLI3.SA
2017-10-16,0.081348,BSLI3,BSLI3.SA
2017-11-29,0.061011,BSLI3,BSLI3.SA
2018-03-09,0.045163,BSLI3,BSLI3.SA
2018-04-16,0.029053,BSLI3,BSLI3.SA
2018-06-01,0.124438,BSLI3,BSLI3.SA
2018-08-16,0.031958,BSLI3,BSLI3.SA
2018-09-06,0.053002,BSLI3,BSLI3.SA
2018-11-09,0.02269,BSLI3,BSLI3.SA
2018-12-10,0.075803,BSLI3,BSLI3.SA
2019-09-03,0.203701,BSLI3,BSLI3.SA
2019-10-02,0.087159,BSLI3,BSLI3.SA
2019-12-04,0.028181,BSLI3,BSLI3.SA
2020-03-03,0.169422,BSLI3,BSLI3.SA
2020-06-02,0.074227,BSLI3,BSLI3.SA
2020-09-02,0.064036,BSLI3,BSLI3.SA
2020-12-02,0.08808,BSLI3,BSLI3.SA
2020-12-16,0.035206,BSLI3,BSLI3.SA
2021-03-02,0.044356,BSLI3,BSLI3.SA
2021-06-02,0.116492,BSLI3,BSLI3.SA
2021-09-02,0.123723,BSLI3,BSLI3.SA
2021-12-02,0.190329,BSLI3,BSLI3.SA
2022-02-04,0.653692,BSLI3,BSLI3.SA
2022-03-10,0.173285,BSLI3,BSLI3.SA
2022-06-02,0.070215,BSLI3,BSLI3.SA
2022-09-12,0.119093,BSLI3,BSLI3.SA
2023-03-16,0.000898,BSLI3,BSLI3.SA
2023-06-02,0.043463,BSLI3,BSLI3.SA
2023-09-22,0.092505,BSLI3,BSLI3.SA
2024-05-24,0.073452,BSLI3,BSLI3.SA
2024-12-18,0.004482,BSLI3,BSLI3.SA
2025-04-15,0.117317,BSLI3,BSLI3.SA
2025-09-04,0.291147,BSLI3,BSLI3.SA
2012-05-02,0.043182,CAMB3,CAMB3.SA
2022-04-19,0.036682,CAMB3,CAMB3.SA
2022-06-21,0.044034,CAMB3,CAMB3.SA
2022-09-16,0.051494,CAMB3,CAMB3.SA
2022-12-12,0.060313,CAMB3,CAMB3.SA
2023-03-16,0.065427,CAMB3,CAMB3.SA
2023-06-16,0.072801,CAMB3,CAMB3.SA
2023-09-18,0.078585,CAMB3,CAMB3.SA
2023-12-05,0.080912,CAMB3,CAMB3.SA
2024-04-03,0.02027,CAMB3,CAMB3.SA
2024-05-24,0.1,CAMB3,CAMB3.SA
2024-06-12,0.027087,CAMB3,CAMB3.SA
2024-08-13,0.233637,CAMB3,CAMB3.SA
2024-11-13,0.285372,CAMB3,CAMB3.SA
2025-03-17,0.098235,CAMB3,CAMB3.SA
2025-05-16,0.223862,CAMB3,CAMB3.SA
2025-08-14,0.33307,CAMB3,CAMB3.SA
2017-12-18,0.158516,CAML3,CAML3.SA
2018-08-30,0.049476,CAML3,CAML3.SA
2018-11-28,0.111322,CAML3,CAML3.SA
2019-04-01,0.049476,CAML3,CAML3.SA
2019-06-27,0.014922,CAML3,CAML3.SA
2019-07-02,0.037305,CAML3,CAML3.SA
2019-09-03,0.037437,CAML3,CAML3.SA
2019-12-12,0.04054,CAML3,CAML3.SA
2020-03-03,0.04054,CAML3,CAML3.SA
2020-06-15,0.04054,CAML3,CAML3.SA
2020-09-02,0.04054,CAML3,CAML3.SA
2020-12-09,0.407783,CAML3,CAML3.SA
2020-12-30,0.05443,CAML3,CAML3.SA
2021-03-23,0.054642,CAML3,CAML3.SA
2021-06-02,0.054789,CAML3,CAML3.SA
2021-09-02,0.068755,CAML3,CAML3.SA
2021-12-02,0.069058,CAML3,CAML3.SA
2022-03-04,0.069441,CAML3,CAML3.SA
2022-05-25,0.083616,CAML3,CAML3.SA
2022-06-02,0.069719,CAML3,CAML3.SA
2022-09-02,0.070724,CAML3,CAML3.SA
2022-12-02,0.071426,CAML3,CAML3.SA
2023-02-23,0.071508,CAML3,CAML3.SA
2023-06-05,0.071816,CAML3,CAML3.SA
2023-09-05,0.072429,CAML3,CAML3.SA
2023-11-28,0.072969,CAML3,CAML3.SA
2024-02-22,0.07331,CAML3,CAML3.SA
2024-05-28,0.073298,CAML3,CAML3.SA
2024-09-04,0.073298,CAML3,CAML3.SA
2024-11-26,0.073298,CAML3,CAML3.SA
2025-03-12,0.073298,CAML3,CAML3.SA
2025-06-20,0.073298,CAML3,CAML3.SA
2025-09-04,0.073298,CAML3,CAML3.SA
2021-05-03,0.060881,CASH3,CASH3.SA
2022-05-02,0.288346,CBAV3,CBAV3.SA
2022-12-07,0.094682,CBAV3,CBAV3.SA
2023-04-28,0.345418,CBAV3,CBAV3.SA
2020-01-02,0.253477,CEAB3,CEAB3.SA
2025-01-02,0.344691,CEAB3,CEAB3.SA
2025-05-02,0.037778,CEAB3,CEAB3.SA
2010-05-03,0.090088,CEBR3,CEBR3.SA
2013-05-02,0.49328,CEBR3,CEBR3.SA
2018-05-07,0.036776,CEBR3,CEBR3.SA
2019-05-07,0.013789,CEBR3,CEBR3.SA
2020-07-28,0.333629,CEBR3,CEBR3.SA
2021-05-06,7.38044,CEBR3,CEBR3.SA
2021-10-15,11.583168,CEBR3,CEBR3.SA
2022-04-28,3.541792,CEBR3,CEBR3.SA
2023-05-03,1.49137,CEBR3,CEBR3.SA
2023-11-03,1.160284,CEBR3,CEBR3.SA
2024-05-02,0.737628,CEBR3,CEBR3.SA
2024-11-27,0.823843,CEBR3,CEBR3.SA
2025-05-02,1.149649,CEBR3,CEBR3.SA
2025-09-10,1.665745,CEBR3,CEBR3.SA
2008-11-21,0.357976,CEDO3,CEDO3.SA
2008-12-12,0.199899,CEDO3,CEDO3.SA
2008-12-22,0.242726,CEDO3,CEDO3.SA
2009-04-27,0.035691,CEDO3,CEDO3.SA
2010-02-01,0.178453,CEDO3,CEDO3.SA
2010-08-23,0.356906,CEDO3,CEDO3.SA
2011-01-26,0.356906,CEDO3,CEDO3.SA
2011-08-23,0.42,CEDO3,CEDO3.SA
2012-02-28,0.18,CEDO3,CEDO3.SA
2012-12-05,0.3,CEDO3,CEDO3.SA
2013-02-04,0.3,CEDO3,CEDO3.SA
2013-10-28,0.4,CEDO3,CEDO3.SA
2008-12-23,0.364362,CGRA3,CGRA3.SA
2009-04-28,0.026828,CGRA3,CGRA3.SA
2009-12-21,0.345904,CGRA3,CGRA3.SA
2010-04-12,0.277462,CGRA3,CGRA3.SA
2010-12-21,0.38669,CGRA3,CGRA3.SA
2011-12-21,0.506692,CGRA3,CGRA3.SA
2012-12-21,0.528292,CGRA3,CGRA3.SA
2013-12-23,1.045106,CGRA3,CGRA3.SA
2014-04-04,0.10542,CGRA3,CGRA3.SA
2014-12-18,0.6128,CGRA3,CGRA3.SA
2015-03-16,0.128038,CGRA3,CGRA3.SA
2015-12-21,0.715197,CGRA3,CGRA3.SA
2016-12-26,1.175228,CGRA3,CGRA3.SA
2018-01-02,1.2888,CGRA3,CGRA3.SA
2018-12-28,1.09688,CGRA3,CGRA3.SA
2019-12-26,1.304329,CGRA3,CGRA3.SA
2020-03-20,0.447415,CGRA3,CGRA3.SA
2020-12-28,1.272891,CGRA3,CGRA3.SA
2021-07-16,0.627656,CGRA3,CGRA3.SA
2021-12-23,0.724776,CGRA3,CGRA3.SA
2022-03-24,0.990073,CGRA3,CGRA3.SA
2022-07-01,1.133378,CGRA3,CGRA3.SA
2022-09-22,0.620255,CGRA3,CGRA3.SA
2022-12-22,0.635244,CGRA3,CGRA3.SA
2023-06-23,1.427752,CGRA3,CGRA3.SA
2023-12-21,1.274734,CGRA3,CGRA3.SA
2024-06-26,1.29441,CGRA3,CGRA3.SA
2024-12-19,1.391774,CGRA3,CGRA3.SA
2025-06-05,1.792827,CGRA3,CGRA3.SA
2008-04-29,0.696038,CLSC3,CLSC3.SA
2009-04-28,1.80195,CLSC3,CLSC3.SA
2010-05-03,0.887456,CLSC3,CLSC3.SA
2011-01-03,1.906692,CLSC3,CLSC3.SA
2012-01-02,2.018314,CLSC3,CLSC3.SA
2012-05-02,0.239921,CLSC3,CLSC3.SA
2014-01-02,2.40801,CLSC3,CLSC3.SA
2014-05-02,0.182607,CLSC3,CLSC3.SA
2015-05-04,3.57717,CLSC3,CLSC3.SA
2016-05-02,0.45555,CLSC3,CLSC3.SA
2018-05-02,0.463551,CLSC3,CLSC3.SA
2019-05-02,0.479439,CLSC3,CLSC3.SA
2020-01-02,1.268176,CLSC3,CLSC3.SA
2020-04-29,0.481679,CLSC3,CLSC3.SA
2021-01-04,1.893956,CLSC3,CLSC3.SA
2021-04-30,1.273178,CLSC3,CLSC3.SA
2021-12-21,3.027262,CLSC3,CLSC3.SA
2022-03-31,0.848941,CLSC3,CLSC3.SA
2022-05-02,0.49111,CLSC3,CLSC3.SA
2022-07-01,1.024988,CLSC3,CLSC3.SA
2022-10-03,1.027628,CLSC3,CLSC3.SA
2023-01-02,1.278901,CLSC3,CLSC3.SA
2023-04-03,1.122269,CLSC3,CLSC3.SA
2023-05-02,0.559582,CLSC3,CLSC3.SA
2023-07-03,1.131955,CLSC3,CLSC3.SA
2023-10-02,1.192646,CLSC3,CLSC3.SA
2023-12-26,2.170964,CLSC3,CLSC3.SA
2024-03-25,1.079488,CLSC3,CLSC3.SA
2024-05-02,0.030661,CLSC3,CLSC3.SA
2024-06-27,1.035517,CLSC3,CLSC3.SA
2024-09-26,1.166545,CLSC3,CLSC3.SA
2024-12-26,2.375528,CLSC3,CLSC3.SA
2025-03-27,1.470976,CLSC3,CLSC3.SA
2025-05-02,1.890827,CLSC3,CLSC3.SA
2025-06-26,1.4353,CLSC3,CLSC3.SA
2025-09-25,1.830797,CLSC3,CLSC3.SA
2008-04-28,0.285608,CMIG3,CMIG3.SA
2009-04-30,0.305167,CMIG3,CMIG3.SA
2010-04-30,0.341421,CMIG3,CMIG3.SA
2010-12-17,0.46575,CMIG3,CMIG3.SA
2011-05-02,0.309484,CMIG3,CMIG3.SA
2011-12-12,0.439875,CMIG3,CMIG3.SA
2012-04-30,0.418541,CMIG3,CMIG3.SA
2012-12-17,0.36756,CMIG3,CMIG3.SA
2012-12-26,0.621,CMIG3,CMIG3.SA
2013-05-02,0.355702,CMIG3,CMIG3.SA
2013-12-06,0.209696,CMIG3,CMIG3.SA
2014-05-02,0.444216,CMIG3,CMIG3.SA
2014-06-30,0.239036,CMIG3,CMIG3.SA
2014-11-10,0.43533,CMIG3,CMIG3.SA
2014-12-29,0.091024,CMIG3,CMIG3.SA
2015-05-04,0.224519,CMIG3,CMIG3.SA
2016-01-04,0.079151,CMIG3,CMIG3.SA
2016-05-02,0.171745,CMIG3,CMIG3.SA
2016-12-27,0.150387,CMIG3,CMIG3.SA
2017-05-15,0.060643,CMIG3,CMIG3.SA
2018-05-02,0.015584,CMIG3,CMIG3.SA
2018-12-26,0.073409,CMIG3,CMIG3.SA
2019-05-06,0.229788,CMIG3,CMIG3.SA
2019-12-26,0.139827,CMIG3,CMIG3.SA
2020-08-03,0.132542,CMIG3,CMIG3.SA
2020-09-28,0.041948,CMIG3,CMIG3.SA
2021-01-04,0.151532,CMIG3,CMIG3.SA
2021-05-03,0.324628,CMIG3,CMIG3.SA
2021-12-22,0.333935,CMIG3,CMIG3.SA
2022-03-29,0.439146,CMIG3,CMIG3.SA
2022-05-02,0.919105,CMIG3,CMIG3.SA
2022-06-27,0.123397,CMIG3,CMIG3.SA
2022-09-26,0.164831,CMIG3,CMIG3.SA
2022-12-22,0.13934,CMIG3,CMIG3.SA
2022-12-28,0.180207,CMIG3,CMIG3.SA
2023-03-28,0.148295,CMIG3,CMIG3.SA
2023-04-28,0.086977,CMIG3,CMIG3.SA
2023-06-26,0.14916,CMIG3,CMIG3.SA
2023-09-26,0.14611,CMIG3,CMIG3.SA
2023-12-22,0.462324,CMIG3,CMIG3.SA
2024-03-27,0.135051,CMIG3,CMIG3.SA
2024-04-30,0.1862,CMIG3,CMIG3.SA
2024-06-24,0.150212,CMIG3,CMIG3.SA
2024-08-26,0.49636,CMIG3,CMIG3.SA
2024-09-24,0.165202,CMIG3,CMIG3.SA
2024-12-26,0.195808,CMIG3,CMIG3.SA
2025-03-26,0.189118,CMIG3,CMIG3.SA
2025-05-02,0.658812,CMIG3,CMIG3.SA
2025-06-24,0.208607,CMIG3,CMIG3.SA
2025-09-30,0.211396,CMIG3,CMIG3.SA
2021-05-03,0.051581,CMIN3,CMIN3.SA
2021-08-02,0.330526,CMIN3,CMIN3.SA
2021-12-30,0.086308,CMIN3,CMIN3.SA
2022-05-02,0.459438,CMIN3,CMIN3.SA
2022-11-11,0.445689,CMIN3,CMIN3.SA
2022-12-29,0.015993,CMIN3,CMIN3.SA
2023-05-02,0.1152,CMIN3,CMIN3.SA
2023-05-09,0.333513,CMIN3,CMIN3.SA
2023-11-21,0.248842,CMIN3,CMIN3.SA
2024-01-02,0.079347,CMIN3,CMIN3.SA
2024-05-15,0.186869,CMIN3,CMIN3.SA
2024-10-04,0.552278,CMIN3,CMIN3.SA
2025-01-07,0.038956,CMIN3,CMIN3.SA
2025-05-14,0.239321,CMIN3,CMIN3.SA
2013-03-21,0.041797,COGN3,COGN3.SA
2013-04-23,0.014177,COGN3,COGN3.SA
2013-05-15,0.038179,COGN3,COGN3.SA
2013-08-09,0.022069,COGN3,COGN3.SA
2013-11-08,0.028388,COGN3,COGN3.SA
2014-03-19,0.025849,COGN3,COGN3.SA
2014-05-14,0.060805,COGN3,COGN3.SA
2014-07-04,0.449678,COGN3,COGN3.SA
2015-05-13,0.054407,COGN3,COGN3.SA
2015-08-13,0.06106,COGN3,COGN3.SA
2015-11-13,0.046019,COGN3,COGN3.SA
2016-03-16,0.043432,COGN3,COGN3.SA
2016-05-13,0.123215,COGN3,COGN3.SA
2016-08-18,0.106659,COGN3,COGN3.SA
2016-11-17,0.075417,COGN3,COGN3.SA
2017-03-29,0.077311,COGN3,COGN3.SA
2017-05-19,0.115455,COGN3,COGN3.SA
2017-08-18,0.127762,COGN3,COGN3.SA
2017-11-17,0.104508,COGN3,COGN3.SA
2018-03-23,0.090548,COGN3,COGN3.SA
2018-05-18,0.110791,COGN3,COGN3.SA
2018-08-21,0.109154,COGN3,COGN3.SA
2018-11-19,0.081225,COGN3,COGN3.SA
2019-04-05,0.026387,COGN3,COGN3.SA
2019-05-22,0.055537,COGN3,COGN3.SA
2019-08-21,0.033692,COGN3,COGN3.SA
2019-11-21,0.004738,COGN3,COGN3.SA
2025-04-29,0.06672,COGN3,COGN3.SA
2008-03-07,0.70804,CPFE3,CPFE3.SA
2008-08-20,0.592499,CPFE3,CPFE3.SA
2009-03-03,0.596958,CPFE3,CPFE3.SA
2009-08-18,0.563044,CPFE3,CPFE3.SA
2010-03-09,0.645132,CPFE3,CPFE3.SA
2010-08-19,0.760799,CPFE3,CPFE3.SA
2011-04-05,0.477486,CPFE3,CPFE3.SA
2011-08-18,0.73455,CPFE3,CPFE3.SA
2012-04-13,0.745121,CPFE3,CPFE3.SA
2012-08-16,0.628972,CPFE3,CPFE3.SA
2013-04-22,0.447882,CPFE3,CPFE3.SA
2013-08-23,0.356659,CPFE3,CPFE3.SA
2014-04-30,0.557808,CPFE3,CPFE3.SA
2014-09-05,0.414764,CPFE3,CPFE3.SA
2016-05-02,0.206869,CPFE3,CPFE3.SA
2017-01-13,0.217877,CPFE3,CPFE3.SA
2018-04-30,0.275259,CPFE3,CPFE3.SA
2019-05-02,0.480182,CPFE3,CPFE3.SA
2020-07-28,1.800973,CPFE3,CPFE3.SA
2021-05-03,1.501834,CPFE3,CPFE3.SA
2021-09-01,1.501832,CPFE3,CPFE3.SA
2021-12-10,0.697762,CPFE3,CPFE3.SA
2022-05-02,3.242281,CPFE3,CPFE3.SA
2023-05-02,2.102229,CPFE3,CPFE3.SA
2023-08-18,0.783358,CPFE3,CPFE3.SA
2006-04-28,0.0428,CPLE3,CPLE3.SA
2007-04-30,0.098,CPLE3,CPLE3.SA
2008-04-18,0.023622,CPLE3,CPLE3.SA
2009-04-24,0.091289,CPLE3,CPLE3.SA
2009-11-13,0.058625,CPLE3,CPLE3.SA
2010-04-28,0.025107,CPLE3,CPLE3.SA
2010-08-23,0.025213,CPLE3,CPLE3.SA
2011-04-29,0.06236,CPLE3,CPLE3.SA
2011-08-19,0.078803,CPLE3,CPLE3.SA
2012-04-27,0.06803,CPLE3,CPLE3.SA
2013-01-03,0.04792,CPLE3,CPLE3.SA
2013-04-26,0.045607,CPLE3,CPLE3.SA
2013-11-27,0.113436,CPLE3,CPLE3.SA
2014-04-25,0.082136,CPLE3,CPLE3.SA
2014-11-07,0.132885,CPLE3,CPLE3.SA
2015-04-24,0.084351,CPLE3,CPLE3.SA
2016-04-29,0.113716,CPLE3,CPLE3.SA
2017-05-02,0.176466,CPLE3,CPLE3.SA
2018-01-02,0.092624,CPLE3,CPLE3.SA
2018-06-18,0.008177,CPLE3,CPLE3.SA
2018-12-28,0.097515,CPLE3,CPLE3.SA
2019-04-30,0.034435,CPLE3,CPLE3.SA
2019-12-26,0.224235,CPLE3,CPLE3.SA
2020-12-29,0.281832,CPLE3,CPLE3.SA
2021-04-01,0.089853,CPLE3,CPLE3.SA
2021-04-30,0.072319,CPLE3,CPLE3.SA
2021-10-01,0.494573,CPLE3,CPLE3.SA
2022-01-03,0.097485,CPLE3,CPLE3.SA
2022-05-02,0.47117,CPLE3,CPLE3.SA
2022-11-22,0.33393,CPLE3,CPLE3.SA
2023-10-02,0.304025,CPLE3,CPLE3.SA
2024-04-23,0.041541,CPLE3,CPLE3.SA
2024-10-01,0.153952,CPLE3,CPLE3.SA
2024-12-12,0.190412,CPLE3,CPLE3.SA
2007-07-30,0.100156,CSAN3,CSAN3.SA
2009-04-30,0.001681,CSAN3,CSAN3.SA
2010-08-02,0.122951,CSAN3,CSAN3.SA
2011-08-01,0.123068,CSAN3,CSAN3.SA
2012-08-01,0.154586,CSAN3,CSAN3.SA
2013-08-01,0.185467,CSAN3,CSAN3.SA
2014-05-02,0.092769,CSAN3,CSAN3.SA
2014-10-15,0.092397,CSAN3,CSAN3.SA
2015-05-04,0.076998,CSAN3,CSAN3.SA
2015-09-14,0.092397,CSAN3,CSAN3.SA
2016-02-19,0.175555,CSAN3,CSAN3.SA
2016-05-16,0.178635,CSAN3,CSAN3.SA
2016-12-13,0.184156,CSAN3,CSAN3.SA
2017-05-02,0.232915,CSAN3,CSAN3.SA
2018-05-03,0.277158,CSAN3,CSAN3.SA
2019-05-03,0.249943,CSAN3,CSAN3.SA
2020-06-04,0.374438,CSAN3,CSAN3.SA
2021-05-06,0.257648,CSAN3,CSAN3.SA
2021-12-15,0.374619,CSAN3,CSAN3.SA
2022-05-06,0.42811,CSAN3,CSAN3.SA
2023-05-19,0.42858,CSAN3,CSAN3.SA
2024-06-06,0.451477,CSAN3,CSAN3.SA
2021-05-03,0.18819,CSED3,CSED3.SA
2022-05-02,0.130951,CSED3,CSED3.SA
2023-05-02,0.068807,CSED3,CSED3.SA
2023-11-16,0.16459,CSED3,CSED3.SA
2024-08-28,0.16459,CSED3,CSED3.SA
2025-05-02,0.211224,CSED3,CSED3.SA
2008-08-05,0.147561,CSMG3,CSMG3.SA
2011-04-01,0.112475,CSMG3,CSMG3.SA
2011-07-07,0.118049,CSMG3,CSMG3.SA
2011-09-22,0.121328,CSMG3,CSMG3.SA
2012-03-14,0.085047,CSMG3,CSMG3.SA
2012-03-22,0.10772,CSMG3,CSMG3.SA
2012-06-22,0.101531,CSMG3,CSMG3.SA
2012-09-24,0.105893,CSMG3,CSMG3.SA
2013-03-04,0.12967,CSMG3,CSMG3.SA
2013-03-22,0.104572,CSMG3,CSMG3.SA
2013-06-26,0.084984,CSMG3,CSMG3.SA
2013-09-25,0.072567,CSMG3,CSMG3.SA
2014-02-04,0.093652,CSMG3,CSMG3.SA
2014-03-25,0.095513,CSMG3,CSMG3.SA
2014-06-25,0.09173,CSMG3,CSMG3.SA
2014-09-23,0.090001,CSMG3,CSMG3.SA
2015-03-25,0.006738,CSMG3,CSMG3.SA
2015-05-12,0.01263,CSMG3,CSMG3.SA
2015-08-12,0.002908,CSMG3,CSMG3.SA
2015-11-12,0.006863,CSMG3,CSMG3.SA
2016-05-12,0.067927,CSMG3,CSMG3.SA
2016-08-23,0.074909,CSMG3,CSMG3.SA
2016-11-17,0.079877,CSMG3,CSMG3.SA
2017-03-17,0.096166,CSMG3,CSMG3.SA
2017-03-23,0.084294,CSMG3,CSMG3.SA
2017-06-22,0.098271,CSMG3,CSMG3.SA
2017-09-25,0.102711,CSMG3,CSMG3.SA
2017-11-21,0.632943,CSMG3,CSMG3.SA
2018-02-28,0.121505,CSMG3,CSMG3.SA
2018-03-27,0.202348,CSMG3,CSMG3.SA
2018-05-08,0.738433,CSMG3,CSMG3.SA
2018-06-26,0.135509,CSMG3,CSMG3.SA
2018-09-25,0.143841,CSMG3,CSMG3.SA
2019-03-11,0.243238,CSMG3,CSMG3.SA
2019-03-27,0.139743,CSMG3,CSMG3.SA
2019-06-24,0.055285,CSMG3,CSMG3.SA
2019-09-25,0.137479,CSMG3,CSMG3.SA
2020-03-26,0.34277,CSMG3,CSMG3.SA
2020-06-24,0.115765,CSMG3,CSMG3.SA
2020-09-23,0.166474,CSMG3,CSMG3.SA
2020-11-19,2.162553,CSMG3,CSMG3.SA
2021-03-03,0.199219,CSMG3,CSMG3.SA
2021-03-25,0.17101,CSMG3,CSMG3.SA
2021-06-23,0.145507,CSMG3,CSMG3.SA
2021-09-27,0.428983,CSMG3,CSMG3.SA
2022-03-23,0.089328,CSMG3,CSMG3.SA
2022-06-22,0.140134,CSMG3,CSMG3.SA
2022-09-21,0.15487,CSMG3,CSMG3.SA
2023-03-23,0.994132,CSMG3,CSMG3.SA
2023-06-22,0.338917,CSMG3,CSMG3.SA
2023-09-22,0.33607,CSMG3,CSMG3.SA
2023-12-14,0.982305,CSMG3,CSMG3.SA
2023-12-22,0.241589,CSMG3,CSMG3.SA
2024-03-26,0.873138,CSMG3,CSMG3.SA
2024-04-29,0.791178,CSMG3,CSMG3.SA
2024-06-26,0.38471,CSMG3,CSMG3.SA
2024-09-18,0.353195,CSMG3,CSMG3.SA
2024-12-26,0.369458,CSMG3,CSMG3.SA
2025-03-06,0.476208,CSMG3,CSMG3.SA
2025-03-27,0.035459,CSMG3,CSMG3.SA
2025-06-24,0.433251,CSMG3,CSMG3.SA
2025-09-23,0.447556,CSMG3,CSMG3.SA
2008-04-22,0.808565,CSNA3,CSNA3.SA
2008-08-21,0.10397,CSNA3,CSNA3.SA
2009-03-25,0.526825,CSNA3,CSNA3.SA
2009-05-04,0.17689,CSNA3,CSNA3.SA
2009-12-18,0.37312,CSNA3,CSNA3.SA
2010-05-03,1.02883,CSNA3,CSNA3.SA
2011-05-02,1.27355,CSNA3,CSNA3.SA
2012-04-30,0.82306,CSNA3,CSNA3.SA
2012-12-28,0.20576,CSNA3,CSNA3.SA
2013-04-02,0.084364,CSNA3,CSNA3.SA
2013-08-08,0.144036,CSNA3,CSNA3.SA
2013-11-14,0.743541,CSNA3,CSNA3.SA
2014-03-05,0.291501,CSNA3,CSNA3.SA
2015-01-02,0.202358,CSNA3,CSNA3.SA
2015-03-12,0.202633,CSNA3,CSNA3.SA
2019-05-03,0.65091,CSNA3,CSNA3.SA
2019-09-24,0.299003,CSNA3,CSNA3.SA
2020-05-07,0.008871,CSNA3,CSNA3.SA
2021-05-03,0.652949,CSNA3,CSNA3.SA
2021-08-02,1.26801,CSNA3,CSNA3.SA
2022-01-05,0.191508,CSNA3,CSNA3.SA
2022-05-02,0.681594,CSNA3,CSNA3.SA
2022-11-28,1.17949,CSNA3,CSNA3.SA
2022-12-29,0.527866,CSNA3,CSNA3.SA
2023-05-02,1.217108,CSNA3,CSNA3.SA
2023-11-21,0.742783,CSNA3,CSNA3.SA
2024-05-15,0.71639,CSNA3,CSNA3.SA
2024-11-22,0.550489,CSNA3,CSNA3.SA
2010-05-11,0.056402,CSUD3,CSUD3.SA
2010-12-27,0.13883,CSUD3,CSUD3.SA
2011-04-27,0.170697,CSUD3,CSUD3.SA
2011-12-15,0.16276,CSUD3,CSUD3.SA
2012-12-21,0.167942,CSUD3,CSUD3.SA
2014-05-02,0.001016,CSUD3,CSUD3.SA
2014-12-19,0.088492,CSUD3,CSUD3.SA
2015-12-29,0.16971,CSUD3,CSUD3.SA
2016-12-22,0.310183,CSUD3,CSUD3.SA
2017-05-02,0.028183,CSUD3,CSUD3.SA
2017-12-12,0.333955,CSUD3,CSUD3.SA
2018-04-24,0.104165,CSUD3,CSUD3.SA
2018-12-10,0.246195,CSUD3,CSUD3.SA
2019-06-25,0.104639,CSUD3,CSUD3.SA
2019-09-16,0.054739,CSUD3,CSUD3.SA
2019-12-09,0.097314,CSUD3,CSUD3.SA
2020-03-16,0.054739,CSUD3,CSUD3.SA
2020-06-29,0.06447,CSUD3,CSUD3.SA
2020-09-30,0.072985,CSUD3,CSUD3.SA
2020-12-07,0.111897,CSUD3,CSUD3.SA
2021-03-08,0.068111,CSUD3,CSUD3.SA
2021-04-19,0.145953,CSUD3,CSUD3.SA
2021-06-28,0.072976,CSUD3,CSUD3.SA
2021-09-27,0.101986,CSUD3,CSUD3.SA
2021-12-20,0.097231,CSUD3,CSUD3.SA
2022-03-14,0.097221,CSUD3,CSUD3.SA
2022-04-25,0.393787,CSUD3,CSUD3.SA
2022-06-22,0.126379,CSUD3,CSUD3.SA
2022-10-03,0.157658,CSUD3,CSUD3.SA
2023-01-03,0.157658,CSUD3,CSUD3.SA
2023-03-23,0.145515,CSUD3,CSUD3.SA
2023-05-02,0.353746,CSUD3,CSUD3.SA
2023-06-26,0.15763,CSUD3,CSUD3.SA
2023-09-27,0.169677,CSUD3,CSUD3.SA
2023-12-18,0.179366,CSUD3,CSUD3.SA
2024-03-25,0.157551,CSUD3,CSUD3.SA
2024-04-30,0.419619,CSUD3,CSUD3.SA
2024-07-01,0.15747,CSUD3,CSUD3.SA
2024-09-30,0.171993,CSUD3,CSUD3.SA
2024-12-23,0.17926,CSUD3,CSUD3.SA
2025-04-04,0.167148,CSUD3,CSUD3.SA
2025-05-02,0.438193,CSUD3,CSUD3.SA
2025-07-01,0.171738,CSUD3,CSUD3.SA
2025-10-03,0.17171,CSUD3,CSUD3.SA
2009-12-15,0.466471,CTKA3,CTKA3.SA
2010-12-21,1.133032,CTKA3,CTKA3.SA
2011-05-02,0.954147,CTKA3,CTKA3.SA
2021-04-26,0.394004,CURY3,CURY3.SA
2021-12-08,0.171306,CURY3,CURY3.SA
2022-05-02,0.51535,CURY3,CURY3.SA
2023-01-25,0.206979,CURY3,CURY3.SA
2023-05-02,0.063293,CURY3,CURY3.SA
2023-09-25,0.517448,CURY3,CURY3.SA
2023-12-05,0.344965,CURY3,CURY3.SA
2024-05-02,0.40891,CURY3,CURY3.SA
2024-05-09,0.914158,CURY3,CURY3.SA
2024-10-07,0.344965,CURY3,CURY3.SA
2025-02-11,0.603689,CURY3,CURY3.SA
2025-04-22,0.532411,CURY3,CURY3.SA
2025-10-01,0.685225,CURY3,CURY3.SA
2014-03-11,0.09371,CVCB3,CVCB3.SA
2014-04-29,0.093705,CVCB3,CVCB3.SA
2014-12-10,0.090888,CVCB3,CVCB3.SA
2015-04-16,0.520348,CVCB3,CVCB3.SA
2015-12-21,0.094445,CVCB3,CVCB3.SA
2016-04-27,0.611176,CVCB3,CVCB3.SA
2016-12-09,0.137754,CVCB3,CVCB3.SA
2017-05-02,0.136656,CVCB3,CVCB3.SA
2017-12-19,0.238384,CVCB3,CVCB3.SA
2018-04-30,0.068917,CVCB3,CVCB3.SA
2018-12-11,0.343257,CVCB3,CVCB3.SA
2019-05-02,0.021511,CVCB3,CVCB3.SA
2019-12-26,0.343998,CVCB3,CVCB3.SA
2021-11-05,0.244612,CXSE3,CXSE3.SA
2022-04-22,0.29579,CXSE3,CXSE3.SA
2022-11-04,0.35278,CXSE3,CXSE3.SA
2023-04-28,0.510369,CXSE3,CXSE3.SA
2023-10-25,0.5,CXSE3,CXSE3.SA
2024-04-29,0.566339,CXSE3,CXSE3.SA
2024-08-02,0.28,CXSE3,CXSE3.SA
2024-11-05,0.234,CXSE3,CXSE3.SA
2025-01-06,0.311697,CXSE3,CXSE3.SA
2025-05-02,0.320175,CXSE3,CXSE3.SA
2025-08-04,0.31,CXSE3,CXSE3.SA
2008-03-26,0.058554,DASA3,DASA3.SA
2009-12-11,0.102452,DASA3,DASA3.SA
2010-12-29,0.130888,DASA3,DASA3.SA
2011-10-04,0.096552,DASA3,DASA3.SA
2012-04-30,0.032184,DASA3,DASA3.SA
2013-04-23,0.065985,DASA3,DASA3.SA
2014-04-29,0.100977,DASA3,DASA3.SA
2015-04-24,0.062878,DASA3,DASA3.SA
2016-04-26,0.019996,DASA3,DASA3.SA
2017-01-02,0.080397,DASA3,DASA3.SA
2017-04-24,0.004646,DASA3,DASA3.SA
2018-01-02,0.135297,DASA3,DASA3.SA
2019-01-02,0.561226,DASA3,DASA3.SA
2020-01-02,0.563433,DASA3,DASA3.SA
2021-01-13,0.285397,DASA3,DASA3.SA
2021-12-28,0.301246,DASA3,DASA3.SA
2022-05-02,0.013908,DESK3,DESK3.SA
2023-05-02,0.019782,DESK3,DESK3.SA
2024-04-22,0.042149,DESK3,DESK3.SA
2025-04-24,0.036798,DESK3,DESK3.SA
2019-05-02,0.012973,DEXP3,DEXP3.SA
2020-07-29,0.020448,DEXP3,DEXP3.SA
2021-04-29,0.280363,DEXP3,DEXP3.SA
2022-04-29,0.384812,DEXP3,DEXP3.SA
2023-05-02,0.268418,DEXP3,DEXP3.SA
2023-12-20,0.12246,DEXP3,DEXP3.SA
2024-04-30,0.388422,DEXP3,DEXP3.SA
2024-12-17,0.142828,DEXP3,DEXP3.SA
2025-04-29,0.383482,DEXP3,DEXP3.SA
2010-04-27,0.046806,DIRR3,DIRR3.SA
2011-01-06,0.10021,DIRR3,DIRR3.SA
2012-03-13,0.089928,DIRR3,DIRR3.SA
2013-05-02,0.120789,DIRR3,DIRR3.SA
2014-05-02,0.123635,DIRR3,DIRR3.SA
2014-11-14,0.078607,DIRR3,DIRR3.SA
2015-04-29,0.060351,DIRR3,DIRR3.SA
2015-07-23,0.089844,DIRR3,DIRR3.SA
2016-07-08,0.090759,DIRR3,DIRR3.SA
2018-10-02,0.203255,DIRR3,DIRR3.SA
2019-03-15,0.126145,DIRR3,DIRR3.SA
2019-10-15,0.16598,DIRR3,DIRR3.SA
2020-10-13,0.268887,DIRR3,DIRR3.SA
2021-05-20,0.229052,DIRR3,DIRR3.SA
2022-07-15,0.156021,DIRR3,DIRR3.SA
2022-12-19,0.232372,DIRR3,DIRR3.SA
2023-12-06,0.156667,DIRR3,DIRR3.SA
2024-07-05,0.533333,DIRR3,DIRR3.SA
2024-09-18,0.153333,DIRR3,DIRR3.SA
2025-01-06,0.423333,DIRR3,DIRR3.SA
2025-06-30,0.666667,DIRR3,DIRR3.SA
2008-12-18,0.085375,DXCO3,DXCO3.SA
2009-12-21,0.036399,DXCO3,DXCO3.SA
2010-02-24,0.001105,DXCO3,DXCO3.SA
2010-08-05,0.068245,DXCO3,DXCO3.SA
2011-02-15,0.028,DXCO3,DXCO3.SA
2011-08-01,0.073069,DXCO3,DXCO3.SA
2011-12-12,0.079324,DXCO3,DXCO3.SA
2012-02-17,0.004741,DXCO3,DXCO3.SA
2012-07-27,0.064662,DXCO3,DXCO3.SA
2012-12-03,0.093653,DXCO3,DXCO3.SA
2013-02-20,0.006732,DXCO3,DXCO3.SA
2013-07-23,0.116562,DXCO3,DXCO3.SA
2013-12-17,0.090425,DXCO3,DXCO3.SA
2014-07-31,0.089235,DXCO3,DXCO3.SA
2014-12-17,0.069735,DXCO3,DXCO3.SA
2015-02-06,0.052975,DXCO3,DXCO3.SA
2015-07-29,0.041914,DXCO3,DXCO3.SA
2015-12-17,0.217008,DXCO3,DXCO3.SA
2017-02-15,0.007256,DXCO3,DXCO3.SA
2017-12-15,0.072945,DXCO3,DXCO3.SA
2018-12-19,0.654934,DXCO3,DXCO3.SA
2019-12-17,0.308599,DXCO3,DXCO3.SA
2020-12-14,0.25982,DXCO3,DXCO3.SA
2021-02-18,0.359032,DXCO3,DXCO3.SA
2021-12-15,1.16426,DXCO3,DXCO3.SA
2022-12-15,0.308198,DXCO3,DXCO3.SA
2023-12-20,0.215309,DXCO3,DXCO3.SA
2024-03-13,0.071388,DXCO3,DXCO3.SA
2024-12-19,0.046238,DXCO3,DXCO3.SA
2025-03-18,0.007475,DXCO3,DXCO3.SA
2013-04-30,0.0231,EALT3,EALT3.SA
2013-12-18,0.023,EALT3,EALT3.SA
2014-04-29,0.09359,EALT3,EALT3.SA
2014-12-17,0.04289,EALT3,EALT3.SA
2015-04-29,0.05146,EALT3,EALT3.SA
2015-11-24,0.068064,EALT3,EALT3.SA
2016-08-08,0.03659,EALT3,EALT3.SA
2017-11-07,0.080899,EALT3,EALT3.SA
2018-05-03,0.086097,EALT3,EALT3.SA
2019-05-03,0.126813,EALT3,EALT3.SA
2020-05-29,0.043947,EALT3,EALT3.SA
2021-04-30,0.156079,EALT3,EALT3.SA
2022-01-20,0.084123,EALT3,EALT3.SA
2022-04-28,0.11768,EALT3,EALT3.SA
2023-04-27,0.15692,EALT3,EALT3.SA
2024-04-29,0.200149,EALT3,EALT3.SA
2025-04-30,0.474002,EALT3,EALT3.SA
2025-10-01,0.630915,EALT3,EALT3.SA
2010-12-09,0.227167,ECOR3,ECOR3.SA
2011-04-27,0.257162,ECOR3,ECOR3.SA
2011-11-09,0.247705,ECOR3,ECOR3.SA
2012-03-19,0.090919,ECOR3,ECOR3.SA
2012-11-13,0.257773,ECOR3,ECOR3.SA
2013-05-29,0.451575,ECOR3,ECOR3.SA
2013-11-12,0.318517,ECOR3,ECOR3.SA
2014-03-26,0.037036,ECOR3,ECOR3.SA
2014-04-30,0.862312,ECOR3,ECOR3.SA
2014-11-25,0.50047,ECOR3,ECOR3.SA
2015-05-15,0.418698,ECOR3,ECOR3.SA
2016-11-10,0.260093,ECOR3,ECOR3.SA
2017-03-30,0.18639,ECOR3,ECOR3.SA
2017-11-03,0.230739,ECOR3,ECOR3.SA
2018-05-02,0.3682,ECOR3,ECOR3.SA
2018-11-06,0.345008,ECOR3,ECOR3.SA
2022-12-06,0.007587,ECOR3,ECOR3.SA
2023-11-16,0.083886,ECOR3,ECOR3.SA
2024-05-14,0.194461,ECOR3,ECOR3.SA
2025-08-05,0.308678,ECOR3,ECOR3.SA
2007-12-14,0.107853,EGIE3,EGIE3.SA
2008-04-22,0.56044,EGIE3,EGIE3.SA
2009-08-14,0.426516,EGIE3,EGIE3.SA
2009-11-18,0.237766,EGIE3,EGIE3.SA
2010-05-07,0.100392,EGIE3,EGIE3.SA
2010-10-01,0.350644,EGIE3,EGIE3.SA
2010-11-18,0.269632,EGIE3,EGIE3.SA
2011-05-02,0.193975,EGIE3,EGIE3.SA
2011-08-11,0.806464,EGIE3,EGIE3.SA
2011-11-18,0.31129,EGIE3,EGIE3.SA
2012-04-16,0.317026,EGIE3,EGIE3.SA
2012-08-13,0.850272,EGIE3,EGIE3.SA
2012-11-26,0.338504,EGIE3,EGIE3.SA
2013-02-20,0.706472,EGIE3,EGIE3.SA
2013-08-19,0.940728,EGIE3,EGIE3.SA
2013-11-26,0.300026,EGIE3,EGIE3.SA
2014-09-12,0.566,EGIE3,EGIE3.SA
2014-11-11,0.465867,EGIE3,EGIE3.SA
2014-11-26,0.273309,EGIE3,EGIE3.SA
2015-05-11,0.210902,EGIE3,EGIE3.SA
2015-08-21,0.381501,EGIE3,EGIE3.SA
2015-11-24,0.384838,EGIE3,EGIE3.SA
2016-05-11,0.256762,EGIE3,EGIE3.SA
2016-08-09,0.790752,EGIE3,EGIE3.SA
2016-11-11,0.530071,EGIE3,EGIE3.SA
2017-05-30,0.50206,EGIE3,EGIE3.SA
2017-08-10,1.150736,EGIE3,EGIE3.SA
2017-11-10,0.520266,EGIE3,EGIE3.SA
2018-04-24,1.560814,EGIE3,EGIE3.SA
2018-08-21,1.404581,EGIE3,EGIE3.SA
2018-11-13,1.6,EGIE3,EGIE3.SA
2018-12-27,0.486562,EGIE3,EGIE3.SA
2019-05-07,0.094006,EGIE3,EGIE3.SA
2019-12-03,1.528812,EGIE3,EGIE3.SA
2020-08-10,0.830573,EGIE3,EGIE3.SA
2020-12-21,0.894039,EGIE3,EGIE3.SA
2021-05-12,0.747117,EGIE3,EGIE3.SA
2021-08-17,0.967632,EGIE3,EGIE3.SA
2021-12-30,0.073535,EGIE3,EGIE3.SA
2022-02-25,0.782752,EGIE3,EGIE3.SA
2022-05-12,0.673831,EGIE3,EGIE3.SA
2022-08-17,0.708254,EGIE3,EGIE3.SA
2022-11-22,0.579481,EGIE3,EGIE3.SA
2022-12-23,0.24512,EGIE3,EGIE3.SA
2023-05-09,1.783441,EGIE3,EGIE3.SA
2023-08-22,0.940279,EGIE3,EGIE3.SA
2023-12-22,0.177712,EGIE3,EGIE3.SA
2024-05-07,1.218803,EGIE3,EGIE3.SA
2024-08-22,1.143246,EGIE3,EGIE3.SA
2024-12-20,0.3064,EGIE3,EGIE3.SA
2025-05-07,0.876481,EGIE3,EGIE3.SA
2025-08-22,0.881432,EGIE3,EGIE3.SA
2008-05-05,0.423057,ELET3,ELET3.SA
2009-05-05,1.547656,ELET3,ELET3.SA
2010-02-01,3.252271,ELET3,ELET3.SA
2010-05-03,0.422266,ELET3,ELET3.SA
2013-05-02,0.421242,ELET3,ELET3.SA
2013-12-30,1.023011,ELET3,ELET3.SA
2014-05-02,0.415636,ELET3,ELET3.SA
2019-04-30,0.858499,ELET3,ELET3.SA
2020-07-30,1.625384,ELET3,ELET3.SA
2021-02-04,1.435129,ELET3,ELET3.SA
2021-04-28,0.96313,ELET3,ELET3.SA
2022-04-25,0.773505,ELET3,ELET3.SA
2023-04-28,0.220929,ELET3,ELET3.SA
2024-04-29,0.403802,ELET3,ELET3.SA
2024-12-30,0.862972,ELET3,ELET3.SA
2025-04-30,0.895233,ELET3,ELET3.SA
2025-08-18,1.757644,ELET3,ELET3.SA
2010-05-04,0.031824,EMAE4,EMAE4.SA
2011-05-02,0.087654,EMAE4,EMAE4.SA
2014-04-28,0.15985,EMAE4,EMAE4.SA
2016-04-27,0.10191,EMAE4,EMAE4.SA
2017-04-27,0.447145,EMAE4,EMAE4.SA
2018-04-25,0.93455,EMAE4,EMAE4.SA
2018-12-11,0.574806,EMAE4,EMAE4.SA
2019-04-23,0.2552,EMAE4,EMAE4.SA
2019-12-27,0.396627,EMAE4,EMAE4.SA
2020-04-24,0.3884,EMAE4,EMAE4.SA
2020-12-15,1.056282,EMAE4,EMAE4.SA
2021-01-06,6.222721,EMAE4,EMAE4.SA
2021-04-26,0.843412,EMAE4,EMAE4.SA
2021-05-11,0.470964,EMAE4,EMAE4.SA
2021-11-19,0.544787,EMAE4,EMAE4.SA
2022-05-02,0.320388,EMAE4,EMAE4.SA
2022-05-17,0.560906,EMAE4,EMAE4.SA
2023-04-17,1.471981,EMAE4,EMAE4.SA
2023-06-06,0.51439,EMAE4,EMAE4.SA
2023-12-11,1.30096,EMAE4,EMAE4.SA
2024-04-09,0.79314,EMAE4,EMAE4.SA
2024-09-24,0.839386,EMAE4,EMAE4.SA
2008-03-18,0.090868,EMBR3,EMBR3.SA
2008-06-24,0.09034,EMBR3,EMBR3.SA
2008-09-23,0.12844,EMBR3,EMBR3.SA
2009-12-22,0.12,EMBR3,EMBR3.SA
2010-04-30,0.076279,EMBR3,EMBR3.SA
2010-06-22,0.040571,EMBR3,EMBR3.SA
2010-09-27,0.0255,EMBR3,EMBR3.SA
2010-12-21,0.2,EMBR3,EMBR3.SA
2011-03-28,0.06,EMBR3,EMBR3.SA
2011-06-21,0.1,EMBR3,EMBR3.SA
2011-09-26,0.09,EMBR3,EMBR3.SA
2012-06-26,0.0765,EMBR3,EMBR3.SA
2012-09-25,0.07,EMBR3,EMBR3.SA
2012-12-18,0.0425,EMBR3,EMBR3.SA
2013-03-22,0.034,EMBR3,EMBR3.SA
2013-05-07,0.041322,EMBR3,EMBR3.SA
2013-06-25,0.04,EMBR3,EMBR3.SA
2013-09-24,0.04,EMBR3,EMBR3.SA
2013-12-17,0.09,EMBR3,EMBR3.SA
2014-03-25,0.05,EMBR3,EMBR3.SA
2014-04-29,0.066849,EMBR3,EMBR3.SA
2014-06-24,0.05,EMBR3,EMBR3.SA
2014-09-23,0.05,EMBR3,EMBR3.SA
2014-12-16,0.12,EMBR3,EMBR3.SA
2015-03-17,0.04,EMBR3,EMBR3.SA
2015-04-28,0.021875,EMBR3,EMBR3.SA
2015-06-23,0.04,EMBR3,EMBR3.SA
2015-08-18,0.04,EMBR3,EMBR3.SA
2015-12-22,0.04,EMBR3,EMBR3.SA
2016-03-22,0.04,EMBR3,EMBR3.SA
2016-06-21,0.04,EMBR3,EMBR3.SA
2016-09-27,0.02,EMBR3,EMBR3.SA
2017-03-21,0.04,EMBR3,EMBR3.SA
2017-04-25,0.101908,EMBR3,EMBR3.SA
2017-06-13,0.04,EMBR3,EMBR3.SA
2017-09-19,0.04,EMBR3,EMBR3.SA
2017-12-26,0.09,EMBR3,EMBR3.SA
2018-03-16,0.02,EMBR3,EMBR3.SA
2018-04-24,0.072016,EMBR3,EMBR3.SA
2018-06-26,0.02,EMBR3,EMBR3.SA
2018-09-25,0.01,EMBR3,EMBR3.SA
2018-12-27,0.01,EMBR3,EMBR3.SA
2025-05-13,0.070007,EMBR3,EMBR3.SA
2009-04-29,1.646989,ENEV3,ENEV3.SA
2008-03-14,0.015056,ENGI3,ENGI3.SA
2008-09-05,0.048931,ENGI3,ENGI3.SA
2009-10-23,0.075279,ENGI3,ENGI3.SA
2010-03-12,0.031052,ENGI3,ENGI3.SA
2010-09-20,0.052695,ENGI3,ENGI3.SA
2011-03-03,0.031052,ENGI3,ENGI3.SA
2011-08-22,0.052695,ENGI3,ENGI3.SA
2012-03-22,0.037639,ENGI3,ENGI3.SA
2012-08-10,0.052695,ENGI3,ENGI3.SA
2013-01-31,0.096921,ENGI3,ENGI3.SA
2013-05-27,0.030918,ENGI3,ENGI3.SA
2013-08-12,0.02203,ENGI3,ENGI3.SA
2014-02-28,0.07753,ENGI3,ENGI3.SA
2014-08-20,0.052947,ENGI3,ENGI3.SA
2015-05-04,0.101168,ENGI3,ENGI3.SA
2015-06-30,0.07753,ENGI3,ENGI3.SA
2015-07-31,0.080646,ENGI3,ENGI3.SA
2016-03-01,0.054082,ENGI3,ENGI3.SA
2016-08-18,0.021746,ENGI3,ENGI3.SA
2017-02-23,0.054082,ENGI3,ENGI3.SA
2017-08-15,0.052947,ENGI3,ENGI3.SA
2018-03-01,0.094549,ENGI3,ENGI3.SA
2018-08-15,0.052947,ENGI3,ENGI3.SA
2019-02-28,0.125032,ENGI3,ENGI3.SA
2019-03-25,0.028854,ENGI3,ENGI3.SA
2019-08-14,0.05386,ENGI3,ENGI3.SA
2020-02-28,0.061554,ENGI3,ENGI3.SA
2020-08-19,0.05386,ENGI3,ENGI3.SA
2021-03-22,0.211593,ENGI3,ENGI3.SA
2021-08-18,0.125032,ENGI3,ENGI3.SA
2022-01-03,0.423185,ENGI3,ENGI3.SA
2022-08-24,0.223134,ENGI3,ENGI3.SA
2023-03-22,0.153886,ENGI3,ENGI3.SA
2023-08-16,0.13465,ENGI3,ENGI3.SA
2024-01-02,0.192357,ENGI3,ENGI3.SA
2024-08-13,0.2,ENGI3,ENGI3.SA
2025-02-26,0.38,ENGI3,ENGI3.SA
2025-08-13,0.2,ENGI3,ENGI3.SA
2006-05-02,0.601075,EPAR3,EPAR3.SA
2007-05-02,0.801425,EPAR3,EPAR3.SA
2008-05-02,0.072,EPAR3,EPAR3.SA
2022-05-05,2.018765,EPAR3,EPAR3.SA
2023-05-02,1.242331,EPAR3,EPAR3.SA
2023-12-27,2.624395,EPAR3,EPAR3.SA
2024-05-02,0.248578,EPAR3,EPAR3.SA
2024-12-18,0.96268,EPAR3,EPAR3.SA
2025-04-30,0.874798,EPAR3,EPAR3.SA
2008-04-18,0.254259,EQTL3,EQTL3.SA
2008-04-22,0.25417,EQTL3,EQTL3.SA
2008-12-23,0.022186,EQTL3,EQTL3.SA
2009-03-23,0.355556,EQTL3,EQTL3.SA
2009-12-29,0.013827,EQTL3,EQTL3.SA
2010-04-30,0.079012,EQTL3,EQTL3.SA
2011-05-02,0.355552,EQTL3,EQTL3.SA
2012-03-20,0.030288,EQTL3,EQTL3.SA
2013-05-02,0.03373,EQTL3,EQTL3.SA
2014-04-28,0.017857,EQTL3,EQTL3.SA
2014-12-22,0.059523,EQTL3,EQTL3.SA
2015-04-20,0.095332,EQTL3,EQTL3.SA
2015-12-28,0.069443,EQTL3,EQTL3.SA
2016-04-18,0.128966,EQTL3,EQTL3.SA
2016-12-27,0.055555,EQTL3,EQTL3.SA
2017-04-28,0.120631,EQTL3,EQTL3.SA
2018-01-04,0.021825,EQTL3,EQTL3.SA
2018-04-30,0.218456,EQTL3,EQTL3.SA
2019-05-02,0.188489,EQTL3,EQTL3.SA
2020-07-20,0.317424,EQTL3,EQTL3.SA
2021-05-03,0.714276,EQTL3,EQTL3.SA
2022-05-02,0.634912,EQTL3,EQTL3.SA
2023-05-02,0.347628,EQTL3,EQTL3.SA
2024-05-02,0.447184,EQTL3,EQTL3.SA
2025-01-14,0.089125,EQTL3,EQTL3.SA
2025-05-02,0.700169,EQTL3,EQTL3.SA
2008-02-28,0.550318,ETER3,ETER3.SA
2008-04-25,0.128407,ETER3,ETER3.SA
2008-12-12,0.131028,ETER3,ETER3.SA
2009-03-05,0.524112,ETER3,ETER3.SA
2009-05-12,0.524112,ETER3,ETER3.SA
2009-08-06,0.288262,ETER3,ETER3.SA
2009-10-30,0.558179,ETER3,ETER3.SA
2009-12-28,0.107443,ETER3,ETER3.SA
2010-03-08,0.416669,ETER3,ETER3.SA
2010-04-28,0.499741,ETER3,ETER3.SA
2010-08-17,0.524112,ETER3,ETER3.SA
2010-11-04,0.499741,ETER3,ETER3.SA
2011-03-15,0.621073,ETER3,ETER3.SA
2011-05-10,0.445495,ETER3,ETER3.SA
2011-08-17,0.524112,ETER3,ETER3.SA
2011-11-08,0.602729,ETER3,ETER3.SA
2011-12-27,0.172957,ETER3,ETER3.SA
2012-03-20,0.351155,ETER3,ETER3.SA
2012-05-08,0.524112,ETER3,ETER3.SA
2012-08-21,0.524112,ETER3,ETER3.SA
2012-11-06,0.524112,ETER3,ETER3.SA
2012-12-27,0.167716,ETER3,ETER3.SA
2013-03-19,0.356396,ETER3,ETER3.SA
2013-04-30,0.524112,ETER3,ETER3.SA
2013-08-20,0.356396,ETER3,ETER3.SA
2013-11-05,0.353776,ETER3,ETER3.SA
2013-12-26,0.159854,ETER3,ETER3.SA
2014-03-25,0.364258,ETER3,ETER3.SA
2014-05-20,0.524112,ETER3,ETER3.SA
2014-08-19,0.524112,ETER3,ETER3.SA
2014-11-18,0.524112,ETER3,ETER3.SA
2014-12-30,0.172957,ETER3,ETER3.SA
2015-03-24,0.351155,ETER3,ETER3.SA
2015-05-26,0.524112,ETER3,ETER3.SA
2015-08-06,0.262056,ETER3,ETER3.SA
2015-11-05,0.230609,ETER3,ETER3.SA
2015-12-17,0.230609,ETER3,ETER3.SA
2021-12-22,0.241525,ETER3,ETER3.SA
2022-03-31,0.39373,ETER3,ETER3.SA
2022-08-15,0.297903,ETER3,ETER3.SA
2022-11-14,0.140066,ETER3,ETER3.SA
2022-12-20,0.171122,ETER3,ETER3.SA
2023-05-15,0.077984,ETER3,ETER3.SA
2023-11-13,0.076616,ETER3,ETER3.SA
2023-12-26,0.181371,ETER3,ETER3.SA
2024-03-05,0.163162,ETER3,ETER3.SA
2024-08-12,0.036805,ETER3,ETER3.SA
2024-11-11,0.052023,ETER3,ETER3.SA
2025-03-18,0.03685,ETER3,ETER3.SA
2008-04-15,0.0491,EVEN3,EVEN3.SA
2009-04-23,0.079774,EVEN3,EVEN3.SA
2010-04-12,0.16614,EVEN3,EVEN3.SA
2011-05-02,0.257043,EVEN3,EVEN3.SA
2012-04-19,0.230198,EVEN3,EVEN3.SA
2013-04-30,0.261552,EVEN3,EVEN3.SA
2014-05-21,0.288726,EVEN3,EVEN3.SA
2015-05-04,0.262483,EVEN3,EVEN3.SA
2016-05-24,0.010732,EVEN3,EVEN3.SA
2020-05-04,0.144301,EVEN3,EVEN3.SA
2021-04-29,0.564208,EVEN3,EVEN3.SA
2021-06-21,0.193117,EVEN3,EVEN3.SA
2021-12-21,0.073469,EVEN3,EVEN3.SA
2022-11-21,0.150012,EVEN3,EVEN3.SA
2023-09-21,0.251767,EVEN3,EVEN3.SA
2023-12-20,0.251718,EVEN3,EVEN3.SA
2024-05-17,0.502899,EVEN3,EVEN3.SA
2024-10-09,0.4,EVEN3,EVEN3.SA
2008-04-16,0.053628,EZTC3,EZTC3.SA
2009-04-20,0.092708,EZTC3,EZTC3.SA
2010-04-30,0.19813,EZTC3,EZTC3.SA
2011-04-27,0.289432,EZTC3,EZTC3.SA
2012-04-30,0.390648,EZTC3,EZTC3.SA
2013-04-29,0.399197,EZTC3,EZTC3.SA
2014-05-02,0.695859,EZTC3,EZTC3.SA
2015-05-04,0.81326,EZTC3,EZTC3.SA
2016-05-02,0.777262,EZTC3,EZTC3.SA
2017-05-02,0.901068,EZTC3,EZTC3.SA
2017-12-07,2.202774,EZTC3,EZTC3.SA
2018-04-30,0.426108,EZTC3,EZTC3.SA
2019-04-29,0.140397,EZTC3,EZTC3.SA
2020-04-29,0.294083,EZTC3,EZTC3.SA
2021-04-30,0.423955,EZTC3,EZTC3.SA
2022-03-23,0.460337,EZTC3,EZTC3.SA
2022-05-18,0.112468,EZTC3,EZTC3.SA
2022-08-17,0.090505,EZTC3,EZTC3.SA
2022-11-18,0.11479,EZTC3,EZTC3.SA
2023-03-24,0.03431,EZTC3,EZTC3.SA
2023-05-19,0.045975,EZTC3,EZTC3.SA
2023-08-18,0.082025,EZTC3,EZTC3.SA
2023-11-17,0.042584,EZTC3,EZTC3.SA
2024-03-22,0.090152,EZTC3,EZTC3.SA
2024-05-10,0.061742,EZTC3,EZTC3.SA
2024-08-09,0.096539,EZTC3,EZTC3.SA
2024-11-06,0.832041,EZTC3,EZTC3.SA
2025-03-21,0.137898,EZTC3,EZTC3.SA
2025-05-23,0.102457,EZTC3,EZTC3.SA
2025-08-15,0.304668,EZTC3,EZTC3.SA
2008-04-30,0.002602,FESA3,FESA3.SA
2008-08-14,0.19,FESA3,FESA3.SA
2009-04-15,0.08995,FESA3,FESA3.SA
2009-12-21,0.019728,FESA3,FESA3.SA
2010-04-26,0.002043,FESA3,FESA3.SA
2010-10-29,0.049581,FESA3,FESA3.SA
2011-05-02,0.020702,FESA3,FESA3.SA
2011-11-25,0.057777,FESA3,FESA3.SA
2012-04-25,0.003274,FESA3,FESA3.SA
2012-11-30,0.050021,FESA3,FESA3.SA
2013-04-25,0.005082,FESA3,FESA3.SA
2014-04-29,0.009631,FESA3,FESA3.SA
2014-08-05,0.037175,FESA3,FESA3.SA
2014-12-26,0.01615,FESA3,FESA3.SA
2015-04-29,0.001705,FESA3,FESA3.SA
2015-08-26,0.127892,FESA3,FESA3.SA
2015-12-23,0.079067,FESA3,FESA3.SA
2016-12-15,0.181115,FESA3,FESA3.SA
2017-05-08,0.035567,FESA3,FESA3.SA
2017-07-18,0.067718,FESA3,FESA3.SA
2017-09-18,0.062851,FESA3,FESA3.SA
2017-12-11,0.062182,FESA3,FESA3.SA
2018-01-02,0.055783,FESA3,FESA3.SA
2018-06-08,0.066884,FESA3,FESA3.SA
2018-09-10,0.087066,FESA3,FESA3.SA
2018-12-10,0.089448,FESA3,FESA3.SA
2018-12-28,0.023056,FESA3,FESA3.SA
2019-05-03,0.055147,FESA3,FESA3.SA
2019-06-07,0.074143,FESA3,FESA3.SA
2019-09-06,0.064198,FESA3,FESA3.SA
2019-12-09,0.098655,FESA3,FESA3.SA
2019-12-30,0.014403,FESA3,FESA3.SA
2020-09-08,0.037748,FESA3,FESA3.SA
2020-12-07,0.122179,FESA3,FESA3.SA
2020-12-30,0.051055,FESA3,FESA3.SA
2021-06-07,0.04821,FESA3,FESA3.SA
2021-09-09,0.086368,FESA3,FESA3.SA
2021-12-08,0.056167,FESA3,FESA3.SA
2022-01-04,0.015097,FESA3,FESA3.SA
2022-04-27,0.357335,FESA3,FESA3.SA
2022-06-10,0.216265,FESA3,FESA3.SA
2022-09-09,0.220589,FESA3,FESA3.SA
2022-12-09,0.190933,FESA3,FESA3.SA
2022-12-20,0.237133,FESA3,FESA3.SA
2023-06-09,0.200605,FESA3,FESA3.SA
2023-09-08,0.115244,FESA3,FESA3.SA
2023-12-08,0.114574,FESA3,FESA3.SA
2023-12-19,0.192384,FESA3,FESA3.SA
2024-06-06,0.048254,FESA3,FESA3.SA
2024-09-06,0.049633,FESA3,FESA3.SA
2024-12-06,0.049633,FESA3,FESA3.SA
2024-12-18,0.330883,FESA3,FESA3.SA
2025-06-06,0.024816,FESA3,FESA3.SA
2025-09-03,0.048477,FESA3,FESA3.SA
2008-12-26,3.90148,FIEI3,FIEI3.SA
2010-05-03,1.55434,FIEI3,FIEI3.SA
2010-11-19,7.8,FIEI3,FIEI3.SA
2011-05-03,5.0,FIEI3,FIEI3.SA
2012-05-02,0.72694,FIEI3,FIEI3.SA
2020-05-14,4.13,FIEI3,FIEI3.SA
2021-12-07,0.083323,FIQE3,FIQE3.SA
2022-03-25,0.084258,FIQE3,FIQE3.SA
2023-03-13,0.084005,FIQE3,FIQE3.SA
2023-07-17,0.042487,FIQE3,FIQE3.SA
2023-10-10,0.028325,FIQE3,FIQE3.SA
2024-02-07,0.056649,FIQE3,FIQE3.SA
2024-06-17,0.155785,FIQE3,FIQE3.SA
2025-02-07,0.099136,FIQE3,FIQE3.SA
2025-08-15,0.169921,FIQE3,FIQE3.SA
2010-08-12,0.029137,FLRY3,FLRY3.SA
2010-12-20,0.072561,FLRY3,FLRY3.SA
2011-08-22,0.064638,FLRY3,FLRY3.SA
2011-12-20,0.030185,FLRY3,FLRY3.SA
2012-08-06,0.060334,FLRY3,FLRY3.SA
2012-12-18,0.048268,FLRY3,FLRY3.SA
2013-08-08,0.131667,FLRY3,FLRY3.SA
2013-11-06,0.055163,FLRY3,FLRY3.SA
2013-12-10,0.060334,FLRY3,FLRY3.SA
2014-04-29,0.301673,FLRY3,FLRY3.SA
2014-11-07,0.301672,FLRY3,FLRY3.SA
2015-06-15,0.019609,FLRY3,FLRY3.SA
2015-08-19,0.029289,FLRY3,FLRY3.SA
2016-04-11,0.064441,FLRY3,FLRY3.SA
2016-08-03,0.095832,FLRY3,FLRY3.SA
2016-12-13,0.994107,FLRY3,FLRY3.SA
2017-03-15,0.213465,FLRY3,FLRY3.SA
2017-08-02,0.176563,FLRY3,FLRY3.SA
2018-01-03,0.123836,FLRY3,FLRY3.SA
2018-03-07,0.610806,FLRY3,FLRY3.SA
2018-08-01,0.17216,FLRY3,FLRY3.SA
2019-01-03,0.119722,FLRY3,FLRY3.SA
2019-03-07,0.648239,FLRY3,FLRY3.SA
2019-07-31,0.188852,FLRY3,FLRY3.SA
2020-01-03,0.106066,FLRY3,FLRY3.SA
2020-02-27,0.588691,FLRY3,FLRY3.SA
2021-01-07,0.221341,FLRY3,FLRY3.SA
2021-03-03,0.466177,FLRY3,FLRY3.SA
2021-08-04,0.126228,FLRY3,FLRY3.SA
2021-12-21,0.089389,FLRY3,FLRY3.SA
2022-03-23,0.669344,FLRY3,FLRY3.SA
2022-12-20,0.280457,FLRY3,FLRY3.SA
2023-09-05,0.169221,FLRY3,FLRY3.SA
2023-12-18,0.26558,FLRY3,FLRY3.SA
2024-03-20,0.147614,FLRY3,FLRY3.SA
2024-08-15,0.337384,FLRY3,FLRY3.SA
2024-12-16,0.213913,FLRY3,FLRY3.SA
2025-03-07,0.46614,FLRY3,FLRY3.SA
2025-08-13,0.310099,FLRY3,FLRY3.SA
2008-04-17,0.021933,FRAS3,FRAS3.SA
2008-06-18,0.043363,FRAS3,FRAS3.SA
2008-11-27,0.089402,FRAS3,FRAS3.SA
2009-06-19,0.02592,FRAS3,FRAS3.SA
2009-12-07,0.051839,FRAS3,FRAS3.SA
2010-04-08,0.047417,FRAS3,FRAS3.SA
2010-06-15,0.04478,FRAS3,FRAS3.SA
2010-12-10,0.054244,FRAS3,FRAS3.SA
2011-04-18,0.019958,FRAS3,FRAS3.SA
2011-06-16,0.060084,FRAS3,FRAS3.SA
2011-12-06,0.061538,FRAS3,FRAS3.SA
2012-03-29,0.019969,FRAS3,FRAS3.SA
2012-06-21,0.030085,FRAS3,FRAS3.SA
2012-12-20,0.030085,FRAS3,FRAS3.SA
2013-04-05,0.011399,FRAS3,FRAS3.SA
2013-06-24,0.058894,FRAS3,FRAS3.SA
2013-12-17,0.039462,FRAS3,FRAS3.SA
2014-04-16,0.020111,FRAS3,FRAS3.SA
2014-06-24,0.066338,FRAS3,FRAS3.SA
2014-12-08,0.03642,FRAS3,FRAS3.SA
2015-04-16,0.020111,FRAS3,FRAS3.SA
2015-07-01,0.062207,FRAS3,FRAS3.SA
2015-12-11,0.046558,FRAS3,FRAS3.SA
2016-04-11,0.032151,FRAS3,FRAS3.SA
2016-07-18,0.041727,FRAS3,FRAS3.SA
2016-12-20,0.030753,FRAS3,FRAS3.SA
2017-05-05,0.049298,FRAS3,FRAS3.SA
2017-06-23,0.119845,FRAS3,FRAS3.SA
2017-12-20,0.118873,FRAS3,FRAS3.SA
2018-06-28,0.111535,FRAS3,FRAS3.SA
2018-12-17,0.113246,FRAS3,FRAS3.SA
2019-05-06,0.183314,FRAS3,FRAS3.SA
2019-07-29,0.036712,FRAS3,FRAS3.SA
2019-12-17,0.070245,FRAS3,FRAS3.SA
2020-12-21,0.169873,FRAS3,FRAS3.SA
2021-04-19,0.096895,FRAS3,FRAS3.SA
2021-07-23,0.090589,FRAS3,FRAS3.SA
2021-12-22,0.104234,FRAS3,FRAS3.SA
2022-04-19,0.086875,FRAS3,FRAS3.SA
2022-07-20,0.088862,FRAS3,FRAS3.SA
2022-12-22,0.17438,FRAS3,FRAS3.SA
2023-07-21,0.240767,FRAS3,FRAS3.SA
2023-12-21,0.230995,FRAS3,FRAS3.SA
2024-04-23,0.131583,FRAS3,FRAS3.SA
2024-07-23,0.244963,FRAS3,FRAS3.SA
2024-12-20,0.271651,FRAS3,FRAS3.SA
2025-07-07,0.340245,FRAS3,FRAS3.SA
2008-04-09,2.016242,FRIO3,FRIO3.SA
2009-11-11,8.354639,FRIO3,FRIO3.SA
2010-05-03,9.214757,FRIO3,FRIO3.SA
2011-04-08,14.155596,FRIO3,FRIO3.SA
2010-05-03,1.48269,GEPA3,GEPA3.SA
2011-01-03,0.2,GEPA3,GEPA3.SA
2011-05-02,2.456897,GEPA3,GEPA3.SA
2011-10-20,1.11221,GEPA3,GEPA3.SA
2011-12-28,1.04,GEPA3,GEPA3.SA
2012-11-01,2.19005,GEPA3,GEPA3.SA
2012-12-26,0.918,GEPA3,GEPA3.SA
2013-04-29,0.889189,GEPA3,GEPA3.SA
2013-10-15,1.97297,GEPA3,GEPA3.SA
2013-12-17,0.709,GEPA3,GEPA3.SA
2014-04-29,2.23237,GEPA3,GEPA3.SA
2014-10-03,2.292676,GEPA3,GEPA3.SA
2014-12-30,0.664,GEPA3,GEPA3.SA
2015-04-28,0.639706,GEPA3,GEPA3.SA
2015-11-03,0.655685,GEPA3,GEPA3.SA
2015-12-29,0.556,GEPA3,GEPA3.SA
2016-04-29,1.383646,GEPA3,GEPA3.SA
2016-10-27,1.887423,GEPA3,GEPA3.SA
2016-12-28,0.666,GEPA3,GEPA3.SA
2017-05-02,1.8395,GEPA3,GEPA3.SA
2017-11-01,1.270738,GEPA3,GEPA3.SA
2017-12-20,0.783622,GEPA3,GEPA3.SA
2018-04-30,1.298785,GEPA3,GEPA3.SA
2018-11-23,1.270738,GEPA3,GEPA3.SA
2019-01-03,0.783622,GEPA3,GEPA3.SA
2019-04-29,1.28063,GEPA3,GEPA3.SA
2019-12-13,1.270738,GEPA3,GEPA3.SA
2019-12-23,0.720085,GEPA3,GEPA3.SA
2020-07-06,1.325059,GEPA3,GEPA3.SA
2020-12-21,0.561242,GEPA3,GEPA3.SA
2021-05-03,2.939902,GEPA3,GEPA3.SA
2022-12-08,1.339268,GEPA3,GEPA3.SA
2023-01-05,1.058949,GEPA3,GEPA3.SA
2023-05-02,0.813015,GEPA3,GEPA3.SA
2023-12-12,1.164844,GEPA3,GEPA3.SA
2024-05-02,3.028686,GEPA3,GEPA3.SA
2024-10-03,1.842478,GEPA3,GEPA3.SA
2024-12-17,1.122486,GEPA3,GEPA3.SA
2025-05-02,4.048288,GEPA3,GEPA3.SA
2008-04-07,150.89418,GFSA3,GFSA3.SA
2009-05-04,145.46371,GFSA3,GFSA3.SA
2010-04-28,175.39638,GFSA3,GFSA3.SA
2011-05-02,331.7036,GFSA3,GFSA3.SA
2013-12-30,450.5422,GFSA3,GFSA3.SA
2014-04-28,118.26512,GFSA3,GFSA3.SA
2016-04-26,69.67777,GFSA3,GFSA3.SA
2008-11-17,0.142857,GGBR3,GGBR3.SA
2009-03-03,0.031746,GGBR3,GGBR3.SA
2009-11-17,0.059524,GGBR3,GGBR3.SA
2009-12-29,0.142857,GGBR3,GGBR3.SA
2010-05-18,0.080952,GGBR3,GGBR3.SA
2010-08-17,0.111111,GGBR3,GGBR3.SA
2010-11-17,0.095238,GGBR3,GGBR3.SA
2011-03-15,0.047619,GGBR3,GGBR3.SA
2011-05-20,0.047619,GGBR3,GGBR3.SA
2011-08-16,0.071429,GGBR3,GGBR3.SA
2011-11-22,0.095238,GGBR3,GGBR3.SA
2012-02-28,0.063492,GGBR3,GGBR3.SA
2012-05-14,0.047619,GGBR3,GGBR3.SA
2012-08-14,0.071429,GGBR3,GGBR3.SA
2012-11-13,0.055556,GGBR3,GGBR3.SA
2013-03-05,0.015873,GGBR3,GGBR3.SA
2013-05-20,0.015873,GGBR3,GGBR3.SA
2013-08-13,0.055556,GGBR3,GGBR3.SA
2013-11-12,0.095238,GGBR3,GGBR3.SA
2014-03-06,0.055556,GGBR3,GGBR3.SA
2014-05-22,0.055556,GGBR3,GGBR3.SA
2014-08-12,0.047619,GGBR3,GGBR3.SA
2014-11-18,0.039683,GGBR3,GGBR3.SA
2015-03-17,0.055556,GGBR3,GGBR3.SA
2015-05-22,0.047619,GGBR3,GGBR3.SA
2015-08-25,0.039683,GGBR3,GGBR3.SA
2015-11-10,0.031746,GGBR3,GGBR3.SA
2016-08-23,0.02381,GGBR3,GGBR3.SA
2016-11-22,0.015873,GGBR3,GGBR3.SA
2017-08-22,0.015873,GGBR3,GGBR3.SA
2017-11-22,0.02381,GGBR3,GGBR3.SA
2018-03-12,0.02381,GGBR3,GGBR3.SA
2018-05-22,0.063492,GGBR3,GGBR3.SA
2018-08-22,0.111111,GGBR3,GGBR3.SA
2018-11-22,0.103175,GGBR3,GGBR3.SA
2019-03-07,0.079365,GGBR3,GGBR3.SA
2019-05-20,0.055556,GGBR3,GGBR3.SA
2019-08-19,0.055556,GGBR3,GGBR3.SA
2019-11-12,0.031746,GGBR3,GGBR3.SA
2020-03-02,0.02381,GGBR3,GGBR3.SA
2020-11-09,0.095238,GGBR3,GGBR3.SA
2020-12-22,0.134921,GGBR3,GGBR3.SA
2021-03-12,0.103175,GGBR3,GGBR3.SA
2021-05-17,0.31746,GGBR3,GGBR3.SA
2021-08-17,0.428571,GGBR3,GGBR3.SA
2021-09-28,0.301587,GGBR3,GGBR3.SA
2021-11-08,1.285714,GGBR3,GGBR3.SA
2022-03-08,0.15873,GGBR3,GGBR3.SA
2022-05-17,0.452381,GGBR3,GGBR3.SA
2022-08-16,0.563492,GGBR3,GGBR3.SA
2022-11-22,1.706349,GGBR3,GGBR3.SA
2023-03-15,0.15873,GGBR3,GGBR3.SA
2023-05-16,0.425,GGBR3,GGBR3.SA
2023-08-21,0.358333,GGBR3,GGBR3.SA
2023-11-20,0.391667,GGBR3,GGBR3.SA
2024-03-04,0.083333,GGBR3,GGBR3.SA
2024-05-16,0.28,GGBR3,GGBR3.SA
2024-08-12,0.12,GGBR3,GGBR3.SA
2024-11-19,0.3,GGBR3,GGBR3.SA
2025-03-06,0.1,GGBR3,GGBR3.SA
2025-05-09,0.12,GGBR3,GGBR3.SA
2025-08-12,0.12,GGBR3,GGBR3.SA
2021-11-17,0.187268,GGPS3,GGPS3.SA
2023-04-06,0.259048,GGPS3,GGPS3.SA
2024-04-12,0.318727,GGPS3,GGPS3.SA
2025-04-11,0.323759,GGPS3,GGPS3.SA
2024-04-01,0.043572,GMAT3,GMAT3.SA
2024-06-17,0.061038,GMAT3,GMAT3.SA
2024-09-27,0.045436,GMAT3,GMAT3.SA
2024-11-12,0.043567,GMAT3,GMAT3.SA
2025-03-27,0.060127,GMAT3,GMAT3.SA
2025-06-27,0.067047,GMAT3,GMAT3.SA
2025-09-26,0.072576,GMAT3,GMAT3.SA
2008-02-25,0.245,GOAU3,GOAU3.SA
2008-08-18,0.6,GOAU3,GOAU3.SA
2008-11-17,0.26,GOAU3,GOAU3.SA
2009-03-03,0.1,GOAU3,GOAU3.SA
2009-11-17,0.165,GOAU3,GOAU3.SA
2009-12-29,0.26,GOAU3,GOAU3.SA
2010-05-18,0.136,GOAU3,GOAU3.SA
2010-08-17,0.22,GOAU3,GOAU3.SA
2010-11-17,0.18,GOAU3,GOAU3.SA
2011-03-15,0.09,GOAU3,GOAU3.SA
2011-05-20,0.1,GOAU3,GOAU3.SA
2011-08-16,0.15,GOAU3,GOAU3.SA
2011-11-22,0.19,GOAU3,GOAU3.SA
2012-02-28,0.11,GOAU3,GOAU3.SA
2012-05-14,0.08,GOAU3,GOAU3.SA
2012-08-14,0.13,GOAU3,GOAU3.SA
2012-11-13,0.09,GOAU3,GOAU3.SA
2013-03-05,0.02,GOAU3,GOAU3.SA
2013-05-20,0.02,GOAU3,GOAU3.SA
2013-08-13,0.11,GOAU3,GOAU3.SA
2013-11-12,0.16,GOAU3,GOAU3.SA
2014-03-06,0.08,GOAU3,GOAU3.SA
2014-05-22,0.11,GOAU3,GOAU3.SA
2014-08-12,0.07,GOAU3,GOAU3.SA
2014-11-18,0.04,GOAU3,GOAU3.SA
2015-03-17,0.07,GOAU3,GOAU3.SA
2015-05-22,0.02,GOAU3,GOAU3.SA
2015-08-25,0.02,GOAU3,GOAU3.SA
2017-11-22,0.02,GOAU3,GOAU3.SA
2018-05-22,0.04,GOAU3,GOAU3.SA
2018-08-22,0.07,GOAU3,GOAU3.SA
2018-11-22,0.09,GOAU3,GOAU3.SA
2019-03-07,0.05,GOAU3,GOAU3.SA
2019-05-20,0.04,GOAU3,GOAU3.SA
2019-08-19,0.04,GOAU3,GOAU3.SA
2019-11-12,0.02,GOAU3,GOAU3.SA
2020-03-02,0.02,GOAU3,GOAU3.SA
2020-11-09,0.07,GOAU3,GOAU3.SA
2020-12-22,0.09,GOAU3,GOAU3.SA
2021-03-12,0.08,GOAU3,GOAU3.SA
2021-05-17,0.21,GOAU3,GOAU3.SA
2021-08-17,0.28,GOAU3,GOAU3.SA
2021-09-28,0.2,GOAU3,GOAU3.SA
2021-11-08,1.55,GOAU3,GOAU3.SA
2022-03-08,0.1,GOAU3,GOAU3.SA
2022-05-17,0.29,GOAU3,GOAU3.SA
2022-08-16,0.36,GOAU3,GOAU3.SA
2022-11-22,0.5,GOAU3,GOAU3.SA
2023-03-15,0.1,GOAU3,GOAU3.SA
2023-05-16,0.3,GOAU3,GOAU3.SA
2023-08-21,0.26,GOAU3,GOAU3.SA
2023-11-20,0.93,GOAU3,GOAU3.SA
2024-03-04,0.05,GOAU3,GOAU3.SA
2024-05-16,0.19,GOAU3,GOAU3.SA
2024-08-12,0.08,GOAU3,GOAU3.SA
2024-11-19,0.13,GOAU3,GOAU3.SA
2025-03-06,0.05,GOAU3,GOAU3.SA
2025-05-09,0.08,GOAU3,GOAU3.SA
2025-08-12,0.08,GOAU3,GOAU3.SA
2008-04-18,0.053027,GRND3,GRND3.SA
2008-08-22,0.037778,GRND3,GRND3.SA
2009-04-09,0.048889,GRND3,GRND3.SA
2009-05-22,0.027778,GRND3,GRND3.SA
2009-08-21,0.033333,GRND3,GRND3.SA
2009-11-23,0.023333,GRND3,GRND3.SA
2010-04-27,0.037778,GRND3,GRND3.SA
2010-05-21,0.025,GRND3,GRND3.SA
2010-08-20,0.013333,GRND3,GRND3.SA
2010-11-23,0.04,GRND3,GRND3.SA
2011-04-12,0.056667,GRND3,GRND3.SA
2011-05-20,0.05,GRND3,GRND3.SA
2011-08-19,0.029667,GRND3,GRND3.SA
2011-11-18,0.067,GRND3,GRND3.SA
2012-04-12,0.096667,GRND3,GRND3.SA
2012-05-04,0.065333,GRND3,GRND3.SA
2012-08-07,0.047333,GRND3,GRND3.SA
2013-04-12,0.116667,GRND3,GRND3.SA
2013-05-08,0.071,GRND3,GRND3.SA
2013-08-02,0.046,GRND3,GRND3.SA
2013-11-05,0.093,GRND3,GRND3.SA
2014-04-11,0.122667,GRND3,GRND3.SA
2014-04-30,0.046688,GRND3,GRND3.SA
2014-08-01,0.033133,GRND3,GRND3.SA
2014-10-31,0.059352,GRND3,GRND3.SA
2015-04-10,0.105833,GRND3,GRND3.SA
2015-04-28,0.074709,GRND3,GRND3.SA
2015-07-30,0.04866,GRND3,GRND3.SA
2015-10-29,0.059601,GRND3,GRND3.SA
2016-04-15,0.1229,GRND3,GRND3.SA
2016-05-04,0.089996,GRND3,GRND3.SA
2016-08-03,0.05044,GRND3,GRND3.SA
2016-10-28,0.084345,GRND3,GRND3.SA
2017-04-13,0.020611,GRND3,GRND3.SA
2017-05-03,0.109826,GRND3,GRND3.SA
2017-08-04,0.061614,GRND3,GRND3.SA
2017-11-07,0.081452,GRND3,GRND3.SA
2018-05-04,0.043517,GRND3,GRND3.SA
2018-05-08,0.100571,GRND3,GRND3.SA
2018-08-07,0.037418,GRND3,GRND3.SA
2018-11-06,0.052457,GRND3,GRND3.SA
2019-04-24,0.15899,GRND3,GRND3.SA
2019-05-10,0.040753,GRND3,GRND3.SA
2019-08-09,0.017048,GRND3,GRND3.SA
2019-11-05,0.104,GRND3,GRND3.SA
2020-05-06,0.143812,GRND3,GRND3.SA
2020-11-06,0.023872,GRND3,GRND3.SA
2021-04-23,0.508542,GRND3,GRND3.SA
2021-05-11,0.090861,GRND3,GRND3.SA
2021-08-06,0.037357,GRND3,GRND3.SA
2021-11-08,0.149262,GRND3,GRND3.SA
2021-12-17,0.079441,GRND3,GRND3.SA
2022-05-03,0.081163,GRND3,GRND3.SA
2022-05-10,0.092772,GRND3,GRND3.SA
2022-08-12,0.028441,GRND3,GRND3.SA
2022-11-04,0.103215,GRND3,GRND3.SA
2023-05-03,1.235074,GRND3,GRND3.SA
2023-05-23,0.07551,GRND3,GRND3.SA
2023-08-22,0.018995,GRND3,GRND3.SA
2023-11-22,0.057544,GRND3,GRND3.SA
2024-05-03,0.16163,GRND3,GRND3.SA
2024-05-22,0.084006,GRND3,GRND3.SA
2024-08-22,0.014656,GRND3,GRND3.SA
2024-11-22,0.149189,GRND3,GRND3.SA
2025-04-23,0.255564,GRND3,GRND3.SA
2025-05-15,0.063788,GRND3,GRND3.SA
2025-08-22,0.114529,GRND3,GRND3.SA
2008-04-23,0.085,GUAR3,GUAR3.SA
2009-04-27,0.055,GUAR3,GUAR3.SA
2010-04-27,0.07875,GUAR3,GUAR3.SA
2011-05-03,0.13625,GUAR3,GUAR3.SA
2012-05-02,0.145,GUAR3,GUAR3.SA
2013-04-15,0.145,GUAR3,GUAR3.SA
2013-12-12,0.225288,GUAR3,GUAR3.SA
2014-03-12,0.063638,GUAR3,GUAR3.SA
2014-06-13,0.063638,GUAR3,GUAR3.SA
2014-09-12,0.063638,GUAR3,GUAR3.SA
2014-12-12,0.063638,GUAR3,GUAR3.SA
2015-03-12,0.079213,GUAR3,GUAR3.SA
2015-06-12,0.086425,GUAR3,GUAR3.SA
2015-09-14,0.093625,GUAR3,GUAR3.SA
2016-03-23,0.11585,GUAR3,GUAR3.SA
2016-06-29,0.057925,GUAR3,GUAR3.SA
2017-03-29,0.0484,GUAR3,GUAR3.SA
2017-06-29,0.04865,GUAR3,GUAR3.SA
2017-09-28,0.04865,GUAR3,GUAR3.SA
2018-01-02,0.072125,GUAR3,GUAR3.SA
2018-03-29,0.0525,GUAR3,GUAR3.SA
2018-04-30,0.011938,GUAR3,GUAR3.SA
2018-06-28,0.048888,GUAR3,GUAR3.SA
2018-09-27,0.058688,GUAR3,GUAR3.SA
2018-12-21,0.33015,GUAR3,GUAR3.SA
2019-03-28,0.006947,GUAR3,GUAR3.SA
2019-05-02,0.3312,GUAR3,GUAR3.SA
2019-06-28,0.0326,GUAR3,GUAR3.SA
2019-10-01,0.03,GUAR3,GUAR3.SA
2020-01-02,0.4771,GUAR3,GUAR3.SA
2020-12-01,0.4058,GUAR3,GUAR3.SA
2021-06-30,0.0301,GUAR3,GUAR3.SA
2021-09-30,0.0302,GUAR3,GUAR3.SA
2021-12-22,0.4097,GUAR3,GUAR3.SA
2022-03-30,0.0601,GUAR3,GUAR3.SA
2022-06-29,0.0603,GUAR3,GUAR3.SA
2022-09-28,0.0201,GUAR3,GUAR3.SA
2024-05-24,0.1202,GUAR3,GUAR3.SA
2025-07-25,0.1177,GUAR3,GUAR3.SA
2018-12-17,0.552963,HAPV3,HAPV3.SA
2019-04-23,0.364959,HAPV3,HAPV3.SA
2019-07-03,0.46608,HAPV3,HAPV3.SA
2020-01-06,0.479064,HAPV3,HAPV3.SA
2020-04-29,0.049452,HAPV3,HAPV3.SA
2020-09-11,0.447258,HAPV3,HAPV3.SA
2021-01-08,0.376965,HAPV3,HAPV3.SA
2021-05-06,0.037875,HAPV3,HAPV3.SA
2021-07-07,0.26526,HAPV3,HAPV3.SA
2021-09-28,0.176475,HAPV3,HAPV3.SA
2021-12-28,0.08058,HAPV3,HAPV3.SA
2008-02-18,0.035426,HBOR3,HBOR3.SA
2010-04-27,0.411541,HBOR3,HBOR3.SA
2011-04-18,0.95238,HBOR3,HBOR3.SA
2012-04-17,1.302064,HBOR3,HBOR3.SA
2013-04-22,2.430792,HBOR3,HBOR3.SA
2014-04-24,2.352999,HBOR3,HBOR3.SA
2015-04-30,1.83784,HBOR3,HBOR3.SA
2016-05-02,0.302585,HBOR3,HBOR3.SA
2021-05-03,0.047463,HBOR3,HBOR3.SA
2022-05-02,0.180718,HBOR3,HBOR3.SA
2023-05-02,0.091379,HBOR3,HBOR3.SA
2024-05-02,0.091013,HBOR3,HBOR3.SA
2025-04-24,0.10114,HBOR3,HBOR3.SA
2011-05-02,0.120572,HYPE3,HYPE3.SA
2013-05-02,0.163013,HYPE3,HYPE3.SA
2016-04-15,0.039397,HYPE3,HYPE3.SA
2016-05-03,0.210603,HYPE3,HYPE3.SA
2016-07-28,0.25,HYPE3,HYPE3.SA
2017-02-16,0.6,HYPE3,HYPE3.SA
2017-04-20,0.050897,HYPE3,HYPE3.SA
2018-01-02,0.92,HYPE3,HYPE3.SA
2018-04-06,0.212009,HYPE3,HYPE3.SA
2018-07-04,0.20543,HYPE3,HYPE3.SA
2018-10-03,0.19966,HYPE3,HYPE3.SA
2018-12-26,0.35117,HYPE3,HYPE3.SA
2019-04-12,0.25472,HYPE3,HYPE3.SA
2019-07-03,0.25562,HYPE3,HYPE3.SA
2019-10-03,0.25537,HYPE3,HYPE3.SA
2019-12-26,0.30424,HYPE3,HYPE3.SA
2020-03-30,0.29394,HYPE3,HYPE3.SA
2020-06-29,0.29349,HYPE3,HYPE3.SA
2020-10-26,0.2929,HYPE3,HYPE3.SA
2020-12-29,0.29285,HYPE3,HYPE3.SA
2021-03-29,0.30881,HYPE3,HYPE3.SA
2021-07-23,0.30817,HYPE3,HYPE3.SA
2021-09-28,0.30808,HYPE3,HYPE3.SA
2021-12-29,0.30881,HYPE3,HYPE3.SA
2022-03-29,0.30881,HYPE3,HYPE3.SA
2022-06-28,0.30776,HYPE3,HYPE3.SA
2022-09-29,0.30767,HYPE3,HYPE3.SA
2022-12-23,0.30773,HYPE3,HYPE3.SA
2023-03-30,0.30791,HYPE3,HYPE3.SA
2023-07-04,0.30793,HYPE3,HYPE3.SA
2023-09-28,0.30786,HYPE3,HYPE3.SA
2023-12-27,0.30774,HYPE3,HYPE3.SA
2024-02-02,0.09725,HYPE3,HYPE3.SA
2024-03-22,0.09722,HYPE3,HYPE3.SA
2024-04-24,0.09724,HYPE3,HYPE3.SA
2024-05-24,0.09735,HYPE3,HYPE3.SA
2024-06-24,0.09767,HYPE3,HYPE3.SA
2024-07-25,0.09767,HYPE3,HYPE3.SA
2024-09-24,0.19534,HYPE3,HYPE3.SA
2024-12-30,0.29081,HYPE3,HYPE3.SA
2025-03-28,0.2925,HYPE3,HYPE3.SA
2025-06-27,0.2925,HYPE3,HYPE3.SA
2025-09-29,0.2925,HYPE3,HYPE3.SA
2008-04-29,0.0157,IGTI3,IGTI3.SA
2009-04-30,0.017752,IGTI3,IGTI3.SA
2010-05-03,0.016,IGTI3,IGTI3.SA
2011-07-04,0.010899,IGTI3,IGTI3.SA
2012-04-30,0.116455,IGTI3,IGTI3.SA
2014-04-30,0.021927,IGTI3,IGTI3.SA
2017-04-28,0.014955,IGTI3,IGTI3.SA
2018-04-27,0.039822,IGTI3,IGTI3.SA
2019-04-23,0.039823,IGTI3,IGTI3.SA
2020-07-09,0.011378,IGTI3,IGTI3.SA
2021-04-28,0.011378,IGTI3,IGTI3.SA
2022-05-02,0.048756,IGTI3,IGTI3.SA
2023-03-06,0.013073,IGTI3,IGTI3.SA
2023-04-24,0.039218,IGTI3,IGTI3.SA
2024-02-26,0.023947,IGTI3,IGTI3.SA
2024-04-19,0.072206,IGTI3,IGTI3.SA
2025-02-24,0.024072,IGTI3,IGTI3.SA
2025-04-22,0.07238,IGTI3,IGTI3.SA
2017-11-08,4.462064,IRBR3,IRBR3.SA
2018-03-22,12.594834,IRBR3,IRBR3.SA
2018-11-08,4.45813,IRBR3,IRBR3.SA
2019-03-22,17.969149,IRBR3,IRBR3.SA
2019-11-19,4.90134,IRBR3,IRBR3.SA
2020-08-17,0.771892,IRBR3,IRBR3.SA
2000-12-22,0.000213,ISAE3,ISAE3.SA
2001-04-25,6.3e-05,ISAE3,ISAE3.SA
2001-07-06,0.000213,ISAE3,ISAE3.SA
2001-12-19,8.1e-05,ISAE3,ISAE3.SA
2002-04-29,0.000219,ISAE3,ISAE3.SA
2002-07-05,0.000364,ISAE3,ISAE3.SA
2002-10-04,0.000214,ISAE3,ISAE3.SA
2002-12-27,0.000334,ISAE3,ISAE3.SA
2003-04-28,8.5e-05,ISAE3,ISAE3.SA
2003-05-23,0.000458,ISAE3,ISAE3.SA
2003-09-19,0.000528,ISAE3,ISAE3.SA
2004-05-21,0.000182,ISAE3,ISAE3.SA
2004-12-03,0.00032,ISAE3,ISAE3.SA
2005-06-24,0.000364,ISAE3,ISAE3.SA
2005-09-23,0.000636,ISAE3,ISAE3.SA
2005-12-29,0.000602,ISAE3,ISAE3.SA
2006-04-24,0.000651,ISAE3,ISAE3.SA
2006-05-26,0.000364,ISAE3,ISAE3.SA
2007-03-20,0.000974,ISAE3,ISAE3.SA
2007-07-11,0.001609,ISAE3,ISAE3.SA
2007-10-02,1.162283,ISAE3,ISAE3.SA
2007-11-06,1.33713,ISAE3,ISAE3.SA
2007-12-14,0.26206,ISAE3,ISAE3.SA
2008-01-22,1.13876,ISAE3,ISAE3.SA
2008-04-01,0.41217,ISAE3,ISAE3.SA
2008-04-11,0.4488,ISAE3,ISAE3.SA
2008-07-10,1.36189,ISAE3,ISAE3.SA
2008-10-10,0.77033,ISAE3,ISAE3.SA
2008-12-15,0.39969,ISAE3,ISAE3.SA
2009-01-13,0.82057,ISAE3,ISAE3.SA
2009-04-14,0.42359,ISAE3,ISAE3.SA
2009-04-16,0.70931,ISAE3,ISAE3.SA
2009-06-23,0.42829,ISAE3,ISAE3.SA
2009-07-07,0.40755,ISAE3,ISAE3.SA
2009-10-07,1.09852,ISAE3,ISAE3.SA
2009-12-16,0.40742,ISAE3,ISAE3.SA
2010-01-12,1.06865,ISAE3,ISAE3.SA
2010-04-09,1.27376,ISAE3,ISAE3.SA
2010-05-05,0.50914,ISAE3,ISAE3.SA
2010-07-08,0.83381,ISAE3,ISAE3.SA
2010-10-08,1.383135,ISAE3,ISAE3.SA
2011-01-17,1.153271,ISAE3,ISAE3.SA
2011-04-07,1.62683,ISAE3,ISAE3.SA
2011-05-02,0.110087,ISAE3,ISAE3.SA
2011-07-07,1.47525,ISAE3,ISAE3.SA
2011-10-11,1.541208,ISAE3,ISAE3.SA
2012-01-17,1.532803,ISAE3,ISAE3.SA
2012-04-17,0.953944,ISAE3,ISAE3.SA
2012-07-02,1.054621,ISAE3,ISAE3.SA
2013-12-26,1.310088,ISAE3,ISAE3.SA
2014-04-02,0.196514,ISAE3,ISAE3.SA
2014-08-13,0.196514,ISAE3,ISAE3.SA
2014-11-25,1.023196,ISAE3,ISAE3.SA
2015-05-07,0.192417,ISAE3,ISAE3.SA
2015-05-27,0.686875,ISAE3,ISAE3.SA
2015-11-26,1.389686,ISAE3,ISAE3.SA
2016-06-22,0.667797,ISAE3,ISAE3.SA
2016-12-05,0.834746,ISAE3,ISAE3.SA
2017-06-02,0.819569,ISAE3,ISAE3.SA
2017-11-21,2.218299,ISAE3,ISAE3.SA
2018-04-18,0.514164,ISAE3,ISAE3.SA
2018-06-06,4.615728,ISAE3,ISAE3.SA
2018-12-07,7.436826,ISAE3,ISAE3.SA
2019-08-05,0.562186,ISAE3,ISAE3.SA
2019-11-11,0.784661,ISAE3,ISAE3.SA
2019-12-16,0.163679,ISAE3,ISAE3.SA
2020-04-17,0.228164,ISAE3,ISAE3.SA
2020-07-07,0.151772,ISAE3,ISAE3.SA
2020-11-05,0.522095,ISAE3,ISAE3.SA
2020-12-17,0.837549,ISAE3,ISAE3.SA
2021-02-26,0.806156,ISAE3,ISAE3.SA
2021-03-31,0.795967,ISAE3,ISAE3.SA
2021-07-07,0.502542,ISAE3,ISAE3.SA
2021-11-04,1.310301,ISAE3,ISAE3.SA
2021-12-23,0.173896,ISAE3,ISAE3.SA
2022-12-27,1.062404,ISAE3,ISAE3.SA
2023-12-14,2.204083,ISAE3,ISAE3.SA
2025-01-10,0.668903,ISAE3,ISAE3.SA
2025-02-12,0.668903,ISAE3,ISAE3.SA
2025-03-12,0.668903,ISAE3,ISAE3.SA
2006-03-08,0.015012,ITSA3,ITSA3.SA
2007-02-28,0.042843,ITSA3,ITSA3.SA
2007-06-22,0.004561,ITSA3,ITSA3.SA
2007-08-20,0.019383,ITSA3,ITSA3.SA
2007-09-19,0.004561,ITSA3,ITSA3.SA
2007-11-27,0.004371,ITSA3,ITSA3.SA
2008-02-25,0.00228,ITSA3,ITSA3.SA
2008-06-23,0.005344,ITSA3,ITSA3.SA
2008-08-18,0.016605,ITSA3,ITSA3.SA
2008-09-19,0.005344,ITSA3,ITSA3.SA
2008-12-01,0.005344,ITSA3,ITSA3.SA
2009-01-02,0.027714,ITSA3,ITSA3.SA
2009-03-02,0.005344,ITSA3,ITSA3.SA
2009-03-10,0.042571,ITSA3,ITSA3.SA
2009-06-01,0.005879,ITSA3,ITSA3.SA
2009-08-24,0.018274,ITSA3,ITSA3.SA
2009-09-01,0.005879,ITSA3,ITSA3.SA
2009-12-01,0.005879,ITSA3,ITSA3.SA
2010-01-04,0.012492,ITSA3,ITSA3.SA
2010-03-01,0.005879,ITSA3,ITSA3.SA
2010-03-03,0.076195,ITSA3,ITSA3.SA
2010-06-01,0.005887,ITSA3,ITSA3.SA
2010-08-11,0.02559,ITSA3,ITSA3.SA
2010-09-01,0.005887,ITSA3,ITSA3.SA
2010-12-01,0.005887,ITSA3,ITSA3.SA
2011-01-03,0.036749,ITSA3,ITSA3.SA
2011-03-01,0.005887,ITSA3,ITSA3.SA
2011-03-10,0.016869,ITSA3,ITSA3.SA
2011-03-30,0.046966,ITSA3,ITSA3.SA
2011-06-01,0.005898,ITSA3,ITSA3.SA
2011-08-10,0.032859,ITSA3,ITSA3.SA
2011-09-01,0.005898,ITSA3,ITSA3.SA
2011-12-01,0.005898,ITSA3,ITSA3.SA
2011-12-27,0.058977,ITSA3,ITSA3.SA
2012-03-01,0.005426,ITSA3,ITSA3.SA
2012-06-01,0.006979,ITSA3,ITSA3.SA
2012-09-03,0.006979,ITSA3,ITSA3.SA
2012-12-03,0.006979,ITSA3,ITSA3.SA
2012-12-26,0.05118,ITSA3,ITSA3.SA
2013-03-01,0.006979,ITSA3,ITSA3.SA
2013-03-06,0.058532,ITSA3,ITSA3.SA
2013-06-03,0.007779,ITSA3,ITSA3.SA
2013-08-07,0.036821,ITSA3,ITSA3.SA
2013-09-02,0.007779,ITSA3,ITSA3.SA
2013-12-02,0.007779,ITSA3,ITSA3.SA
2013-12-23,0.0446,ITSA3,ITSA3.SA
2014-03-05,0.007819,ITSA3,ITSA3.SA
2014-06-02,0.008601,ITSA3,ITSA3.SA
2014-08-14,0.047018,ITSA3,ITSA3.SA
2014-09-01,0.008601,ITSA3,ITSA3.SA
2014-12-01,0.008601,ITSA3,ITSA3.SA
2014-12-22,0.020413,ITSA3,ITSA3.SA
2015-02-11,0.15272,ITSA3,ITSA3.SA
2015-03-02,0.008621,ITSA3,ITSA3.SA
2015-06-01,0.009483,ITSA3,ITSA3.SA
2015-08-13,0.054687,ITSA3,ITSA3.SA
2015-09-01,0.009483,ITSA3,ITSA3.SA
2015-12-01,0.009483,ITSA3,ITSA3.SA
2015-12-10,0.076435,ITSA3,ITSA3.SA
2016-02-19,0.114937,ITSA3,ITSA3.SA
2016-03-01,0.009483,ITSA3,ITSA3.SA
2016-06-01,0.010432,ITSA3,ITSA3.SA
2016-08-15,0.05494,ITSA3,ITSA3.SA
2016-09-01,0.010432,ITSA3,ITSA3.SA
2016-12-01,0.010432,ITSA3,ITSA3.SA
2016-12-23,0.191941,ITSA3,ITSA3.SA
2017-03-01,0.010497,ITSA3,ITSA3.SA
2017-06-01,0.010497,ITSA3,ITSA3.SA
2017-08-15,0.055284,ITSA3,ITSA3.SA
2017-09-01,0.010497,ITSA3,ITSA3.SA
2017-12-01,0.010497,ITSA3,ITSA3.SA
2017-12-26,0.117609,ITSA3,ITSA3.SA
2018-02-23,0.473505,ITSA3,ITSA3.SA
2018-03-01,0.010613,ITSA3,ITSA3.SA
2018-06-01,0.011674,ITSA3,ITSA3.SA
2018-08-20,0.162502,ITSA3,ITSA3.SA
2018-09-03,0.011674,ITSA3,ITSA3.SA
2018-12-03,0.015565,ITSA3,ITSA3.SA
2018-12-18,0.006304,ITSA3,ITSA3.SA
2019-02-22,0.594829,ITSA3,ITSA3.SA
2019-03-01,0.015565,ITSA3,ITSA3.SA
2019-06-03,0.015565,ITSA3,ITSA3.SA
2019-08-16,0.265,ITSA3,ITSA3.SA
2019-09-02,0.015565,ITSA3,ITSA3.SA
2019-12-02,0.015565,ITSA3,ITSA3.SA
2019-12-13,0.004631,ITSA3,ITSA3.SA
2020-02-21,0.345084,ITSA3,ITSA3.SA
2020-03-02,0.015565,ITSA3,ITSA3.SA
2020-06-01,0.015565,ITSA3,ITSA3.SA
2020-08-18,0.015565,ITSA3,ITSA3.SA
2020-09-01,0.015565,ITSA3,ITSA3.SA
2020-12-01,0.015565,ITSA3,ITSA3.SA
2020-12-11,0.079111,ITSA3,ITSA3.SA
2021-01-26,0.016188,ITSA3,ITSA3.SA
2021-03-10,0.012029,ITSA3,ITSA3.SA
2021-03-26,0.014849,ITSA3,ITSA3.SA
2021-04-28,0.016585,ITSA3,ITSA3.SA
2021-05-25,0.01432,ITSA3,ITSA3.SA
2021-06-01,0.015565,ITSA3,ITSA3.SA
2021-08-16,0.02906,ITSA3,ITSA3.SA
2021-09-01,0.015565,ITSA3,ITSA3.SA
2021-11-24,0.120413,ITSA3,ITSA3.SA
2021-12-01,0.018312,ITSA3,ITSA3.SA
2021-12-14,0.018312,ITSA3,ITSA3.SA
2022-01-17,0.108963,ITSA3,ITSA3.SA
2022-03-25,0.092644,ITSA3,ITSA3.SA
2022-06-01,0.019228,ITSA3,ITSA3.SA
2022-08-19,0.048786,ITSA3,ITSA3.SA
2022-09-01,0.019227,ITSA3,ITSA3.SA
2022-11-21,0.046329,ITSA3,ITSA3.SA
2022-12-01,0.021151,ITSA3,ITSA3.SA
2022-12-09,0.166746,ITSA3,ITSA3.SA
2023-03-01,0.021151,ITSA3,ITSA3.SA
2023-03-24,0.069485,ITSA3,ITSA3.SA
2023-06-01,0.021151,ITSA3,ITSA3.SA
2023-06-23,0.102834,ITSA3,ITSA3.SA
2023-07-26,0.046293,ITSA3,ITSA3.SA
2023-08-18,0.021243,ITSA3,ITSA3.SA
2023-09-22,0.105179,ITSA3,ITSA3.SA
2023-10-20,0.046496,ITSA3,ITSA3.SA
2023-12-01,0.022305,ITSA3,ITSA3.SA
2023-12-19,0.075269,ITSA3,ITSA3.SA
2024-02-23,0.284864,ITSA3,ITSA3.SA
2024-03-01,0.022305,ITSA3,ITSA3.SA
2024-03-22,0.066358,ITSA3,ITSA3.SA
2024-06-03,0.022305,ITSA3,ITSA3.SA
2024-06-21,0.089678,ITSA3,ITSA3.SA
2024-09-02,0.022305,ITSA3,ITSA3.SA
2024-09-20,0.045882,ITSA3,ITSA3.SA
2024-12-02,0.022305,ITSA3,ITSA3.SA
2024-12-12,0.057831,ITSA3,ITSA3.SA
2025-02-18,0.60149,ITSA3,ITSA3.SA
2025-03-05,0.047059,ITSA3,ITSA3.SA
2025-06-02,0.02353,ITSA3,ITSA3.SA
2025-06-23,0.0591,ITSA3,ITSA3.SA
2025-08-19,0.1859,ITSA3,ITSA3.SA
2025-09-01,0.02353,ITSA3,ITSA3.SA
2007-02-01,0.001806,ITUB3,ITUB3.SA
2007-11-27,0.010537,ITUB3,ITUB3.SA
2008-01-02,0.001806,ITUB3,ITUB3.SA
2008-02-01,0.001806,ITUB3,ITUB3.SA
2008-02-25,0.105368,ITUB3,ITUB3.SA
2008-03-03,0.001806,ITUB3,ITUB3.SA
2008-04-01,0.001806,ITUB3,ITUB3.SA
2008-05-02,0.001806,ITUB3,ITUB3.SA
2008-06-02,0.003613,ITUB3,ITUB3.SA
2008-07-01,0.004516,ITUB3,ITUB3.SA
2008-08-01,0.004516,ITUB3,ITUB3.SA
2008-09-01,0.004516,ITUB3,ITUB3.SA
2008-10-01,0.004516,ITUB3,ITUB3.SA
2008-12-01,0.004516,ITUB3,ITUB3.SA
2009-01-02,0.029146,ITUB3,ITUB3.SA
2009-02-02,0.004516,ITUB3,ITUB3.SA
2009-03-02,0.004516,ITUB3,ITUB3.SA
2009-03-10,0.081585,ITUB3,ITUB3.SA
2009-04-01,0.004516,ITUB3,ITUB3.SA
2009-05-04,0.004516,ITUB3,ITUB3.SA
2009-06-01,0.004516,ITUB3,ITUB3.SA
2009-07-01,0.004516,ITUB3,ITUB3.SA
2009-08-03,0.004516,ITUB3,ITUB3.SA
2009-08-24,0.063974,ITUB3,ITUB3.SA
2009-09-01,0.004967,ITUB3,ITUB3.SA
2009-10-01,0.004967,ITUB3,ITUB3.SA
2009-11-03,0.004967,ITUB3,ITUB3.SA
2009-12-01,0.004967,ITUB3,ITUB3.SA
2010-01-04,0.067457,ITUB3,ITUB3.SA
2010-02-01,0.004967,ITUB3,ITUB3.SA
2010-02-22,0.135253,ITUB3,ITUB3.SA
2010-03-01,0.004967,ITUB3,ITUB3.SA
2010-04-01,0.004967,ITUB3,ITUB3.SA
2010-05-03,0.004967,ITUB3,ITUB3.SA
2010-06-01,0.004967,ITUB3,ITUB3.SA
2010-07-01,0.004967,ITUB3,ITUB3.SA
2010-08-02,0.004967,ITUB3,ITUB3.SA
2010-08-11,0.086732,ITUB3,ITUB3.SA
2010-09-01,0.004967,ITUB3,ITUB3.SA
2010-10-01,0.004967,ITUB3,ITUB3.SA
2010-11-01,0.004967,ITUB3,ITUB3.SA
2010-12-01,0.004967,ITUB3,ITUB3.SA
2011-01-03,0.093966,ITUB3,ITUB3.SA
2011-02-01,0.004967,ITUB3,ITUB3.SA
2011-03-01,0.004967,ITUB3,ITUB3.SA
2011-03-10,0.134338,ITUB3,ITUB3.SA
2011-04-01,0.004967,ITUB3,ITUB3.SA
2011-05-02,0.004967,ITUB3,ITUB3.SA
2011-07-01,0.004967,ITUB3,ITUB3.SA
2011-08-01,0.004967,ITUB3,ITUB3.SA
2011-08-10,0.112014,ITUB3,ITUB3.SA
2011-09-01,0.004967,ITUB3,ITUB3.SA
2011-10-03,0.004967,ITUB3,ITUB3.SA
2011-11-01,0.004967,ITUB3,ITUB3.SA
2011-12-01,0.004967,ITUB3,ITUB3.SA
2011-12-27,0.119217,ITUB3,ITUB3.SA
2012-01-02,0.004967,ITUB3,ITUB3.SA
2012-03-01,0.178577,ITUB3,ITUB3.SA
2012-04-02,0.006209,ITUB3,ITUB3.SA
2012-06-01,0.006209,ITUB3,ITUB3.SA
2012-07-02,0.006209,ITUB3,ITUB3.SA
2012-08-01,0.006209,ITUB3,ITUB3.SA
2012-08-02,0.114829,ITUB3,ITUB3.SA
2012-09-03,0.006209,ITUB3,ITUB3.SA
2012-10-01,0.006209,ITUB3,ITUB3.SA
2012-11-01,0.006209,ITUB3,ITUB3.SA
2012-12-03,0.006209,ITUB3,ITUB3.SA
2012-12-26,0.129152,ITUB3,ITUB3.SA
2013-01-02,0.006209,ITUB3,ITUB3.SA
2013-02-01,0.006209,ITUB3,ITUB3.SA
2013-03-01,0.006209,ITUB3,ITUB3.SA
2013-03-06,0.158294,ITUB3,ITUB3.SA
2013-04-01,0.006209,ITUB3,ITUB3.SA
2013-05-02,0.006209,ITUB3,ITUB3.SA
2013-06-03,0.00683,ITUB3,ITUB3.SA
2013-07-01,0.00683,ITUB3,ITUB3.SA
2013-08-01,0.00683,ITUB3,ITUB3.SA
2013-08-07,0.126312,ITUB3,ITUB3.SA
2013-10-01,0.00683,ITUB3,ITUB3.SA
2013-11-01,0.00683,ITUB3,ITUB3.SA
2013-12-02,0.00683,ITUB3,ITUB3.SA
2013-12-23,0.092708,ITUB3,ITUB3.SA
2014-01-02,0.00683,ITUB3,ITUB3.SA
2014-02-03,0.00683,ITUB3,ITUB3.SA
2014-02-19,0.238417,ITUB3,ITUB3.SA
2014-03-05,0.00683,ITUB3,ITUB3.SA
2014-04-01,0.00683,ITUB3,ITUB3.SA
2014-05-02,0.00683,ITUB3,ITUB3.SA
2014-06-02,0.00683,ITUB3,ITUB3.SA
2014-07-01,0.007513,ITUB3,ITUB3.SA
2014-08-01,0.007513,ITUB3,ITUB3.SA
2014-08-14,0.163085,ITUB3,ITUB3.SA
2014-09-01,0.007513,ITUB3,ITUB3.SA
2014-10-01,0.007513,ITUB3,ITUB3.SA
2014-11-03,0.007513,ITUB3,ITUB3.SA
2014-12-01,0.007513,ITUB3,ITUB3.SA
2015-01-02,0.007513,ITUB3,ITUB3.SA
2015-02-02,0.007513,ITUB3,ITUB3.SA
2015-02-11,0.42289,ITUB3,ITUB3.SA
2015-03-02,0.007513,ITUB3,ITUB3.SA
2015-04-01,0.007513,ITUB3,ITUB3.SA
2015-05-04,0.007513,ITUB3,ITUB3.SA
2015-06-01,0.007513,ITUB3,ITUB3.SA
2015-07-01,0.007513,ITUB3,ITUB3.SA
2015-08-03,0.008264,ITUB3,ITUB3.SA
2015-08-13,0.190634,ITUB3,ITUB3.SA
2015-09-01,0.008264,ITUB3,ITUB3.SA
2015-10-01,0.008264,ITUB3,ITUB3.SA
2015-11-03,0.008264,ITUB3,ITUB3.SA
2015-12-01,0.008264,ITUB3,ITUB3.SA
2015-12-10,0.115152,ITUB3,ITUB3.SA
2016-01-04,0.008264,ITUB3,ITUB3.SA
2016-02-01,0.008264,ITUB3,ITUB3.SA
2016-02-19,0.360551,ITUB3,ITUB3.SA
2016-03-01,0.008264,ITUB3,ITUB3.SA
2016-04-01,0.008264,ITUB3,ITUB3.SA
2016-05-02,0.008264,ITUB3,ITUB3.SA
2016-06-01,0.008264,ITUB3,ITUB3.SA
2016-07-01,0.008264,ITUB3,ITUB3.SA
2016-08-01,0.008264,ITUB3,ITUB3.SA
2016-08-15,0.219835,ITUB3,ITUB3.SA
2016-09-01,0.008264,ITUB3,ITUB3.SA
2016-10-03,0.008264,ITUB3,ITUB3.SA
2016-11-01,0.009091,ITUB3,ITUB3.SA
2016-12-01,0.009091,ITUB3,ITUB3.SA
2016-12-23,0.285697,ITUB3,ITUB3.SA
2017-01-02,0.009091,ITUB3,ITUB3.SA
2017-02-01,0.009091,ITUB3,ITUB3.SA
2017-02-21,0.469939,ITUB3,ITUB3.SA
2017-03-01,0.009091,ITUB3,ITUB3.SA
2017-04-03,0.009091,ITUB3,ITUB3.SA
2017-05-02,0.009091,ITUB3,ITUB3.SA
2017-06-01,0.009091,ITUB3,ITUB3.SA
2017-07-03,0.009091,ITUB3,ITUB3.SA
2017-08-01,0.009091,ITUB3,ITUB3.SA
2017-08-15,0.241818,ITUB3,ITUB3.SA
2017-09-01,0.009091,ITUB3,ITUB3.SA
2017-10-02,0.009091,ITUB3,ITUB3.SA
2017-11-01,0.009091,ITUB3,ITUB3.SA
2017-12-01,0.009091,ITUB3,ITUB3.SA
2017-12-15,0.087576,ITUB3,ITUB3.SA
2018-01-02,0.009091,ITUB3,ITUB3.SA
2018-02-01,0.009091,ITUB3,ITUB3.SA
2018-02-16,1.359394,ITUB3,ITUB3.SA
2018-03-01,0.009091,ITUB3,ITUB3.SA
2018-04-02,0.009091,ITUB3,ITUB3.SA
2018-05-02,0.009091,ITUB3,ITUB3.SA
2018-06-01,0.009091,ITUB3,ITUB3.SA
2018-07-02,0.009091,ITUB3,ITUB3.SA
2018-08-01,0.009091,ITUB3,ITUB3.SA
2018-08-20,0.454061,ITUB3,ITUB3.SA
2018-09-03,0.009091,ITUB3,ITUB3.SA
2018-10-01,0.009091,ITUB3,ITUB3.SA
2018-11-01,0.009091,ITUB3,ITUB3.SA
2018-12-03,0.013636,ITUB3,ITUB3.SA
2018-12-18,0.009636,ITUB3,ITUB3.SA
2019-01-02,0.013636,ITUB3,ITUB3.SA
2019-02-01,0.013636,ITUB3,ITUB3.SA
2019-02-22,1.636455,ITUB3,ITUB3.SA
2019-03-01,0.013636,ITUB3,ITUB3.SA
2019-04-01,0.013636,ITUB3,ITUB3.SA
2019-05-02,0.013636,ITUB3,ITUB3.SA
2019-06-03,0.013636,ITUB3,ITUB3.SA
2019-07-01,0.013636,ITUB3,ITUB3.SA
2019-08-01,0.013636,ITUB3,ITUB3.SA
2019-08-16,0.715364,ITUB3,ITUB3.SA
2019-09-02,0.013636,ITUB3,ITUB3.SA
2019-10-01,0.013636,ITUB3,ITUB3.SA
2019-11-01,0.013636,ITUB3,ITUB3.SA
2019-12-02,0.013636,ITUB3,ITUB3.SA
2019-12-13,0.034145,ITUB3,ITUB3.SA
2020-01-02,0.013636,ITUB3,ITUB3.SA
2020-02-03,0.013636,ITUB3,ITUB3.SA
2020-02-21,0.915182,ITUB3,ITUB3.SA
2020-03-02,0.013636,ITUB3,ITUB3.SA
2020-04-01,0.013636,ITUB3,ITUB3.SA
2020-05-04,0.013636,ITUB3,ITUB3.SA
2020-06-01,0.013636,ITUB3,ITUB3.SA
2020-07-01,0.013636,ITUB3,ITUB3.SA
2020-08-03,0.013636,ITUB3,ITUB3.SA
2020-08-18,0.048091,ITUB3,ITUB3.SA
2020-09-01,0.013636,ITUB3,ITUB3.SA
2020-10-01,0.013636,ITUB3,ITUB3.SA
2020-11-03,0.013636,ITUB3,ITUB3.SA
2020-12-01,0.013636,ITUB3,ITUB3.SA
2020-12-11,0.058145,ITUB3,ITUB3.SA
2021-01-04,0.013636,ITUB3,ITUB3.SA
2021-01-26,0.0456,ITUB3,ITUB3.SA
2021-02-01,0.013636,ITUB3,ITUB3.SA
2021-02-26,0.133625,ITUB3,ITUB3.SA
2021-03-01,0.013636,ITUB3,ITUB3.SA
2021-03-26,0.046036,ITUB3,ITUB3.SA
2021-04-01,0.013636,ITUB3,ITUB3.SA
2021-04-28,0.051345,ITUB3,ITUB3.SA
2021-05-03,0.013636,ITUB3,ITUB3.SA
2021-05-25,0.044309,ITUB3,ITUB3.SA
2021-06-01,0.013636,ITUB3,ITUB3.SA
2021-07-01,0.013636,ITUB3,ITUB3.SA
2021-08-02,0.013636,ITUB3,ITUB3.SA
2021-08-16,0.0944,ITUB3,ITUB3.SA
2021-09-01,0.013636,ITUB3,ITUB3.SA
2021-10-01,0.013636,ITUB3,ITUB3.SA
2021-11-01,0.016045,ITUB3,ITUB3.SA
2021-11-22,0.240501,ITUB3,ITUB3.SA
2021-12-01,0.016045,ITUB3,ITUB3.SA
2022-01-03,0.016045,ITUB3,ITUB3.SA
2022-02-01,0.016045,ITUB3,ITUB3.SA
2022-02-22,0.012418,ITUB3,ITUB3.SA
2022-03-02,0.016045,ITUB3,ITUB3.SA
2022-04-01,0.016045,ITUB3,ITUB3.SA
2022-05-02,0.016045,ITUB3,ITUB3.SA
2022-06-01,0.016045,ITUB3,ITUB3.SA
2022-07-01,0.016045,ITUB3,ITUB3.SA
2022-08-01,0.016045,ITUB3,ITUB3.SA
2022-08-19,0.278636,ITUB3,ITUB3.SA
2022-09-01,0.016045,ITUB3,ITUB3.SA
2022-10-03,0.016045,ITUB3,ITUB3.SA
2022-11-01,0.016045,ITUB3,ITUB3.SA
2022-12-01,0.016045,ITUB3,ITUB3.SA
2022-12-09,0.441982,ITUB3,ITUB3.SA
2023-01-02,0.016045,ITUB3,ITUB3.SA
2023-02-01,0.016045,ITUB3,ITUB3.SA
2023-03-01,0.016045,ITUB3,ITUB3.SA
2023-03-24,0.238182,ITUB3,ITUB3.SA
2023-04-03,0.016045,ITUB3,ITUB3.SA
2023-05-02,0.016045,ITUB3,ITUB3.SA
2023-06-01,0.016045,ITUB3,ITUB3.SA
2023-06-20,0.242091,ITUB3,ITUB3.SA
2023-07-03,0.016045,ITUB3,ITUB3.SA
2023-08-01,0.016045,ITUB3,ITUB3.SA
2023-09-01,0.016045,ITUB3,ITUB3.SA
2023-09-19,0.244818,ITUB3,ITUB3.SA
2023-10-02,0.016045,ITUB3,ITUB3.SA
2023-11-01,0.016045,ITUB3,ITUB3.SA
2023-12-01,0.016045,ITUB3,ITUB3.SA
2023-12-07,0.224764,ITUB3,ITUB3.SA
2024-01-02,0.016045,ITUB3,ITUB3.SA
2024-02-01,0.016045,ITUB3,ITUB3.SA
2024-02-22,1.022841,ITUB3,ITUB3.SA
2024-03-01,0.016045,ITUB3,ITUB3.SA
2024-03-22,0.219818,ITUB3,ITUB3.SA
2024-04-01,0.016045,ITUB3,ITUB3.SA
2024-05-02,0.016045,ITUB3,ITUB3.SA
2024-06-03,0.016045,ITUB3,ITUB3.SA
2024-06-21,0.228182,ITUB3,ITUB3.SA
2024-07-01,0.016045,ITUB3,ITUB3.SA
2024-08-01,0.016045,ITUB3,ITUB3.SA
2024-09-02,0.016045,ITUB3,ITUB3.SA
2024-09-20,0.248164,ITUB3,ITUB3.SA
2024-10-01,0.016045,ITUB3,ITUB3.SA
2024-11-01,0.016045,ITUB3,ITUB3.SA
2024-12-02,0.016045,ITUB3,ITUB3.SA
2024-12-10,0.282327,ITUB3,ITUB3.SA
2025-01-02,0.016045,ITUB3,ITUB3.SA
2025-02-03,0.016045,ITUB3,ITUB3.SA
2025-02-18,1.440336,ITUB3,ITUB3.SA
2025-03-05,0.016045,ITUB3,ITUB3.SA
2025-04-01,0.01765,ITUB3,ITUB3.SA
2025-05-02,0.01765,ITUB3,ITUB3.SA
2025-06-02,0.01765,ITUB3,ITUB3.SA
2025-06-10,0.3341,ITUB3,ITUB3.SA
2025-07-01,0.01765,ITUB3,ITUB3.SA
2025-08-01,0.01765,ITUB3,ITUB3.SA
2025-08-19,0.3634,ITUB3,ITUB3.SA
2025-09-01,0.01765,ITUB3,ITUB3.SA
2025-10-01,0.01765,ITUB3,ITUB3.SA
2021-07-28,0.138358,JALL3,JALL3.SA
2021-12-09,0.154732,JALL3,JALL3.SA
2022-07-27,0.177472,JALL3,JALL3.SA
2023-08-01,0.441524,JALL3,JALL3.SA
2024-07-26,0.067695,JALL3,JALL3.SA
2008-03-14,0.035186,JHSF3,JHSF3.SA
2009-04-29,0.105555,JHSF3,JHSF3.SA
2009-12-28,0.122941,JHSF3,JHSF3.SA
2010-05-03,0.070386,JHSF3,JHSF3.SA
2010-10-28,0.095725,JHSF3,JHSF3.SA
2011-05-02,0.234621,JHSF3,JHSF3.SA
2012-01-26,0.139988,JHSF3,JHSF3.SA
2012-03-27,0.046663,JHSF3,JHSF3.SA
2013-04-15,0.069578,JHSF3,JHSF3.SA
2013-05-02,0.115963,JHSF3,JHSF3.SA
2014-05-02,0.046306,JHSF3,JHSF3.SA
2019-04-04,0.116414,JHSF3,JHSF3.SA
2019-12-30,0.083152,JHSF3,JHSF3.SA
2020-08-19,0.078771,JHSF3,JHSF3.SA
2020-10-08,0.067137,JHSF3,JHSF3.SA
2021-04-05,0.210369,JHSF3,JHSF3.SA
2021-10-15,0.183471,JHSF3,JHSF3.SA
2022-03-04,0.160656,JHSF3,JHSF3.SA
2022-12-16,0.048048,JHSF3,JHSF3.SA
2023-01-18,0.047941,JHSF3,JHSF3.SA
2023-02-15,0.047941,JHSF3,JHSF3.SA
2023-03-17,0.047941,JHSF3,JHSF3.SA
2023-04-20,0.047941,JHSF3,JHSF3.SA
2023-05-19,0.047941,JHSF3,JHSF3.SA
2023-06-20,0.047941,JHSF3,JHSF3.SA
2023-07-27,0.044253,JHSF3,JHSF3.SA
2023-08-11,0.044253,JHSF3,JHSF3.SA
2023-09-12,0.044253,JHSF3,JHSF3.SA
2023-12-28,0.030731,JHSF3,JHSF3.SA
2024-02-01,0.030805,JHSF3,JHSF3.SA
2024-03-01,0.030819,JHSF3,JHSF3.SA
2024-04-01,0.030819,JHSF3,JHSF3.SA
2024-04-30,0.030865,JHSF3,JHSF3.SA
2024-05-31,0.030887,JHSF3,JHSF3.SA
2024-07-01,0.030949,JHSF3,JHSF3.SA
2024-08-01,0.030949,JHSF3,JHSF3.SA
2024-08-30,0.030949,JHSF3,JHSF3.SA
2024-10-01,0.030977,JHSF3,JHSF3.SA
2024-11-01,0.030977,JHSF3,JHSF3.SA
2024-11-29,0.030977,JHSF3,JHSF3.SA
2024-12-30,0.030977,JHSF3,JHSF3.SA
2025-01-31,0.031078,JHSF3,JHSF3.SA
2025-02-26,0.030986,JHSF3,JHSF3.SA
2025-04-04,0.030986,JHSF3,JHSF3.SA
2025-04-30,0.031034,JHSF3,JHSF3.SA
2025-05-30,0.031109,JHSF3,JHSF3.SA
2025-07-02,0.031161,JHSF3,JHSF3.SA
2025-08-01,0.031268,JHSF3,JHSF3.SA
2025-09-01,0.031268,JHSF3,JHSF3.SA
2025-10-01,0.031268,JHSF3,JHSF3.SA
2021-01-07,0.055446,JSLG3,JSLG3.SA
2021-04-30,0.079279,JSLG3,JSLG3.SA
2021-12-27,0.1591,JSLG3,JSLG3.SA
2022-05-06,0.21613,JSLG3,JSLG3.SA
2022-12-28,0.236108,JSLG3,JSLG3.SA
2023-12-07,0.316868,JSLG3,JSLG3.SA
2024-12-27,0.420512,JSLG3,JSLG3.SA
2013-04-25,0.050033,KEPL3,KEPL3.SA
2013-11-13,0.0681,KEPL3,KEPL3.SA
2014-04-28,0.082617,KEPL3,KEPL3.SA
2014-10-27,0.08045,KEPL3,KEPL3.SA
2015-04-24,0.226933,KEPL3,KEPL3.SA
2016-04-28,0.017033,KEPL3,KEPL3.SA
2019-04-25,0.016403,KEPL3,KEPL3.SA
2019-12-13,0.025337,KEPL3,KEPL3.SA
2020-04-17,0.040467,KEPL3,KEPL3.SA
2020-10-22,0.050674,KEPL3,KEPL3.SA
2021-03-31,0.160903,KEPL3,KEPL3.SA
2021-06-29,0.118,KEPL3,KEPL3.SA
2021-10-13,1.530186,KEPL3,KEPL3.SA
2022-03-24,0.420812,KEPL3,KEPL3.SA
2022-08-30,0.184804,KEPL3,KEPL3.SA
2022-11-29,0.391814,KEPL3,KEPL3.SA
2023-03-22,0.434861,KEPL3,KEPL3.SA
2023-08-29,0.311156,KEPL3,KEPL3.SA
2023-11-29,0.113148,KEPL3,KEPL3.SA
2024-04-04,0.423567,KEPL3,KEPL3.SA
2024-07-01,0.169759,KEPL3,KEPL3.SA
2024-08-13,0.08767,KEPL3,KEPL3.SA
2024-11-12,0.163005,KEPL3,KEPL3.SA
2025-04-01,0.403997,KEPL3,KEPL3.SA
2025-08-12,0.144232,KEPL3,KEPL3.SA
2007-08-24,0.032722,KLBN3,KLBN3.SA
2008-03-25,0.022698,KLBN3,KLBN3.SA
2008-09-04,0.022129,KLBN3,KLBN3.SA
2009-05-18,0.006218,KLBN3,KLBN3.SA
2009-08-24,0.008873,KLBN3,KLBN3.SA
2009-11-09,0.008231,KLBN3,KLBN3.SA
2010-04-19,0.010805,KLBN3,KLBN3.SA
2010-04-23,0.010805,KLBN3,KLBN3.SA
2010-07-12,0.009478,KLBN3,KLBN3.SA
2010-09-30,0.013269,KLBN3,KLBN3.SA
2011-07-05,0.015729,KLBN3,KLBN3.SA
2011-10-03,0.010585,KLBN3,KLBN3.SA
2012-04-12,0.015415,KLBN3,KLBN3.SA
2012-07-11,0.023095,KLBN3,KLBN3.SA
2013-04-15,0.01464,KLBN3,KLBN3.SA
2013-08-06,0.026947,KLBN3,KLBN3.SA
2013-11-12,0.01636,KLBN3,KLBN3.SA
2014-03-21,0.017878,KLBN3,KLBN3.SA
2016-08-01,0.021439,KLBN3,KLBN3.SA
2016-11-04,0.02323,KLBN3,KLBN3.SA
2017-02-07,0.025841,KLBN3,KLBN3.SA
2017-05-05,0.011514,KLBN3,KLBN3.SA
2017-08-02,0.023623,KLBN3,KLBN3.SA
2017-11-03,0.029776,KLBN3,KLBN3.SA
2018-02-07,0.029575,KLBN3,KLBN3.SA
2018-05-03,0.026254,KLBN3,KLBN3.SA
2018-08-06,0.030572,KLBN3,KLBN3.SA
2018-11-05,0.058726,KLBN3,KLBN3.SA
2018-12-21,0.043181,KLBN3,KLBN3.SA
2019-02-13,0.003454,KLBN3,KLBN3.SA
2019-05-07,0.034671,KLBN3,KLBN3.SA
2019-08-09,0.033119,KLBN3,KLBN3.SA
2019-11-07,0.050714,KLBN3,KLBN3.SA
2019-12-23,0.034499,KLBN3,KLBN3.SA
2020-02-11,0.003967,KLBN3,KLBN3.SA
2021-11-01,0.066539,KLBN3,KLBN3.SA
2022-02-15,0.062402,KLBN3,KLBN3.SA
2022-05-09,0.057167,KLBN3,KLBN3.SA
2022-08-02,0.065925,KLBN3,KLBN3.SA
2022-11-01,0.082944,KLBN3,KLBN3.SA
2022-12-21,0.005948,KLBN3,KLBN3.SA
2023-02-14,0.057004,KLBN3,KLBN3.SA
2023-05-08,0.064127,KLBN3,KLBN3.SA
2023-08-07,0.044324,KLBN3,KLBN3.SA
2023-10-30,0.052568,KLBN3,KLBN3.SA
2023-12-22,0.028179,KLBN3,KLBN3.SA
2024-02-16,0.03164,KLBN3,KLBN3.SA
2024-05-06,0.05428,KLBN3,KLBN3.SA
2024-08-06,0.067439,KLBN3,KLBN3.SA
2024-11-12,0.069909,KLBN3,KLBN3.SA
2024-12-17,0.042439,KLBN3,KLBN3.SA
2025-03-06,0.008883,KLBN3,KLBN3.SA
2025-05-14,0.04576,KLBN3,KLBN3.SA
2025-08-11,0.050189,KLBN3,KLBN3.SA
2022-04-27,0.204923,LAND3,LAND3.SA
2023-03-20,1.354462,LAND3,LAND3.SA
2024-04-29,0.086931,LAND3,LAND3.SA
2025-04-25,0.072401,LAND3,LAND3.SA
2021-04-28,0.10349,LAVV3,LAVV3.SA
2021-10-19,0.576393,LAVV3,LAVV3.SA
2022-04-27,0.208622,LAVV3,LAVV3.SA
2022-05-02,0.087917,LAVV3,LAVV3.SA
2022-08-31,0.307008,LAVV3,LAVV3.SA
2023-03-15,0.179088,LAVV3,LAVV3.SA
2023-05-17,0.03112,LAVV3,LAVV3.SA
2023-08-16,0.084018,LAVV3,LAVV3.SA
2023-11-17,0.059019,LAVV3,LAVV3.SA
2023-12-14,0.307008,LAVV3,LAVV3.SA
2024-03-15,0.107114,LAVV3,LAVV3.SA
2024-05-17,0.085072,LAVV3,LAVV3.SA
2024-08-16,0.080334,LAVV3,LAVV3.SA
2024-11-18,0.412415,LAVV3,LAVV3.SA
2025-02-11,0.409345,LAVV3,LAVV3.SA
2025-05-16,0.105611,LAVV3,LAVV3.SA
2025-08-15,0.144294,LAVV3,LAVV3.SA
2009-12-16,0.284645,LEVE3,LEVE3.SA
2010-11-11,0.786236,LEVE3,LEVE3.SA
2011-08-16,0.320075,LEVE3,LEVE3.SA
2011-12-12,1.059919,LEVE3,LEVE3.SA
2012-01-02,0.048656,LEVE3,LEVE3.SA
2012-04-11,0.128227,LEVE3,LEVE3.SA
2012-08-02,0.167861,LEVE3,LEVE3.SA
2012-12-05,0.271264,LEVE3,LEVE3.SA
2013-01-02,0.059402,LEVE3,LEVE3.SA
2013-08-08,0.12805,LEVE3,LEVE3.SA
2014-04-24,0.123511,LEVE3,LEVE3.SA
2014-08-11,0.158503,LEVE3,LEVE3.SA
2014-12-08,0.956662,LEVE3,LEVE3.SA
2014-12-30,0.040685,LEVE3,LEVE3.SA
2015-04-30,0.13224,LEVE3,LEVE3.SA
2015-08-04,0.194163,LEVE3,LEVE3.SA
2015-12-09,0.938726,LEVE3,LEVE3.SA
2015-12-30,0.057403,LEVE3,LEVE3.SA
2016-04-28,0.377462,LEVE3,LEVE3.SA
2016-08-15,0.237685,LEVE3,LEVE3.SA
2017-08-14,0.391337,LEVE3,LEVE3.SA
2017-11-22,0.169802,LEVE3,LEVE3.SA
2018-01-04,0.114193,LEVE3,LEVE3.SA
2018-05-07,1.102765,LEVE3,LEVE3.SA
2018-11-21,0.550204,LEVE3,LEVE3.SA
2019-01-03,0.111672,LEVE3,LEVE3.SA
2019-05-07,1.475851,LEVE3,LEVE3.SA
2019-11-22,0.537437,LEVE3,LEVE3.SA
2020-01-03,0.091529,LEVE3,LEVE3.SA
2021-01-05,0.542202,LEVE3,LEVE3.SA
2021-04-30,0.372983,LEVE3,LEVE3.SA
2022-01-03,0.53684,LEVE3,LEVE3.SA
2022-04-28,3.603208,LEVE3,LEVE3.SA
2023-01-02,0.822594,LEVE3,LEVE3.SA
2023-04-28,3.469874,LEVE3,LEVE3.SA
2023-11-03,5.54,LEVE3,LEVE3.SA
2023-11-13,0.650993,LEVE3,LEVE3.SA
2023-12-22,0.168138,LEVE3,LEVE3.SA
2024-04-30,1.632479,LEVE3,LEVE3.SA
2024-11-11,0.539198,LEVE3,LEVE3.SA
2024-12-20,0.190647,LEVE3,LEVE3.SA
2025-04-30,1.906841,LEVE3,LEVE3.SA
2020-12-23,0.065882,LJQQ3,LJQQ3.SA
2021-04-29,0.018274,LJQQ3,LJQQ3.SA
2021-12-23,0.12033,LJQQ3,LJQQ3.SA
2024-01-02,0.167674,LJQQ3,LJQQ3.SA
2024-12-27,0.122044,LJQQ3,LJQQ3.SA
2019-06-03,0.139977,LOGG3,LOGG3.SA
2020-05-20,0.211742,LOGG3,LOGG3.SA
2021-03-08,0.325427,LOGG3,LOGG3.SA
2022-02-15,0.866635,LOGG3,LOGG3.SA
2023-02-14,0.917768,LOGG3,LOGG3.SA
2024-02-14,0.697624,LOGG3,LOGG3.SA
2024-12-11,1.717672,LOGG3,LOGG3.SA
2025-05-06,0.235626,LOGG3,LOGG3.SA
2025-08-11,0.23739,LOGG3,LOGG3.SA
2008-03-05,0.500368,LOGN3,LOGN3.SA
2009-03-18,1.00851,LOGN3,LOGN3.SA
2008-04-30,0.349612,LPSB3,LPSB3.SA
2011-05-02,0.227496,LPSB3,LPSB3.SA
2012-05-11,0.31471,LPSB3,LPSB3.SA
2013-04-23,0.097028,LPSB3,LPSB3.SA
2014-05-12,0.36749,LPSB3,LPSB3.SA
2015-05-12,0.001303,LPSB3,LPSB3.SA
2022-05-02,0.075575,LPSB3,LPSB3.SA
2023-05-02,0.020692,LPSB3,LPSB3.SA
2024-05-02,0.040636,LPSB3,LPSB3.SA
2025-05-02,0.07284,LPSB3,LPSB3.SA
2008-04-01,0.091654,LREN3,LREN3.SA
2008-12-17,0.040602,LREN3,LREN3.SA
2009-04-16,0.009609,LREN3,LREN3.SA
2009-12-18,0.049696,LREN3,LREN3.SA
2010-04-23,0.108431,LREN3,LREN3.SA
2010-12-17,0.07779,LREN3,LREN3.SA
2011-03-15,0.020464,LREN3,LREN3.SA
2011-04-12,0.178103,LREN3,LREN3.SA
2011-06-28,0.020925,LREN3,LREN3.SA
2011-09-26,0.021426,LREN3,LREN3.SA
2011-12-20,0.021711,LREN3,LREN3.SA
2012-03-15,0.022402,LREN3,LREN3.SA
2012-04-23,0.194459,LREN3,LREN3.SA
2012-06-20,0.0227,LREN3,LREN3.SA
2012-09-20,0.021968,LREN3,LREN3.SA
2012-12-20,0.022266,LREN3,LREN3.SA
2013-03-18,0.01507,LREN3,LREN3.SA
2013-04-19,0.202077,LREN3,LREN3.SA
2013-06-20,0.01549,LREN3,LREN3.SA
2013-09-19,0.016005,LREN3,LREN3.SA
2013-12-19,0.016194,LREN3,LREN3.SA
2014-03-19,0.018688,LREN3,LREN3.SA
2014-06-18,0.019136,LREN3,LREN3.SA
2014-09-18,0.019624,LREN3,LREN3.SA
2014-12-18,0.019827,LREN3,LREN3.SA
2015-03-19,0.025316,LREN3,LREN3.SA
2015-04-17,0.124103,LREN3,LREN3.SA
2015-06-19,0.02827,LREN3,LREN3.SA
2015-09-24,0.031617,LREN3,LREN3.SA
2015-12-18,0.034558,LREN3,LREN3.SA
2016-03-16,0.04313,LREN3,LREN3.SA
2016-04-22,0.126035,LREN3,LREN3.SA
2016-06-23,0.043489,LREN3,LREN3.SA
2016-09-27,0.047304,LREN3,LREN3.SA
2016-12-16,0.049194,LREN3,LREN3.SA
2017-03-22,0.050658,LREN3,LREN3.SA
2017-04-20,0.081053,LREN3,LREN3.SA
2017-06-26,0.048258,LREN3,LREN3.SA
2017-09-25,0.05248,LREN3,LREN3.SA
2017-12-20,0.055381,LREN3,LREN3.SA
2018-03-21,0.054385,LREN3,LREN3.SA
2018-04-20,0.100797,LREN3,LREN3.SA
2018-06-25,0.054593,LREN3,LREN3.SA
2018-09-25,0.059395,LREN3,LREN3.SA
2018-12-27,0.066818,LREN3,LREN3.SA
2019-03-22,0.069279,LREN3,LREN3.SA
2019-04-22,0.189463,LREN3,LREN3.SA
2019-06-26,0.063666,LREN3,LREN3.SA
2019-09-25,0.064435,LREN3,LREN3.SA
2019-12-26,0.063361,LREN3,LREN3.SA
2020-03-20,0.060376,LREN3,LREN3.SA
2020-04-30,0.016242,LREN3,LREN3.SA
2020-06-24,0.057882,LREN3,LREN3.SA
2020-09-23,0.068334,LREN3,LREN3.SA
2020-12-21,0.062527,LREN3,LREN3.SA
2021-03-19,0.060262,LREN3,LREN3.SA
2021-04-26,0.032182,LREN3,LREN3.SA
2021-06-28,0.081251,LREN3,LREN3.SA
2021-09-22,0.10562,LREN3,LREN3.SA
2021-12-22,0.117183,LREN3,LREN3.SA
2022-03-23,0.130827,LREN3,LREN3.SA
2022-06-29,0.149261,LREN3,LREN3.SA
2022-09-28,0.158778,LREN3,LREN3.SA
2022-12-23,0.167317,LREN3,LREN3.SA
2023-03-22,0.165752,LREN3,LREN3.SA
2023-06-28,0.163797,LREN3,LREN3.SA
2023-09-27,0.163355,LREN3,LREN3.SA
2023-12-21,0.155949,LREN3,LREN3.SA
2024-03-20,0.136627,LREN3,LREN3.SA
2024-06-26,0.141745,LREN3,LREN3.SA
2024-09-25,0.153418,LREN3,LREN3.SA
2024-12-27,0.170621,LREN3,LREN3.SA
2025-03-26,0.187752,LREN3,LREN3.SA
2025-07-03,0.203027,LREN3,LREN3.SA
2025-09-24,0.219727,LREN3,LREN3.SA
2010-04-26,0.017167,LUXM4,LUXM4.SA
2011-05-02,0.030167,LUXM4,LUXM4.SA
2012-04-30,0.03975,LUXM4,LUXM4.SA
2013-05-02,0.040333,LUXM4,LUXM4.SA
2014-04-30,0.050004,LUXM4,LUXM4.SA
2015-04-29,0.054092,LUXM4,LUXM4.SA
2016-04-29,0.059583,LUXM4,LUXM4.SA
2017-05-02,0.093993,LUXM4,LUXM4.SA
2018-04-30,0.049551,LUXM4,LUXM4.SA
2019-05-02,0.05844,LUXM4,LUXM4.SA
2019-11-01,0.175463,LUXM4,LUXM4.SA
2020-08-03,0.245498,LUXM4,LUXM4.SA
2020-08-06,0.338374,LUXM4,LUXM4.SA
2021-04-23,0.050503,LUXM4,LUXM4.SA
2021-04-28,0.150388,LUXM4,LUXM4.SA
2022-04-29,0.087043,LUXM4,LUXM4.SA
2023-04-28,0.297265,LUXM4,LUXM4.SA
2024-04-26,0.111215,LUXM4,LUXM4.SA
2025-04-30,0.11619,LUXM4,LUXM4.SA
2020-12-09,0.031777,LWSA3,LWSA3.SA
2023-05-10,0.052421,LWSA3,LWSA3.SA
2024-11-13,0.071647,LWSA3,LWSA3.SA
2025-08-20,0.051909,LWSA3,LWSA3.SA
2022-05-02,0.090022,MATD3,MATD3.SA
2023-05-02,0.064345,MATD3,MATD3.SA
2024-05-02,0.074861,MATD3,MATD3.SA
2025-05-14,0.074861,MATD3,MATD3.SA
2024-11-13,0.65,MDNE3,MDNE3.SA
2025-05-22,0.590891,MDNE3,MDNE3.SA
2012-05-02,0.005608,MEAL3,MEAL3.SA
2014-04-28,0.006811,MEAL3,MEAL3.SA
2018-04-30,0.005355,MEAL3,MEAL3.SA
2019-04-30,0.011781,MEAL3,MEAL3.SA
2021-04-27,0.00636,MELK3,MELK3.SA
2021-11-17,0.207731,MELK3,MELK3.SA
2021-12-23,0.069243,MELK3,MELK3.SA
2022-04-26,0.090834,MELK3,MELK3.SA
2022-05-20,0.029676,MELK3,MELK3.SA
2022-08-19,0.034622,MELK3,MELK3.SA
2022-11-17,0.054406,MELK3,MELK3.SA
2023-05-02,0.278001,MELK3,MELK3.SA
2023-10-05,0.196328,MELK3,MELK3.SA
2023-12-18,0.086228,MELK3,MELK3.SA
2024-04-30,0.204284,MELK3,MELK3.SA
2024-12-17,0.195841,MELK3,MELK3.SA
2025-03-19,0.734315,MELK3,MELK3.SA
2025-04-30,0.272131,MELK3,MELK3.SA
2025-06-26,0.108054,MELK3,MELK3.SA
2011-05-02,0.975001,MGEL4,MGEL4.SA
2012-05-02,0.004343,MGLU3,MGLU3.SA
2014-02-21,0.019198,MGLU3,MGLU3.SA
2014-04-23,0.03138,MGLU3,MGLU3.SA
2015-01-15,0.022848,MGLU3,MGLU3.SA
2015-04-28,0.031818,MGLU3,MGLU3.SA
2017-04-26,0.037167,MGLU3,MGLU3.SA
2017-12-20,0.115776,MGLU3,MGLU3.SA
2018-04-17,0.0773,MGLU3,MGLU3.SA
2019-01-02,0.173241,MGLU3,MGLU3.SA
2019-04-16,0.108222,MGLU3,MGLU3.SA
2019-10-08,0.172114,MGLU3,MGLU3.SA
2020-01-02,0.083686,MGLU3,MGLU3.SA
2020-07-31,0.220187,MGLU3,MGLU3.SA
2020-12-30,0.245999,MGLU3,MGLU3.SA
2021-07-06,0.144919,MGLU3,MGLU3.SA
2025-04-28,0.305175,MGLU3,MGLU3.SA
2010-12-29,0.202398,MILS3,MILS3.SA
2011-04-20,0.021615,MILS3,MILS3.SA
2011-09-29,0.175172,MILS3,MILS3.SA
2011-12-22,0.0191,MILS3,MILS3.SA
2012-04-23,0.007532,MILS3,MILS3.SA
2012-06-22,0.172653,MILS3,MILS3.SA
2013-01-03,0.158229,MILS3,MILS3.SA
2013-06-24,0.184455,MILS3,MILS3.SA
2013-12-26,0.153596,MILS3,MILS3.SA
2014-04-28,0.027323,MILS3,MILS3.SA
2014-06-24,0.195905,MILS3,MILS3.SA
2021-05-27,0.023523,MILS3,MILS3.SA
2021-08-18,0.081411,MILS3,MILS3.SA
2021-11-18,0.082429,MILS3,MILS3.SA
2022-05-02,0.053273,MILS3,MILS3.SA
2022-06-09,0.08886,MILS3,MILS3.SA
2022-09-08,0.056552,MILS3,MILS3.SA
2022-12-07,0.063595,MILS3,MILS3.SA
2023-04-03,0.076724,MILS3,MILS3.SA
2023-04-28,0.01002,MILS3,MILS3.SA
2023-06-27,0.076009,MILS3,MILS3.SA
2023-09-27,0.069546,MILS3,MILS3.SA
2023-12-28,0.070799,MILS3,MILS3.SA
2024-03-27,0.080581,MILS3,MILS3.SA
2024-05-03,0.01322,MILS3,MILS3.SA
2024-06-28,0.093894,MILS3,MILS3.SA
2024-08-20,0.213446,MILS3,MILS3.SA
2025-01-02,0.228776,MILS3,MILS3.SA
2025-04-14,0.060602,MILS3,MILS3.SA
2025-08-20,0.215745,MILS3,MILS3.SA
2002-07-19,0.542752,MNDL3,MNDL3.SA
2003-08-18,0.49452,MNDL3,MNDL3.SA
2007-06-11,0.222499,MNDL3,MNDL3.SA
2008-05-09,0.044352,MNDL3,MNDL3.SA
2011-05-30,1.386895,MNDL3,MNDL3.SA
2008-01-18,1.674128,MOAR3,MOAR3.SA
2008-06-05,1.255598,MOAR3,MOAR3.SA
2008-09-02,1.674128,MOAR3,MOAR3.SA
2009-01-08,1.423006,MOAR3,MOAR3.SA
2009-04-30,1.255598,MOAR3,MOAR3.SA
2009-08-17,1.423006,MOAR3,MOAR3.SA
2010-01-11,1.046329,MOAR3,MOAR3.SA
2010-04-01,0.753357,MOAR3,MOAR3.SA
2010-06-18,0.760285,MOAR3,MOAR3.SA
2010-09-23,0.802523,MOAR3,MOAR3.SA
2010-11-25,0.422381,MOAR3,MOAR3.SA
2011-01-04,0.760284,MOAR3,MOAR3.SA
2011-03-24,1.055949,MOAR3,MOAR3.SA
2011-06-17,0.760285,MOAR3,MOAR3.SA
2011-09-30,2.675507,MOAR3,MOAR3.SA
2011-12-02,0.422381,MOAR3,MOAR3.SA
2012-01-04,0.844761,MOAR3,MOAR3.SA
2012-03-16,2.196378,MOAR3,MOAR3.SA
2012-04-02,1.450465,MOAR3,MOAR3.SA
2012-08-07,0.229733,MOAR3,MOAR3.SA
2013-01-21,19.472,MOAR3,MOAR3.SA
2013-03-04,3.908399,MOAR3,MOAR3.SA
2013-10-30,0.76415,MOAR3,MOAR3.SA
2013-12-19,1.22437,MOAR3,MOAR3.SA
2014-01-30,3.8364,MOAR3,MOAR3.SA
2014-08-21,1.231151,MOAR3,MOAR3.SA
2014-11-25,0.816245,MOAR3,MOAR3.SA
2015-01-14,2.040613,MOAR3,MOAR3.SA
2015-03-05,1.061119,MOAR3,MOAR3.SA
2015-04-28,0.816245,MOAR3,MOAR3.SA
2015-06-05,2.040613,MOAR3,MOAR3.SA
2015-07-29,0.816245,MOAR3,MOAR3.SA
2015-09-04,0.816245,MOAR3,MOAR3.SA
2015-09-28,2.448736,MOAR3,MOAR3.SA
2015-12-03,0.816245,MOAR3,MOAR3.SA
2015-12-30,3.836352,MOAR3,MOAR3.SA
2016-04-27,0.979494,MOAR3,MOAR3.SA
2016-06-17,1.224368,MOAR3,MOAR3.SA
2016-08-22,1.224368,MOAR3,MOAR3.SA
2016-11-28,0.979494,MOAR3,MOAR3.SA
2016-12-21,2.856858,MOAR3,MOAR3.SA
2017-01-24,1.224368,MOAR3,MOAR3.SA
2017-03-27,0.816245,MOAR3,MOAR3.SA
2017-06-30,2.040613,MOAR3,MOAR3.SA
2017-08-18,2.040613,MOAR3,MOAR3.SA
2017-10-25,2.040613,MOAR3,MOAR3.SA
2017-12-14,2.856858,MOAR3,MOAR3.SA
2018-01-19,2.040612,MOAR3,MOAR3.SA
2018-03-19,2.040612,MOAR3,MOAR3.SA
2018-05-22,4.081225,MOAR3,MOAR3.SA
2018-07-19,2.856858,MOAR3,MOAR3.SA
2018-09-18,4.081226,MOAR3,MOAR3.SA
2018-12-19,1.714114,MOAR3,MOAR3.SA
2019-01-17,2.040613,MOAR3,MOAR3.SA
2019-03-18,2.040613,MOAR3,MOAR3.SA
2019-05-21,4.081226,MOAR3,MOAR3.SA
2019-07-18,2.040613,MOAR3,MOAR3.SA
2019-09-25,1.224367,MOAR3,MOAR3.SA
2019-11-26,1.224367,MOAR3,MOAR3.SA
2019-12-30,0.73462,MOAR3,MOAR3.SA
2020-01-27,0.489747,MOAR3,MOAR3.SA
2020-04-09,1.428429,MOAR3,MOAR3.SA
2020-05-26,1.020306,MOAR3,MOAR3.SA
2020-09-24,2.040612,MOAR3,MOAR3.SA
2020-12-22,0.979494,MOAR3,MOAR3.SA
2021-03-22,4.081225,MOAR3,MOAR3.SA
2021-05-21,4.081225,MOAR3,MOAR3.SA
2021-07-21,1.224367,MOAR3,MOAR3.SA
2021-09-21,3.509854,MOAR3,MOAR3.SA
2021-11-05,24.48735,MOAR3,MOAR3.SA
2021-12-20,14.28429,MOAR3,MOAR3.SA
2022-01-24,6.121839,MOAR3,MOAR3.SA
2022-03-22,2.040612,MOAR3,MOAR3.SA
2022-05-23,2.040613,MOAR3,MOAR3.SA
2022-07-20,2.040613,MOAR3,MOAR3.SA
2022-09-22,1.224368,MOAR3,MOAR3.SA
2022-12-21,1.224368,MOAR3,MOAR3.SA
2023-03-27,1.224368,MOAR3,MOAR3.SA
2023-05-22,1.224368,MOAR3,MOAR3.SA
2023-07-06,0.571372,MOAR3,MOAR3.SA
2023-08-04,5.876965,MOAR3,MOAR3.SA
2023-09-06,5.795341,MOAR3,MOAR3.SA
2024-01-02,1.63249,MOAR3,MOAR3.SA
2024-01-05,14.569976,MOAR3,MOAR3.SA
2024-04-08,1.224368,MOAR3,MOAR3.SA
2024-11-28,17.14115,MOAR3,MOAR3.SA
2024-12-30,0.816245,MOAR3,MOAR3.SA
2025-01-30,3.264981,MOAR3,MOAR3.SA
2025-03-10,20.40613,MOAR3,MOAR3.SA
2025-05-26,8.570574,MOAR3,MOAR3.SA
2025-08-06,0.179347,MOTV3,MOTV3.SA
2018-01-05,0.069513,MOVI3,MOVI3.SA
2018-04-05,0.021911,MOVI3,MOVI3.SA
2018-04-27,0.003658,MOVI3,MOVI3.SA
2018-07-02,0.0326,MOVI3,MOVI3.SA
2018-10-29,0.095728,MOVI3,MOVI3.SA
2018-12-21,0.142864,MOVI3,MOVI3.SA
2019-07-01,0.075393,MOVI3,MOVI3.SA
2019-09-30,0.067174,MOVI3,MOVI3.SA
2019-10-04,0.093238,MOVI3,MOVI3.SA
2020-01-06,0.133723,MOVI3,MOVI3.SA
2021-01-06,0.147814,MOVI3,MOVI3.SA
2021-06-29,0.080166,MOVI3,MOVI3.SA
2021-06-30,0.090564,MOVI3,MOVI3.SA
2021-09-30,0.076775,MOVI3,MOVI3.SA
2021-12-30,0.125375,MOVI3,MOVI3.SA
2022-03-31,0.149454,MOVI3,MOVI3.SA
2022-05-05,0.848883,MOVI3,MOVI3.SA
2022-07-01,0.146552,MOVI3,MOVI3.SA
2022-10-03,0.152055,MOVI3,MOVI3.SA
2022-12-27,0.151805,MOVI3,MOVI3.SA
2023-05-04,0.120779,MOVI3,MOVI3.SA
2024-12-30,0.15371,MOVI3,MOVI3.SA
2025-05-02,0.023924,MOVI3,MOVI3.SA
2009-12-30,0.414085,MRFG3,MRFG3.SA
2010-05-03,0.043692,MRFG3,MRFG3.SA
2011-01-03,0.099068,MRFG3,MRFG3.SA
2011-05-03,0.013956,MRFG3,MRFG3.SA
2021-04-12,0.202734,MRFG3,MRFG3.SA
2021-09-13,1.392372,MRFG3,MRFG3.SA
2021-12-22,1.243129,MRFG3,MRFG3.SA
2022-04-14,0.576831,MRFG3,MRFG3.SA
2022-08-22,0.753668,MRFG3,MRFG3.SA
2022-12-20,0.904361,MRFG3,MRFG3.SA
2024-12-13,2.833731,MRFG3,MRFG3.SA
2013-04-26,0.882826,MRSA3B,MRSA3B.SA
2013-12-02,0.281558,MRSA3B,MRSA3B.SA
2014-04-25,0.6278,MRSA3B,MRSA3B.SA
2015-04-29,0.405244,MRSA3B,MRSA3B.SA
2015-12-16,0.101311,MRSA3B,MRSA3B.SA
2016-05-02,0.1978,MRSA3B,MRSA3B.SA
2017-04-25,0.558424,MRSA3B,MRSA3B.SA
2018-04-27,0.616875,MRSA3B,MRSA3B.SA
2019-04-26,0.348804,MRSA3B,MRSA3B.SA
2019-11-26,0.348804,MRSA3B,MRSA3B.SA
2020-06-18,0.336593,MRSA3B,MRSA3B.SA
2020-11-30,0.336593,MRSA3B,MRSA3B.SA
2021-04-30,0.287729,MRSA3B,MRSA3B.SA
2022-04-27,0.467812,MRSA3B,MRSA3B.SA
2023-04-28,0.584561,MRSA3B,MRSA3B.SA
2024-04-29,0.807343,MRSA3B,MRSA3B.SA
2025-05-02,0.952217,MRSA3B,MRSA3B.SA
2009-05-18,0.041933,MRVE3,MRVE3.SA
2010-05-17,0.171394,MRVE3,MRVE3.SA
2010-05-20,0.171379,MRVE3,MRVE3.SA
2010-12-30,0.156,MRVE3,MRVE3.SA
2011-05-18,0.180193,MRVE3,MRVE3.SA
2012-05-18,0.377093,MRVE3,MRVE3.SA
2013-05-16,0.262365,MRVE3,MRVE3.SA
2014-05-16,0.300584,MRVE3,MRVE3.SA
2015-05-04,0.387787,MRVE3,MRVE3.SA
2016-05-17,0.353745,MRVE3,MRVE3.SA
2017-03-06,0.34,MRVE3,MRVE3.SA
2017-05-16,0.29971,MRVE3,MRVE3.SA
2018-04-23,0.35,MRVE3,MRVE3.SA
2018-05-29,0.349988,MRVE3,MRVE3.SA
2018-12-14,0.33,MRVE3,MRVE3.SA
2019-06-07,0.371014,MRVE3,MRVE3.SA
2019-11-19,0.370134,MRVE3,MRVE3.SA
2019-12-11,0.370116,MRVE3,MRVE3.SA
2020-10-14,0.340143,MRVE3,MRVE3.SA
2021-01-19,0.207093,MRVE3,MRVE3.SA
2021-04-30,0.270585,MRVE3,MRVE3.SA
2021-12-07,0.162351,MRVE3,MRVE3.SA
2022-06-24,0.197808,MRVE3,MRVE3.SA
2022-09-22,0.197808,MRVE3,MRVE3.SA
2021-05-06,0.447076,MTRE3,MTRE3.SA
2021-11-18,0.117641,MTRE3,MTRE3.SA
2022-03-08,0.100797,MTRE3,MTRE3.SA
2022-05-19,0.066519,MTRE3,MTRE3.SA
2022-09-19,0.042607,MTRE3,MTRE3.SA
2022-11-17,0.117521,MTRE3,MTRE3.SA
2023-03-27,0.086194,MTRE3,MTRE3.SA
2023-05-19,0.169396,MTRE3,MTRE3.SA
2023-08-15,0.503552,MTRE3,MTRE3.SA
2024-04-25,0.02775,MTRE3,MTRE3.SA
2024-05-24,0.02775,MTRE3,MTRE3.SA
2024-06-21,0.02775,MTRE3,MTRE3.SA
2024-07-22,0.02775,MTRE3,MTRE3.SA
2024-08-23,0.02775,MTRE3,MTRE3.SA
2024-09-24,0.037816,MTRE3,MTRE3.SA
2024-10-25,0.037816,MTRE3,MTRE3.SA
2024-11-22,0.037816,MTRE3,MTRE3.SA
2024-12-20,0.04727,MTRE3,MTRE3.SA
2025-01-24,0.04727,MTRE3,MTRE3.SA
2025-02-21,0.04727,MTRE3,MTRE3.SA
2025-03-24,0.037816,MTRE3,MTRE3.SA
2025-04-17,0.037816,MTRE3,MTRE3.SA
2025-05-21,0.037816,MTRE3,MTRE3.SA
2025-06-17,0.04727,MTRE3,MTRE3.SA
2025-07-18,0.04727,MTRE3,MTRE3.SA
2025-08-19,0.04727,MTRE3,MTRE3.SA
2025-09-19,0.037816,MTRE3,MTRE3.SA
2010-12-21,0.704,MTSA4,MTSA4.SA
2011-05-09,0.165,MTSA4,MTSA4.SA
2011-12-05,0.715,MTSA4,MTSA4.SA
2012-05-07,0.22,MTSA4,MTSA4.SA
2012-12-04,0.825,MTSA4,MTSA4.SA
2014-05-09,0.22,MTSA4,MTSA4.SA
2014-12-04,0.825,MTSA4,MTSA4.SA
2015-12-03,0.55,MTSA4,MTSA4.SA
2016-11-29,0.55,MTSA4,MTSA4.SA
2017-11-21,0.55,MTSA4,MTSA4.SA
2018-11-21,0.65,MTSA4,MTSA4.SA
2019-05-08,0.4,MTSA4,MTSA4.SA
2019-11-26,0.4,MTSA4,MTSA4.SA
2020-07-24,0.4,MTSA4,MTSA4.SA
2020-11-26,0.3575,MTSA4,MTSA4.SA
2021-05-03,1.10374,MTSA4,MTSA4.SA
2021-06-22,0.33,MTSA4,MTSA4.SA
2021-09-23,0.385,MTSA4,MTSA4.SA
2021-12-07,0.44,MTSA4,MTSA4.SA
2022-03-25,0.33,MTSA4,MTSA4.SA
2022-05-16,0.66,MTSA4,MTSA4.SA
2022-06-21,0.33,MTSA4,MTSA4.SA
2022-09-21,0.66,MTSA4,MTSA4.SA
2022-12-13,0.66,MTSA4,MTSA4.SA
2023-03-27,0.33,MTSA4,MTSA4.SA
2023-05-08,0.935,MTSA4,MTSA4.SA
2023-06-26,0.66,MTSA4,MTSA4.SA
2023-09-22,0.77,MTSA4,MTSA4.SA
2023-12-13,0.77,MTSA4,MTSA4.SA
2024-05-13,0.44,MTSA4,MTSA4.SA
2024-09-23,0.77,MTSA4,MTSA4.SA
2024-12-10,0.88,MTSA4,MTSA4.SA
2025-03-21,0.44,MTSA4,MTSA4.SA
2025-06-24,0.66,MTSA4,MTSA4.SA
2025-09-22,0.66,MTSA4,MTSA4.SA
2009-05-04,0.045397,MULT3,MULT3.SA
2010-05-03,0.113327,MULT3,MULT3.SA
2011-05-02,0.192896,MULT3,MULT3.SA
2011-11-24,0.187265,MULT3,MULT3.SA
2012-05-02,0.091541,MULT3,MULT3.SA
2012-12-12,0.198554,MULT3,MULT3.SA
2013-03-07,0.109881,MULT3,MULT3.SA
2013-06-28,0.079423,MULT3,MULT3.SA
2013-12-18,0.079868,MULT3,MULT3.SA
2014-07-01,0.124217,MULT3,MULT3.SA
2014-12-23,0.150511,MULT3,MULT3.SA
2015-04-30,0.03513,MULT3,MULT3.SA
2015-07-01,0.159024,MULT3,MULT3.SA
2015-12-22,0.23959,MULT3,MULT3.SA
2016-07-01,0.168277,MULT3,MULT3.SA
2017-06-27,0.184019,MULT3,MULT3.SA
2017-09-27,0.108582,MULT3,MULT3.SA
2017-12-28,0.108743,MULT3,MULT3.SA
2018-06-27,0.184595,MULT3,MULT3.SA
2018-09-27,0.13459,MULT3,MULT3.SA
2019-01-02,0.117766,MULT3,MULT3.SA
2019-06-28,0.184584,MULT3,MULT3.SA
2019-10-01,0.134171,MULT3,MULT3.SA
2020-01-02,0.150887,MULT3,MULT3.SA
2020-12-29,0.454975,MULT3,MULT3.SA
2021-12-29,0.4989,MULT3,MULT3.SA
2022-06-27,0.247154,MULT3,MULT3.SA
2022-09-28,0.170702,MULT3,MULT3.SA
2022-12-27,0.299001,MULT3,MULT3.SA
2023-03-31,0.128143,MULT3,MULT3.SA
2023-06-30,0.248168,MULT3,MULT3.SA
2023-09-28,0.206055,MULT3,MULT3.SA
2023-11-03,0.224954,MULT3,MULT3.SA
2023-12-28,0.188988,MULT3,MULT3.SA
2024-04-05,0.15483,MULT3,MULT3.SA
2024-06-27,0.233675,MULT3,MULT3.SA
2024-12-23,0.235329,MULT3,MULT3.SA
2025-01-02,0.409267,MULT3,MULT3.SA
2025-04-01,0.225157,MULT3,MULT3.SA
2025-06-30,0.245626,MULT3,MULT3.SA
2025-09-29,0.245598,MULT3,MULT3.SA
2008-03-20,0.277452,MYPK3,MYPK3.SA
2010-03-08,0.21131,MYPK3,MYPK3.SA
2011-03-01,0.6768,MYPK3,MYPK3.SA
2012-03-06,0.902493,MYPK3,MYPK3.SA
2012-04-27,0.131524,MYPK3,MYPK3.SA
2012-12-21,0.132083,MYPK3,MYPK3.SA
2013-03-01,0.036265,MYPK3,MYPK3.SA
2013-12-19,0.526465,MYPK3,MYPK3.SA
2014-02-28,0.295093,MYPK3,MYPK3.SA
2015-02-27,0.29731,MYPK3,MYPK3.SA
2016-02-29,0.216945,MYPK3,MYPK3.SA
2017-03-31,0.075627,MYPK3,MYPK3.SA
2018-02-26,0.255801,MYPK3,MYPK3.SA
2018-06-15,0.238505,MYPK3,MYPK3.SA
2018-09-18,0.230879,MYPK3,MYPK3.SA
2018-12-07,0.258411,MYPK3,MYPK3.SA
2019-07-08,0.185062,MYPK3,MYPK3.SA
2020-03-11,0.664118,MYPK3,MYPK3.SA
2021-12-28,1.005553,MYPK3,MYPK3.SA
2022-03-15,0.399347,MYPK3,MYPK3.SA
2022-07-05,0.234902,MYPK3,MYPK3.SA
2022-10-04,0.198358,MYPK3,MYPK3.SA
2023-03-24,0.30128,MYPK3,MYPK3.SA
2024-03-12,0.087518,MYPK3,MYPK3.SA
2024-07-02,0.128137,MYPK3,MYPK3.SA
2024-10-02,0.388989,MYPK3,MYPK3.SA
2025-03-07,0.194621,MYPK3,MYPK3.SA
2025-10-06,0.307138,MYPK3,MYPK3.SA
2008-03-05,0.27725,NATU3,NATU3.SA
2008-07-31,0.219535,NATU3,NATU3.SA
2009-03-02,0.36321,NATU3,NATU3.SA
2009-07-27,0.024736,NATU3,NATU3.SA
2010-03-02,0.412344,NATU3,NATU3.SA
2010-07-28,0.329876,NATU3,NATU3.SA
2011-03-02,0.523192,NATU3,NATU3.SA
2011-07-27,0.38588,NATU3,NATU3.SA
2012-02-27,0.573174,NATU3,NATU3.SA
2012-08-01,0.423676,NATU3,NATU3.SA
2013-02-18,0.572268,NATU3,NATU3.SA
2013-08-01,0.424009,NATU3,NATU3.SA
2014-02-20,0.578375,NATU3,NATU3.SA
2014-07-31,0.302576,NATU3,NATU3.SA
2015-02-19,0.518524,NATU3,NATU3.SA
2015-07-30,0.240876,NATU3,NATU3.SA
2016-02-25,0.143083,NATU3,NATU3.SA
2016-12-20,0.071815,NATU3,NATU3.SA
2017-03-01,0.066088,NATU3,NATU3.SA
2017-12-26,0.090948,NATU3,NATU3.SA
2018-03-20,0.157467,NATU3,NATU3.SA
2019-01-07,0.129373,NATU3,NATU3.SA
2019-02-27,0.065773,NATU3,NATU3.SA
2019-11-07,0.127845,NATU3,NATU3.SA
2019-07-04,0.278464,NEOE3,NEOE3.SA
2020-01-07,0.17935,NEOE3,NEOE3.SA
2020-06-19,0.229364,NEOE3,NEOE3.SA
2021-01-07,0.21968,NEOE3,NEOE3.SA
2021-04-13,0.165348,NEOE3,NEOE3.SA
2021-07-02,0.140639,NEOE3,NEOE3.SA
2022-01-06,0.131817,NEOE3,NEOE3.SA
2022-04-26,0.52914,NEOE3,NEOE3.SA
2022-07-06,0.137697,NEOE3,NEOE3.SA
2023-01-05,0.253954,NEOE3,NEOE3.SA
2023-04-28,0.583843,NEOE3,NEOE3.SA
2023-07-03,0.319305,NEOE3,NEOE3.SA
2024-01-05,0.416493,NEOE3,NEOE3.SA
2024-04-22,0.248421,NEOE3,NEOE3.SA
2024-07-02,0.164859,NEOE3,NEOE3.SA
2024-12-18,0.260528,NEOE3,NEOE3.SA
2025-04-22,0.350092,NEOE3,NEOE3.SA
2025-06-18,0.217499,NEOE3,NEOE3.SA
2021-05-03,0.310525,NGRD3,NGRD3.SA
2022-04-28,0.3716,NGRD3,NGRD3.SA
2023-05-02,0.369753,NGRD3,NGRD3.SA
2024-04-22,0.135771,NGRD3,NGRD3.SA
2008-08-08,0.024242,ODPV3,ODPV3.SA
2008-12-19,0.005924,ODPV3,ODPV3.SA
2009-12-28,0.219327,ODPV3,ODPV3.SA
2010-11-11,0.152202,ODPV3,ODPV3.SA
2011-04-18,0.025958,ODPV3,ODPV3.SA
2011-08-12,0.121024,ODPV3,ODPV3.SA
2011-12-27,0.029086,ODPV3,ODPV3.SA
2012-04-03,0.123715,ODPV3,ODPV3.SA
2012-04-30,0.072831,ODPV3,ODPV3.SA
2012-07-30,0.071782,ODPV3,ODPV3.SA
2012-10-26,0.058474,ODPV3,ODPV3.SA
2013-03-27,0.014282,ODPV3,ODPV3.SA
2013-04-03,0.070434,ODPV3,ODPV3.SA
2013-05-02,0.08632,ODPV3,ODPV3.SA
2013-06-26,0.014145,ODPV3,ODPV3.SA
2013-07-31,0.05343,ODPV3,ODPV3.SA
2013-10-30,0.057435,ODPV3,ODPV3.SA
2013-12-23,0.012306,ODPV3,ODPV3.SA
2014-03-31,0.014623,ODPV3,ODPV3.SA
2014-04-03,0.099549,ODPV3,ODPV3.SA
2014-06-26,0.014839,ODPV3,ODPV3.SA
2014-07-30,0.066909,ODPV3,ODPV3.SA
2014-09-19,0.013442,ODPV3,ODPV3.SA
2014-10-29,0.064155,ODPV3,ODPV3.SA
2014-12-17,0.013455,ODPV3,ODPV3.SA
2015-03-16,0.013591,ODPV3,ODPV3.SA
2015-04-08,0.093937,ODPV3,ODPV3.SA
2015-05-04,0.103311,ODPV3,ODPV3.SA
2015-06-12,0.017033,ODPV3,ODPV3.SA
2015-07-30,0.068504,ODPV3,ODPV3.SA
2015-09-17,0.016675,ODPV3,ODPV3.SA
2015-10-30,0.058191,ODPV3,ODPV3.SA
2015-12-16,0.018411,ODPV3,ODPV3.SA
2016-03-15,0.020485,ODPV3,ODPV3.SA
2016-04-13,0.084905,ODPV3,ODPV3.SA
2016-04-28,0.074208,ODPV3,ODPV3.SA
2016-06-20,0.019614,ODPV3,ODPV3.SA
2016-08-02,0.040891,ODPV3,ODPV3.SA
2016-09-21,0.019415,ODPV3,ODPV3.SA
2016-11-01,0.041095,ODPV3,ODPV3.SA
2016-12-19,0.020202,ODPV3,ODPV3.SA
2017-03-21,0.021687,ODPV3,ODPV3.SA
2017-04-03,0.060726,ODPV3,ODPV3.SA
2017-05-03,0.072791,ODPV3,ODPV3.SA
2017-06-23,0.019458,ODPV3,ODPV3.SA
2017-08-01,0.171243,ODPV3,ODPV3.SA
2017-09-22,0.019992,ODPV3,ODPV3.SA
2017-10-31,0.091664,ODPV3,ODPV3.SA
2017-12-15,0.020447,ODPV3,ODPV3.SA
2018-03-16,0.025893,ODPV3,ODPV3.SA
2018-04-06,0.005112,ODPV3,ODPV3.SA
2018-06-19,0.024655,ODPV3,ODPV3.SA
2018-07-31,0.048011,ODPV3,ODPV3.SA
2018-09-27,0.024883,ODPV3,ODPV3.SA
2018-12-26,0.12655,ODPV3,ODPV3.SA
2019-03-22,0.030214,ODPV3,ODPV3.SA
2019-04-05,0.047555,ODPV3,ODPV3.SA
2019-05-08,0.086595,ODPV3,ODPV3.SA
2019-06-24,0.027181,ODPV3,ODPV3.SA
2019-08-07,0.047625,ODPV3,ODPV3.SA
2019-09-30,0.025571,ODPV3,ODPV3.SA
2019-11-05,0.038543,ODPV3,ODPV3.SA
2019-12-20,0.024349,ODPV3,ODPV3.SA
2020-03-18,0.023763,ODPV3,ODPV3.SA
2020-05-05,0.061721,ODPV3,ODPV3.SA
2020-05-06,0.040705,ODPV3,ODPV3.SA
2020-06-17,0.02295,ODPV3,ODPV3.SA
2020-08-12,0.142555,ODPV3,ODPV3.SA
2020-09-17,0.022803,ODPV3,ODPV3.SA
2020-11-04,0.124368,ODPV3,ODPV3.SA
2020-12-16,0.021355,ODPV3,ODPV3.SA
2021-03-17,0.022247,ODPV3,ODPV3.SA
2021-04-13,0.173087,ODPV3,ODPV3.SA
2021-05-20,0.16515,ODPV3,ODPV3.SA
2021-06-17,0.02337,ODPV3,ODPV3.SA
2021-09-23,0.023544,ODPV3,ODPV3.SA
2021-12-20,0.021525,ODPV3,ODPV3.SA
2022-03-25,0.029016,ODPV3,ODPV3.SA
2022-04-05,0.071872,ODPV3,ODPV3.SA
2022-05-09,0.107203,ODPV3,ODPV3.SA
2022-06-24,0.031686,ODPV3,ODPV3.SA
2022-09-21,0.031687,ODPV3,ODPV3.SA
2022-12-16,0.032094,ODPV3,ODPV3.SA
2023-03-20,0.038442,ODPV3,ODPV3.SA
2023-04-24,0.217196,ODPV3,ODPV3.SA
2023-06-30,0.03821,ODPV3,ODPV3.SA
2023-09-25,0.037184,ODPV3,ODPV3.SA
2023-12-19,0.035439,ODPV3,ODPV3.SA
2024-04-02,0.041368,ODPV3,ODPV3.SA
2024-04-15,0.77774,ODPV3,ODPV3.SA
2024-05-16,0.133326,ODPV3,ODPV3.SA
2024-06-25,0.039534,ODPV3,ODPV3.SA
2024-08-26,0.156146,ODPV3,ODPV3.SA
2024-10-02,0.033597,ODPV3,ODPV3.SA
2024-11-11,0.225673,ODPV3,ODPV3.SA
2024-12-23,0.039185,ODPV3,ODPV3.SA
2025-03-25,0.045364,ODPV3,ODPV3.SA
2025-05-12,0.216477,ODPV3,ODPV3.SA
2025-06-25,0.047728,ODPV3,ODPV3.SA
2025-08-11,0.211257,ODPV3,ODPV3.SA
2025-09-19,0.049257,ODPV3,ODPV3.SA
2015-01-05,0.067294,OFSA3,OFSA3.SA
2015-04-29,0.181139,OFSA3,OFSA3.SA
2015-12-22,0.09315,OFSA3,OFSA3.SA
2016-05-02,0.224891,OFSA3,OFSA3.SA
2017-12-20,0.11122,OFSA3,OFSA3.SA
2018-04-16,0.102732,OFSA3,OFSA3.SA
2018-12-17,0.14225,OFSA3,OFSA3.SA
2019-04-01,0.177176,OFSA3,OFSA3.SA
2019-12-20,0.01751,OFSA3,OFSA3.SA
2020-10-15,0.188223,OFSA3,OFSA3.SA
2020-12-28,0.25064,OFSA3,OFSA3.SA
2021-04-12,0.173042,OFSA3,OFSA3.SA
2021-12-20,0.30043,OFSA3,OFSA3.SA
2022-04-22,0.237456,OFSA3,OFSA3.SA
2022-12-19,0.438833,OFSA3,OFSA3.SA
2023-04-17,0.196695,OFSA3,OFSA3.SA
2023-12-20,0.276417,OFSA3,OFSA3.SA
2024-04-30,0.336869,OFSA3,OFSA3.SA
2024-12-23,0.576555,OFSA3,OFSA3.SA
2025-04-22,0.150569,OFSA3,OFSA3.SA
2009-04-08,0.250476,PATI3,PATI3.SA
2010-04-29,0.072867,PATI3,PATI3.SA
2011-05-02,0.25723,PATI3,PATI3.SA
2012-04-26,0.158535,PATI3,PATI3.SA
2013-04-11,0.124687,PATI3,PATI3.SA
2014-04-25,0.177916,PATI3,PATI3.SA
2015-04-29,0.135473,PATI3,PATI3.SA
2016-04-27,0.083578,PATI3,PATI3.SA
2017-04-27,0.121453,PATI3,PATI3.SA
2018-04-06,0.145084,PATI3,PATI3.SA
2019-04-04,0.63461,PATI3,PATI3.SA
2020-07-29,0.136966,PATI3,PATI3.SA
2021-04-15,1.811036,PATI3,PATI3.SA
2022-04-27,2.911122,PATI3,PATI3.SA
2023-04-13,0.48309,PATI3,PATI3.SA
2024-05-03,0.044793,PATI3,PATI3.SA
2024-09-06,5.01413,PATI3,PATI3.SA
2025-04-25,0.791435,PATI3,PATI3.SA
2024-04-29,0.046221,PDTC3,PDTC3.SA
2007-12-13,0.97,PEAB3,PEAB3.SA
2008-08-27,2.23,PEAB3,PEAB3.SA
2009-04-30,5.7,PEAB3,PEAB3.SA
2010-04-30,0.19,PEAB3,PEAB3.SA
2011-06-13,1.459,PEAB3,PEAB3.SA
2012-05-02,1.07393,PEAB3,PEAB3.SA
2013-05-02,1.4317,PEAB3,PEAB3.SA
2014-05-02,2.328132,PEAB3,PEAB3.SA
2015-05-04,2.518438,PEAB3,PEAB3.SA
2016-05-02,1.214297,PEAB3,PEAB3.SA
2017-05-02,2.87132,PEAB3,PEAB3.SA
2018-04-30,3.134546,PEAB3,PEAB3.SA
2019-04-29,2.73336,PEAB3,PEAB3.SA
2019-09-12,1.155001,PEAB3,PEAB3.SA
2020-04-29,2.471294,PEAB3,PEAB3.SA
2020-11-19,29.645458,PEAB3,PEAB3.SA
2021-05-24,0.699089,PEAB3,PEAB3.SA
2021-11-17,10.59825,PEAB3,PEAB3.SA
2022-04-04,0.835354,PEAB3,PEAB3.SA
2022-05-02,0.547352,PEAB3,PEAB3.SA
2022-11-18,0.476804,PEAB3,PEAB3.SA
2023-08-24,0.296455,PEAB3,PEAB3.SA
2024-04-01,0.061476,PEAB3,PEAB3.SA
2024-05-02,0.654042,PEAB3,PEAB3.SA
2024-11-21,0.525731,PEAB3,PEAB3.SA
2024-12-19,0.040193,PEAB3,PEAB3.SA
2025-05-02,0.262865,PEAB3,PEAB3.SA
2025-08-19,0.525731,PEAB3,PEAB3.SA
2008-12-29,0.38,PETR3,PETR3.SA
2009-04-09,0.3516,PETR3,PETR3.SA
2009-07-06,0.3,PETR3,PETR3.SA
2009-10-01,0.2,PETR3,PETR3.SA
2009-12-21,0.2,PETR3,PETR3.SA
2010-04-23,0.235285,PETR3,PETR3.SA
2010-05-24,0.2,PETR3,PETR3.SA
2010-08-02,0.2,PETR3,PETR3.SA
2010-11-03,0.14,PETR3,PETR3.SA
2010-12-22,0.2,PETR3,PETR3.SA
2011-03-22,0.17342,PETR3,PETR3.SA
2011-04-29,0.1265,PETR3,PETR3.SA
2011-05-12,0.2018,PETR3,PETR3.SA
2011-08-03,0.2073,PETR3,PETR3.SA
2011-11-14,0.2,PETR3,PETR3.SA
2012-01-03,0.1802,PETR3,PETR3.SA
2012-03-20,0.1244,PETR3,PETR3.SA
2012-05-14,0.2,PETR3,PETR3.SA
2014-04-03,0.53808,PETR3,PETR3.SA
2018-05-22,0.05,PETR3,PETR3.SA
2018-08-14,0.05,PETR3,PETR3.SA
2018-11-22,0.1,PETR3,PETR3.SA
2018-12-26,0.051183,PETR3,PETR3.SA
2019-05-22,0.1,PETR3,PETR3.SA
2019-08-13,0.2,PETR3,PETR3.SA
2019-11-12,0.200925,PETR3,PETR3.SA
2020-07-23,0.239895,PETR3,PETR3.SA
2021-04-15,0.792834,PETR3,PETR3.SA
2021-08-17,1.609911,PETR3,PETR3.SA
2021-12-02,3.250487,PETR3,PETR3.SA
2022-04-14,2.970249,PETR3,PETR3.SA
2022-05-24,3.71549,PETR3,PETR3.SA
2022-08-12,6.732003,PETR3,PETR3.SA
2022-11-22,3.3489,PETR3,PETR3.SA
2023-04-28,2.930163,PETR3,PETR3.SA
2023-06-13,1.893576,PETR3,PETR3.SA
2023-08-22,1.149304,PETR3,PETR3.SA
2023-11-22,1.371248,PETR3,PETR3.SA
2024-04-26,1.150024,PETR3,PETR3.SA
2024-05-03,1.776022,PETR3,PETR3.SA
2024-06-12,1.043242,PETR3,PETR3.SA
2024-08-22,1.0532,PETR3,PETR3.SA
2024-12-12,1.551743,PETR3,PETR3.SA
2024-12-26,1.356891,PETR3,PETR3.SA
2025-04-17,0.74813,PETR3,PETR3.SA
2025-06-03,0.909166,PETR3,PETR3.SA
2025-08-22,0.671924,PETR3,PETR3.SA
2020-12-23,0.033051,PETZ3,PETZ3.SA
2021-05-03,0.006547,PETZ3,PETZ3.SA
2021-07-01,0.012653,PETZ3,PETZ3.SA
2021-12-27,0.022985,PETZ3,PETZ3.SA
2022-06-29,0.006523,PETZ3,PETZ3.SA
2022-12-26,0.010831,PETZ3,PETZ3.SA
2023-04-25,0.010548,PETZ3,PETZ3.SA
2023-07-03,0.006487,PETZ3,PETZ3.SA
2024-05-02,0.002776,PETZ3,PETZ3.SA
2024-11-14,0.288297,PETZ3,PETZ3.SA
2010-05-03,0.23928,PFRM3,PFRM3.SA
2011-05-02,0.120394,PFRM3,PFRM3.SA
2012-04-24,0.127775,PFRM3,PFRM3.SA
2013-04-30,0.187179,PFRM3,PFRM3.SA
2014-05-02,0.126687,PFRM3,PFRM3.SA
2021-11-22,0.270569,PFRM3,PFRM3.SA
2022-12-21,0.173318,PFRM3,PFRM3.SA
2023-12-01,0.115732,PFRM3,PFRM3.SA
2024-01-02,0.270042,PFRM3,PFRM3.SA
2024-11-12,0.144767,PFRM3,PFRM3.SA
2024-12-02,0.144767,PFRM3,PFRM3.SA
2025-01-02,0.285457,PFRM3,PFRM3.SA
2023-01-30,0.179566,PGMN3,PGMN3.SA
2024-01-29,0.294282,PGMN3,PGMN3.SA
2025-01-21,0.252934,PGMN3,PGMN3.SA
2013-04-01,0.17869,PINE3,PINE3.SA
2013-04-19,7.3e-05,PINE3,PINE3.SA
2013-07-01,0.083794,PINE3,PINE3.SA
2013-10-01,0.08475,PINE3,PINE3.SA
2014-01-02,0.17703,PINE3,PINE3.SA
2014-04-02,0.118435,PINE3,PINE3.SA
2014-07-01,0.101328,PINE3,PINE3.SA
2015-01-02,0.086029,PINE3,PINE3.SA
2015-04-01,0.104294,PINE3,PINE3.SA
2015-07-01,0.117619,PINE3,PINE3.SA
2015-10-01,0.129653,PINE3,PINE3.SA
2016-01-05,0.142302,PINE3,PINE3.SA
2016-04-01,0.116778,PINE3,PINE3.SA
2016-07-01,0.043033,PINE3,PINE3.SA
2023-01-31,0.061264,PINE3,PINE3.SA
2023-08-01,0.100168,PINE3,PINE3.SA
2024-01-09,0.207128,PINE3,PINE3.SA
2024-04-12,0.079674,PINE3,PINE3.SA
2024-07-09,0.081053,PINE3,PINE3.SA
2024-10-11,0.159371,PINE3,PINE3.SA
2024-10-15,0.076633,PINE3,PINE3.SA
2025-01-07,0.080554,PINE3,PINE3.SA
2025-02-20,0.013778,PINE3,PINE3.SA
2025-04-11,0.082329,PINE3,PINE3.SA
2025-07-17,0.109889,PINE3,PINE3.SA
2012-04-30,0.76465,PLAS3,PLAS3.SA
2021-05-03,0.195832,PLPL3,PLPL3.SA
2022-05-02,0.161174,PLPL3,PLPL3.SA
2023-05-02,0.160141,PLPL3,PLPL3.SA
2024-01-19,0.504398,PLPL3,PLPL3.SA
2025-01-29,1.006013,PLPL3,PLPL3.SA
2008-12-15,0.027708,POMO3,POMO3.SA
2009-09-02,0.0125,POMO3,POMO3.SA
2009-12-14,0.040208,POMO3,POMO3.SA
2010-03-23,0.010417,POMO3,POMO3.SA
2010-06-22,0.008854,POMO3,POMO3.SA
2010-09-22,0.008854,POMO3,POMO3.SA
2010-12-10,0.1085,POMO3,POMO3.SA
2011-03-22,0.012083,POMO3,POMO3.SA
2011-06-22,0.012083,POMO3,POMO3.SA
2011-09-22,0.012083,POMO3,POMO3.SA
2011-12-12,0.11875,POMO3,POMO3.SA
2012-03-22,0.014583,POMO3,POMO3.SA
2012-06-22,0.014583,POMO3,POMO3.SA
2012-09-24,0.014583,POMO3,POMO3.SA
2012-12-20,0.089583,POMO3,POMO3.SA
2013-03-22,0.014583,POMO3,POMO3.SA
2013-06-24,0.014583,POMO3,POMO3.SA
2013-09-24,0.014583,POMO3,POMO3.SA
2013-12-26,0.012396,POMO3,POMO3.SA
2014-02-24,0.0625,POMO3,POMO3.SA
2014-03-24,0.014583,POMO3,POMO3.SA
2014-06-24,0.014583,POMO3,POMO3.SA
2014-09-23,0.014583,POMO3,POMO3.SA
2014-10-23,0.019667,POMO3,POMO3.SA
2015-09-22,0.02025,POMO3,POMO3.SA
2016-11-11,0.109167,POMO3,POMO3.SA
2017-12-28,0.015417,POMO3,POMO3.SA
2018-02-27,0.0175,POMO3,POMO3.SA
2018-12-17,0.075,POMO3,POMO3.SA
2019-06-26,0.025,POMO3,POMO3.SA
2019-09-24,0.025,POMO3,POMO3.SA
2020-02-28,0.04,POMO3,POMO3.SA
2020-03-24,0.020833,POMO3,POMO3.SA
2020-12-23,0.016667,POMO3,POMO3.SA
2021-07-06,0.058333,POMO3,POMO3.SA
2021-12-29,0.030833,POMO3,POMO3.SA
2022-12-27,0.118333,POMO3,POMO3.SA
2023-03-07,0.076667,POMO3,POMO3.SA
2023-07-12,0.058333,POMO3,POMO3.SA
2023-10-06,0.058333,POMO3,POMO3.SA
2023-12-22,0.083333,POMO3,POMO3.SA
2024-03-01,0.191667,POMO3,POMO3.SA
2024-05-24,0.1,POMO3,POMO3.SA
2024-08-29,0.12,POMO3,POMO3.SA
2024-11-27,0.14,POMO3,POMO3.SA
2025-02-27,0.23,POMO3,POMO3.SA
2025-05-02,0.085,POMO3,POMO3.SA
2025-08-27,0.165,POMO3,POMO3.SA
2022-04-27,0.446994,PORT3,PORT3.SA
2022-12-16,0.157236,PORT3,PORT3.SA
2023-04-28,0.312,PORT3,PORT3.SA
2023-10-05,0.321213,PORT3,PORT3.SA
2024-01-23,0.13454,PORT3,PORT3.SA
2024-04-29,0.171659,PORT3,PORT3.SA
2024-05-28,0.172736,PORT3,PORT3.SA
2024-07-16,0.247108,PORT3,PORT3.SA
2024-10-17,0.342226,PORT3,PORT3.SA
2025-03-24,0.284777,PORT3,PORT3.SA
2025-05-13,0.285416,PORT3,PORT3.SA
2025-05-26,0.19856,PORT3,PORT3.SA
2008-03-26,0.219916,POSI3,POSI3.SA
2008-08-13,0.15952,POSI3,POSI3.SA
2009-04-29,0.296596,POSI3,POSI3.SA
2010-04-28,0.290544,POSI3,POSI3.SA
2011-05-02,0.258976,POSI3,POSI3.SA
2013-05-02,0.087656,POSI3,POSI3.SA
2014-04-30,0.045266,POSI3,POSI3.SA
2015-05-04,0.068259,POSI3,POSI3.SA
2017-05-02,0.025663,POSI3,POSI3.SA
2020-06-02,0.0321,POSI3,POSI3.SA
2021-05-03,0.342276,POSI3,POSI3.SA
2022-05-02,0.680482,POSI3,POSI3.SA
2023-05-02,0.514055,POSI3,POSI3.SA
2024-05-02,0.418228,POSI3,POSI3.SA
2025-05-02,0.273743,POSI3,POSI3.SA
2023-12-14,0.072644,PRIO3,PRIO3.SA
2021-12-30,0.053947,PRNR3,PRNR3.SA
2022-05-05,0.039309,PRNR3,PRNR3.SA
2022-12-15,0.257026,PRNR3,PRNR3.SA
2024-05-03,0.072086,PRNR3,PRNR3.SA
2025-04-30,0.051342,PRNR3,PRNR3.SA
2009-11-03,0.172383,PSSA3,PSSA3.SA
2010-01-04,0.029607,PSSA3,PSSA3.SA
2010-11-01,0.146837,PSSA3,PSSA3.SA
2011-01-03,0.097363,PSSA3,PSSA3.SA
2011-03-31,0.132918,PSSA3,PSSA3.SA
2011-10-31,0.292488,PSSA3,PSSA3.SA
2011-12-29,0.100102,PSSA3,PSSA3.SA
2012-03-30,0.09135,PSSA3,PSSA3.SA
2012-10-31,0.300347,PSSA3,PSSA3.SA
2012-12-27,0.098053,PSSA3,PSSA3.SA
2013-04-01,0.313768,PSSA3,PSSA3.SA
2013-10-29,0.275756,PSSA3,PSSA3.SA
2013-12-26,0.094806,PSSA3,PSSA3.SA
2014-03-31,0.986806,PSSA3,PSSA3.SA
2014-10-30,0.30995,PSSA3,PSSA3.SA
2014-12-23,0.10515,PSSA3,PSSA3.SA
2015-03-30,0.318117,PSSA3,PSSA3.SA
2015-10-29,0.395106,PSSA3,PSSA3.SA
2015-12-14,0.158618,PSSA3,PSSA3.SA
2016-03-30,0.070778,PSSA3,PSSA3.SA
2016-10-28,0.543223,PSSA3,PSSA3.SA
2016-12-21,0.050032,PSSA3,PSSA3.SA
2017-07-03,0.376763,PSSA3,PSSA3.SA
2017-10-31,0.374552,PSSA3,PSSA3.SA
2018-04-02,0.042571,PSSA3,PSSA3.SA
2018-05-29,0.773292,PSSA3,PSSA3.SA
2018-06-28,0.353747,PSSA3,PSSA3.SA
2018-11-07,0.385061,PSSA3,PSSA3.SA
2019-04-01,0.384843,PSSA3,PSSA3.SA
2019-06-26,0.357284,PSSA3,PSSA3.SA
2019-10-30,0.318543,PSSA3,PSSA3.SA
2020-04-01,0.984438,PSSA3,PSSA3.SA
2020-06-30,0.298399,PSSA3,PSSA3.SA
2020-11-03,0.27981,PSSA3,PSSA3.SA
2021-04-01,0.821622,PSSA3,PSSA3.SA
2021-07-30,0.345755,PSSA3,PSSA3.SA
2021-11-01,0.277301,PSSA3,PSSA3.SA
2022-04-01,0.4475,PSSA3,PSSA3.SA
2022-08-31,0.623304,PSSA3,PSSA3.SA
2022-11-01,0.087771,PSSA3,PSSA3.SA
2023-06-30,0.589409,PSSA3,PSSA3.SA
2023-09-29,0.250582,PSSA3,PSSA3.SA
2023-12-28,0.530221,PSSA3,PSSA3.SA
2024-04-01,0.392954,PSSA3,PSSA3.SA
2024-09-30,0.409823,PSSA3,PSSA3.SA
2025-01-02,0.421051,PSSA3,PSSA3.SA
2025-03-31,0.605805,PSSA3,PSSA3.SA
2025-06-27,0.483208,PSSA3,PSSA3.SA
2025-09-26,0.533804,PSSA3,PSSA3.SA
2015-05-04,0.424009,QUAL3,QUAL3.SA
2015-10-20,1.468959,QUAL3,QUAL3.SA
2016-05-02,0.796008,QUAL3,QUAL3.SA
2016-11-14,0.897077,QUAL3,QUAL3.SA
2017-05-02,0.492423,QUAL3,QUAL3.SA
2017-09-11,0.35079,QUAL3,QUAL3.SA
2017-12-22,0.525371,QUAL3,QUAL3.SA
2018-04-30,0.360813,QUAL3,QUAL3.SA
2018-06-07,0.363017,QUAL3,QUAL3.SA
2019-04-30,0.659317,QUAL3,QUAL3.SA
2019-07-25,0.647259,QUAL3,QUAL3.SA
2020-05-04,0.004212,QUAL3,QUAL3.SA
2020-10-14,0.169317,QUAL3,QUAL3.SA
2021-01-04,0.119719,QUAL3,QUAL3.SA
2021-05-10,2.00909,QUAL3,QUAL3.SA
2021-07-14,0.062234,QUAL3,QUAL3.SA
2022-05-06,0.255432,QUAL3,QUAL3.SA
2023-05-15,0.079075,QUAL3,QUAL3.SA
2025-06-30,0.005527,QUAL3,QUAL3.SA
2007-04-02,0.001923,RADL3,RADL3.SA
2007-09-24,0.003141,RADL3,RADL3.SA
2007-12-14,0.002628,RADL3,RADL3.SA
2008-03-25,0.005192,RADL3,RADL3.SA
2008-04-01,0.003006,RADL3,RADL3.SA
2008-09-23,0.009668,RADL3,RADL3.SA
2008-12-12,0.005861,RADL3,RADL3.SA
2009-03-17,0.004884,RADL3,RADL3.SA
2009-06-16,0.005427,RADL3,RADL3.SA
2009-09-22,0.004914,RADL3,RADL3.SA
2009-12-15,0.006051,RADL3,RADL3.SA
2010-03-23,0.004999,RADL3,RADL3.SA
2010-04-06,0.004227,RADL3,RADL3.SA
2010-06-22,0.005274,RADL3,RADL3.SA
2010-09-17,0.011373,RADL3,RADL3.SA
2010-12-15,0.007104,RADL3,RADL3.SA
2011-03-22,0.008347,RADL3,RADL3.SA
2011-04-12,0.003445,RADL3,RADL3.SA
2011-06-22,0.008603,RADL3,RADL3.SA
2011-12-23,0.008586,RADL3,RADL3.SA
2012-03-22,0.034633,RADL3,RADL3.SA
2012-06-22,0.010768,RADL3,RADL3.SA
2012-09-24,0.00844,RADL3,RADL3.SA
2013-03-25,0.001979,RADL3,RADL3.SA
2013-06-24,0.007916,RADL3,RADL3.SA
2013-09-24,0.003201,RADL3,RADL3.SA
2013-12-13,0.008149,RADL3,RADL3.SA
2014-03-24,0.004499,RADL3,RADL3.SA
2014-06-24,0.012456,RADL3,RADL3.SA
2014-09-23,0.012848,RADL3,RADL3.SA
2014-12-12,0.013724,RADL3,RADL3.SA
2015-02-27,0.016913,RADL3,RADL3.SA
2015-03-24,0.018864,RADL3,RADL3.SA
2015-06-23,0.020791,RADL3,RADL3.SA
2015-09-22,0.02301,RADL3,RADL3.SA
2015-12-14,0.025083,RADL3,RADL3.SA
2016-03-22,0.027853,RADL3,RADL3.SA
2016-06-27,0.027912,RADL3,RADL3.SA
2016-09-27,0.028729,RADL3,RADL3.SA
2016-12-16,0.029196,RADL3,RADL3.SA
2017-03-27,0.029746,RADL3,RADL3.SA
2017-06-27,0.02858,RADL3,RADL3.SA
2017-09-28,0.029746,RADL3,RADL3.SA
2017-12-18,0.030038,RADL3,RADL3.SA
2018-03-27,0.02978,RADL3,RADL3.SA
2018-06-27,0.029488,RADL3,RADL3.SA
2018-09-27,0.030364,RADL3,RADL3.SA
2018-12-17,0.032699,RADL3,RADL3.SA
2019-03-27,0.033254,RADL3,RADL3.SA
2019-06-27,0.031212,RADL3,RADL3.SA
2019-09-27,0.030334,RADL3,RADL3.SA
2019-12-12,0.028584,RADL3,RADL3.SA
2020-03-27,0.027399,RADL3,RADL3.SA
2020-04-14,0.011759,RADL3,RADL3.SA
2020-06-26,0.028565,RADL3,RADL3.SA
2020-09-25,0.029148,RADL3,RADL3.SA
2020-12-17,0.027398,RADL3,RADL3.SA
2021-03-12,0.025638,RADL3,RADL3.SA
2021-06-24,0.029135,RADL3,RADL3.SA
2021-11-16,0.100988,RADL3,RADL3.SA
2021-12-09,0.057791,RADL3,RADL3.SA
2022-04-05,0.038513,RADL3,RADL3.SA
2022-07-06,0.043182,RADL3,RADL3.SA
2022-10-06,0.110582,RADL3,RADL3.SA
2022-12-08,0.052519,RADL3,RADL3.SA
2023-04-05,0.046664,RADL3,RADL3.SA
2023-04-25,0.046081,RADL3,RADL3.SA
2023-07-06,0.059497,RADL3,RADL3.SA
2023-10-05,0.053139,RADL3,RADL3.SA
2023-12-07,0.050805,RADL3,RADL3.SA
2023-12-21,0.048414,RADL3,RADL3.SA
2024-04-04,0.043379,RADL3,RADL3.SA
2024-04-18,0.049151,RADL3,RADL3.SA
2024-07-04,0.044953,RADL3,RADL3.SA
2024-10-04,0.128328,RADL3,RADL3.SA
2024-12-05,0.072235,RADL3,RADL3.SA
2025-04-04,0.068943,RADL3,RADL3.SA
2025-04-30,0.060712,RADL3,RADL3.SA
2025-07-04,0.076941,RADL3,RADL3.SA
2025-10-06,0.082136,RADL3,RADL3.SA
2022-04-28,0.019307,RAIL3,RAIL3.SA
2023-04-20,0.066017,RAIL3,RAIL3.SA
2024-05-02,0.092402,RAIL3,RAIL3.SA
2025-06-17,0.810438,RAIL3,RAIL3.SA
2021-10-06,0.016239,RAIZ4,RAIZ4.SA
2022-01-06,0.022011,RAIZ4,RAIZ4.SA
2022-04-06,0.02776,RAIZ4,RAIZ4.SA
2022-10-03,0.031595,RAIZ4,RAIZ4.SA
2022-12-08,0.089046,RAIZ4,RAIZ4.SA
2023-03-17,0.089066,RAIZ4,RAIZ4.SA
2023-07-27,0.024211,RAIZ4,RAIZ4.SA
2023-10-18,0.02421,RAIZ4,RAIZ4.SA
2023-12-21,0.129032,RAIZ4,RAIZ4.SA
2024-03-22,0.01623,RAIZ4,RAIZ4.SA
2008-05-02,0.001562,RANI3,RANI3.SA
2010-05-03,0.023705,RANI3,RANI3.SA
2011-05-02,0.059962,RANI3,RANI3.SA
2011-11-17,0.031157,RANI3,RANI3.SA
2012-04-20,0.001693,RANI3,RANI3.SA
2012-07-24,0.090223,RANI3,RANI3.SA
2013-01-28,0.090223,RANI3,RANI3.SA
2013-04-30,0.0619,RANI3,RANI3.SA
2014-02-03,0.103441,RANI3,RANI3.SA
2014-04-17,0.015308,RANI3,RANI3.SA
2014-09-10,0.018254,RANI3,RANI3.SA
2015-03-09,0.077077,RANI3,RANI3.SA
2015-08-21,0.022635,RANI3,RANI3.SA
2015-11-19,0.007484,RANI3,RANI3.SA
2017-03-09,0.024748,RANI3,RANI3.SA
2019-04-30,0.022794,RANI3,RANI3.SA
2020-04-29,0.021594,RANI3,RANI3.SA
2020-08-27,0.034969,RANI3,RANI3.SA
2020-11-18,0.0231,RANI3,RANI3.SA
2021-03-05,0.040738,RANI3,RANI3.SA
2021-04-29,0.096624,RANI3,RANI3.SA
2021-05-12,0.050658,RANI3,RANI3.SA
2021-08-11,0.064642,RANI3,RANI3.SA
2021-11-09,0.10133,RANI3,RANI3.SA
2022-03-09,0.063469,RANI3,RANI3.SA
2022-04-29,0.284556,RANI3,RANI3.SA
2022-05-09,0.099605,RANI3,RANI3.SA
2022-08-09,0.095684,RANI3,RANI3.SA
2022-11-10,0.096031,RANI3,RANI3.SA
2023-03-08,0.087216,RANI3,RANI3.SA
2023-04-25,0.38589,RANI3,RANI3.SA
2023-05-09,0.084363,RANI3,RANI3.SA
2023-08-08,0.229058,RANI3,RANI3.SA
2023-11-09,0.066808,RANI3,RANI3.SA
2024-03-06,0.009608,RANI3,RANI3.SA
2024-04-29,0.390522,RANI3,RANI3.SA
2024-05-09,0.043069,RANI3,RANI3.SA
2024-08-08,0.042695,RANI3,RANI3.SA
2024-11-08,0.040821,RANI3,RANI3.SA
2025-03-11,0.193261,RANI3,RANI3.SA
2025-04-24,0.323177,RANI3,RANI3.SA
2025-05-08,0.06258,RANI3,RANI3.SA
2025-08-11,0.109765,RANI3,RANI3.SA
2008-04-18,0.04814,RAPT3,RAPT3.SA
2008-06-18,0.062612,RAPT3,RAPT3.SA
2008-11-27,0.12914,RAPT3,RAPT3.SA
2009-04-09,0.113681,RAPT3,RAPT3.SA
2009-06-19,0.05307,RAPT3,RAPT3.SA
2009-12-07,0.05307,RAPT3,RAPT3.SA
2010-04-09,0.03997,RAPT3,RAPT3.SA
2010-06-15,0.072644,RAPT3,RAPT3.SA
2010-12-13,0.088003,RAPT3,RAPT3.SA
2011-06-14,0.102029,RAPT3,RAPT3.SA
2011-12-06,0.105054,RAPT3,RAPT3.SA
2012-03-30,0.125521,RAPT3,RAPT3.SA
2012-06-21,0.049538,RAPT3,RAPT3.SA
2013-04-08,0.00278,RAPT3,RAPT3.SA
2013-06-24,0.102013,RAPT3,RAPT3.SA
2013-12-16,0.084254,RAPT3,RAPT3.SA
2014-04-15,0.068401,RAPT3,RAPT3.SA
2014-06-24,0.099396,RAPT3,RAPT3.SA
2014-12-08,0.08258,RAPT3,RAPT3.SA
2015-04-16,0.040059,RAPT3,RAPT3.SA
2017-07-14,0.043601,RAPT3,RAPT3.SA
2018-05-04,0.045772,RAPT3,RAPT3.SA
2018-08-16,0.055718,RAPT3,RAPT3.SA
2019-05-07,0.087553,RAPT3,RAPT3.SA
2019-07-29,0.101327,RAPT3,RAPT3.SA
2019-12-19,0.168274,RAPT3,RAPT3.SA
2020-08-18,0.091137,RAPT3,RAPT3.SA
2020-12-21,0.149597,RAPT3,RAPT3.SA
2021-04-20,0.363755,RAPT3,RAPT3.SA
2021-07-26,0.132502,RAPT3,RAPT3.SA
2021-12-23,0.153289,RAPT3,RAPT3.SA
2022-04-20,0.355214,RAPT3,RAPT3.SA
2022-07-21,0.212644,RAPT3,RAPT3.SA
2022-12-23,0.287891,RAPT3,RAPT3.SA
2023-07-24,0.221301,RAPT3,RAPT3.SA
2023-12-21,0.357584,RAPT3,RAPT3.SA
2024-07-23,0.153498,RAPT3,RAPT3.SA
2024-12-20,0.208345,RAPT3,RAPT3.SA
2025-05-02,0.046514,RAPT3,RAPT3.SA
2010-04-29,0.135775,RDNI3,RDNI3.SA
2011-04-14,0.350334,RDNI3,RDNI3.SA
2013-04-30,1.0122,RDNI3,RDNI3.SA
2013-12-10,0.418221,RDNI3,RDNI3.SA
2014-04-24,0.524194,RDNI3,RDNI3.SA
2015-04-27,0.383021,RDNI3,RDNI3.SA
2016-04-27,0.23703,RDNI3,RDNI3.SA
2020-04-24,0.009054,RDNI3,RDNI3.SA
2021-04-26,0.009985,RDNI3,RDNI3.SA
2022-04-27,0.05717,RDNI3,RDNI3.SA
2023-04-26,0.144192,RDNI3,RDNI3.SA
2021-01-05,0.131045,RDOR3,RDOR3.SA
2021-04-01,0.074936,RDOR3,RDOR3.SA
2021-06-25,0.079241,RDOR3,RDOR3.SA
2021-09-10,1.079874,RDOR3,RDOR3.SA
2021-12-20,0.094389,RDOR3,RDOR3.SA
2022-04-01,0.196932,RDOR3,RDOR3.SA
2022-07-07,0.111132,RDOR3,RDOR3.SA
2022-09-22,0.115504,RDOR3,RDOR3.SA
2022-12-20,0.080205,RDOR3,RDOR3.SA
2023-10-17,0.184638,RDOR3,RDOR3.SA
2023-12-19,0.184639,RDOR3,RDOR3.SA
2024-03-27,0.133031,RDOR3,RDOR3.SA
2024-07-01,0.155994,RDOR3,RDOR3.SA
2024-09-27,0.156105,RDOR3,RDOR3.SA
2024-12-19,0.202583,RDOR3,RDOR3.SA
2025-03-27,0.181072,RDOR3,RDOR3.SA
2025-06-17,0.20392,RDOR3,RDOR3.SA
2025-09-24,0.226578,RDOR3,RDOR3.SA
2022-04-28,0.159763,RECV3,RECV3.SA
2022-12-02,0.614971,RECV3,RECV3.SA
2023-04-27,0.444138,RECV3,RECV3.SA
2023-12-06,0.545972,RECV3,RECV3.SA
2024-04-25,0.059283,RECV3,RECV3.SA
2024-06-06,1.398827,RECV3,RECV3.SA
2024-11-13,1.293078,RECV3,RECV3.SA
2025-05-16,0.90014,RECV3,RECV3.SA
2016-05-02,0.055181,REDE3,REDE3.SA
2017-05-05,0.017838,REDE3,REDE3.SA
2018-05-03,0.01279,REDE3,REDE3.SA
2019-05-08,0.231397,REDE3,REDE3.SA
2019-06-19,0.103239,REDE3,REDE3.SA
2019-08-14,0.087939,REDE3,REDE3.SA
2019-11-13,0.035871,REDE3,REDE3.SA
2020-08-19,0.093,REDE3,REDE3.SA
2021-03-17,0.317153,REDE3,REDE3.SA
2021-06-30,0.3,REDE3,REDE3.SA
2021-08-18,0.177532,REDE3,REDE3.SA
2021-11-18,0.18278,REDE3,REDE3.SA
2022-05-03,0.16155,REDE3,REDE3.SA
2022-08-17,0.17059,REDE3,REDE3.SA
2022-11-17,0.19,REDE3,REDE3.SA
2023-03-22,0.214497,REDE3,REDE3.SA
2023-04-28,0.133905,REDE3,REDE3.SA
2023-08-16,0.143,REDE3,REDE3.SA
2023-11-16,0.219872,REDE3,REDE3.SA
2024-03-18,0.222409,REDE3,REDE3.SA
2024-07-05,0.233294,REDE3,REDE3.SA
2024-11-13,0.127942,REDE3,REDE3.SA
2025-02-26,0.245,REDE3,REDE3.SA
2025-06-23,0.05,REDE3,REDE3.SA
2025-08-13,0.24,REDE3,REDE3.SA
2007-12-20,0.010572,RENT3,RENT3.SA
2008-03-28,0.010502,RENT3,RENT3.SA
2008-04-09,0.03502,RENT3,RENT3.SA
2008-04-11,0.035325,RENT3,RENT3.SA
2008-07-03,0.010301,RENT3,RENT3.SA
2008-10-03,0.011885,RENT3,RENT3.SA
2008-12-18,0.012676,RENT3,RENT3.SA
2009-04-01,0.011882,RENT3,RENT3.SA
2009-04-23,0.008085,RENT3,RENT3.SA
2009-07-01,0.012325,RENT3,RENT3.SA
2009-10-01,0.012391,RENT3,RENT3.SA
2010-04-01,0.012934,RENT3,RENT3.SA
2010-05-03,0.008852,RENT3,RENT3.SA
2010-07-01,0.011778,RENT3,RENT3.SA
2010-10-01,0.025332,RENT3,RENT3.SA
2011-01-03,0.013902,RENT3,RENT3.SA
2011-04-01,0.016437,RENT3,RENT3.SA
2011-05-02,0.033797,RENT3,RENT3.SA
2011-07-04,0.017551,RENT3,RENT3.SA
2011-10-03,0.018831,RENT3,RENT3.SA
2012-01-02,0.020369,RENT3,RENT3.SA
2012-03-16,0.020872,RENT3,RENT3.SA
2012-05-02,0.037941,RENT3,RENT3.SA
2012-07-02,0.022259,RENT3,RENT3.SA
2012-10-01,0.021547,RENT3,RENT3.SA
2013-01-02,0.022833,RENT3,RENT3.SA
2013-03-21,0.020981,RENT3,RENT3.SA
2013-04-30,0.007403,RENT3,RENT3.SA
2013-07-01,0.022345,RENT3,RENT3.SA
2013-11-01,0.360952,RENT3,RENT3.SA
2014-01-02,0.024254,RENT3,RENT3.SA
2014-04-01,0.02009,RENT3,RENT3.SA
2014-05-02,0.055665,RENT3,RENT3.SA
2014-07-02,0.021621,RENT3,RENT3.SA
2014-10-01,0.023008,RENT3,RENT3.SA
2015-01-02,0.024494,RENT3,RENT3.SA
2015-04-01,0.03216,RENT3,RENT3.SA
2015-05-04,0.064272,RENT3,RENT3.SA
2015-07-01,0.037055,RENT3,RENT3.SA
2015-10-01,0.042586,RENT3,RENT3.SA
2016-01-04,0.047891,RENT3,RENT3.SA
2016-04-01,0.051102,RENT3,RENT3.SA
2016-05-02,0.001503,RENT3,RENT3.SA
2016-07-01,0.053031,RENT3,RENT3.SA
2016-10-03,0.047643,RENT3,RENT3.SA
2016-12-23,0.067406,RENT3,RENT3.SA
2017-03-16,0.05754,RENT3,RENT3.SA
2017-07-07,0.056318,RENT3,RENT3.SA
2017-09-25,0.0588,RENT3,RENT3.SA
2017-12-15,0.061245,RENT3,RENT3.SA
2018-03-29,0.06012,RENT3,RENT3.SA
2018-06-29,0.061442,RENT3,RENT3.SA
2018-09-28,0.063733,RENT3,RENT3.SA
2018-12-20,0.070506,RENT3,RENT3.SA
2019-03-27,0.0912,RENT3,RENT3.SA
2019-05-06,0.009524,RENT3,RENT3.SA
2019-06-25,0.099305,RENT3,RENT3.SA
2019-09-10,0.098073,RENT3,RENT3.SA
2019-12-18,0.094348,RENT3,RENT3.SA
2020-03-16,0.088402,RENT3,RENT3.SA
2020-06-24,0.085632,RENT3,RENT3.SA
2020-09-11,0.086753,RENT3,RENT3.SA
2020-12-16,0.08433,RENT3,RENT3.SA
2021-03-30,0.08422,RENT3,RENT3.SA
2021-05-03,0.02395,RENT3,RENT3.SA
2021-06-30,0.095543,RENT3,RENT3.SA
2021-09-30,0.108462,RENT3,RENT3.SA
2021-12-20,0.128287,RENT3,RENT3.SA
2022-03-30,0.1457,RENT3,RENT3.SA
2022-05-02,0.272272,RENT3,RENT3.SA
2022-07-01,0.173751,RENT3,RENT3.SA
2022-09-29,0.352665,RENT3,RENT3.SA
2022-12-22,0.364198,RENT3,RENT3.SA
2023-03-29,0.367566,RENT3,RENT3.SA
2023-07-03,0.34765,RENT3,RENT3.SA
2023-09-28,0.405298,RENT3,RENT3.SA
2023-12-27,0.382055,RENT3,RENT3.SA
2024-04-02,0.38274,RENT3,RENT3.SA
2024-06-27,0.397984,RENT3,RENT3.SA
2024-09-26,0.399526,RENT3,RENT3.SA
2024-12-18,0.404691,RENT3,RENT3.SA
2025-03-27,0.456385,RENT3,RENT3.SA
2025-06-30,0.506194,RENT3,RENT3.SA
2025-09-26,0.515365,RENT3,RENT3.SA
2016-05-02,0.69166,RNEW3,RNEW3.SA
2007-11-01,0.13493,ROMI3,ROMI3.SA
2008-03-20,0.080958,ROMI3,ROMI3.SA
2008-06-12,0.085546,ROMI3,ROMI3.SA
2008-09-04,0.177163,ROMI3,ROMI3.SA
2008-12-11,0.187957,ROMI3,ROMI3.SA
2009-12-10,0.087704,ROMI3,ROMI3.SA
2010-03-18,0.068814,ROMI3,ROMI3.SA
2010-06-10,0.068814,ROMI3,ROMI3.SA
2010-09-16,0.068814,ROMI3,ROMI3.SA
2010-12-09,0.094451,ROMI3,ROMI3.SA
2011-03-17,0.080958,ROMI3,ROMI3.SA
2011-06-09,0.074211,ROMI3,ROMI3.SA
2011-09-15,0.067465,ROMI3,ROMI3.SA
2014-02-13,0.003049,ROMI3,ROMI3.SA
2015-03-18,0.016866,ROMI3,ROMI3.SA
2016-03-23,0.01526,ROMI3,ROMI3.SA
2017-12-19,0.053972,ROMI3,ROMI3.SA
2018-03-14,0.084063,ROMI3,ROMI3.SA
2018-04-24,0.290099,ROMI3,ROMI3.SA
2018-09-18,0.168662,ROMI3,ROMI3.SA
2019-04-01,0.317085,ROMI3,ROMI3.SA
2019-09-17,0.26986,ROMI3,ROMI3.SA
2019-12-26,0.168662,ROMI3,ROMI3.SA
2020-03-24,0.337325,ROMI3,ROMI3.SA
2020-06-23,0.067465,ROMI3,ROMI3.SA
2020-09-30,0.53972,ROMI3,ROMI3.SA
2020-12-15,0.787092,ROMI3,ROMI3.SA
2021-03-23,0.118064,ROMI3,ROMI3.SA
2021-06-15,0.094451,ROMI3,ROMI3.SA
2021-09-21,0.283353,ROMI3,ROMI3.SA
2021-12-22,0.115624,ROMI3,ROMI3.SA
2022-02-08,0.078709,ROMI3,ROMI3.SA
2022-03-22,0.133806,ROMI3,ROMI3.SA
2022-06-14,0.157418,ROMI3,ROMI3.SA
2022-09-27,0.166076,ROMI3,ROMI3.SA
2022-12-22,0.181818,ROMI3,ROMI3.SA
2023-02-07,0.122487,ROMI3,ROMI3.SA
2023-03-21,0.199134,ROMI3,ROMI3.SA
2023-06-14,0.2,ROMI3,ROMI3.SA
2023-09-19,0.19181,ROMI3,ROMI3.SA
2023-12-19,0.18381,ROMI3,ROMI3.SA
2024-04-01,0.114286,ROMI3,ROMI3.SA
2024-06-18,0.23,ROMI3,ROMI3.SA
2024-09-24,0.24,ROMI3,ROMI3.SA
2024-12-17,0.22,ROMI3,ROMI3.SA
2025-03-18,0.18,ROMI3,ROMI3.SA
2025-06-17,0.18,ROMI3,ROMI3.SA
2025-09-23,0.18,ROMI3,ROMI3.SA
2022-04-29,1.98453,RSUL4,RSUL4.SA
2023-04-12,2.912009,RSUL4,RSUL4.SA
2024-04-18,2.126921,RSUL4,RSUL4.SA
2025-04-17,2.245184,RSUL4,RSUL4.SA
2009-04-29,46.629086,SANB3,SANB3.SA
2009-07-01,0.039105,SANB3,SANB3.SA
2009-12-29,0.078044,SANB3,SANB3.SA
2010-03-23,0.04477,SANB3,SANB3.SA
2010-07-01,0.118524,SANB3,SANB3.SA
2010-09-23,0.118689,SANB3,SANB3.SA
2010-12-23,0.225223,SANB3,SANB3.SA
2011-03-25,0.079034,SANB3,SANB3.SA
2011-06-01,0.062699,SANB3,SANB3.SA
2011-06-22,0.085579,SANB3,SANB3.SA
2011-09-23,0.052744,SANB3,SANB3.SA
2011-12-22,0.102244,SANB3,SANB3.SA
2012-03-29,0.052799,SANB3,SANB3.SA
2012-06-29,0.141294,SANB3,SANB3.SA
2012-09-27,0.065999,SANB3,SANB3.SA
2012-12-20,0.092399,SANB3,SANB3.SA
2013-04-01,0.03366,SANB3,SANB3.SA
2013-06-26,0.085799,SANB3,SANB3.SA
2013-09-27,0.059509,SANB3,SANB3.SA
2014-01-02,0.925586,SANB3,SANB3.SA
2014-03-27,0.029205,SANB3,SANB3.SA
2014-06-26,0.050501,SANB3,SANB3.SA
2014-09-26,0.027774,SANB3,SANB3.SA
2015-01-02,0.087212,SANB3,SANB3.SA
2015-03-30,0.018947,SANB3,SANB3.SA
2015-09-10,0.385812,SANB3,SANB3.SA
2016-01-04,0.38014,SANB3,SANB3.SA
2016-07-07,0.063429,SANB3,SANB3.SA
2017-01-05,0.088831,SANB3,SANB3.SA
2017-01-06,0.425119,SANB3,SANB3.SA
2017-05-04,0.063378,SANB3,SANB3.SA
2017-08-03,0.063528,SANB3,SANB3.SA
2017-10-09,0.063592,SANB3,SANB3.SA
2018-01-08,0.611134,SANB3,SANB3.SA
2018-04-06,0.07633,SANB3,SANB3.SA
2018-07-05,0.076495,SANB3,SANB3.SA
2018-10-08,0.076498,SANB3,SANB3.SA
2019-01-08,0.612358,SANB3,SANB3.SA
2019-04-08,0.127585,SANB3,SANB3.SA
2019-07-08,0.127639,SANB3,SANB3.SA
2019-10-09,0.127661,SANB3,SANB3.SA
2020-01-06,0.995985,SANB3,SANB3.SA
2020-05-08,0.113712,SANB3,SANB3.SA
2020-08-07,0.098379,SANB3,SANB3.SA
2020-11-05,0.127763,SANB3,SANB3.SA
2021-01-11,0.084962,SANB3,SANB3.SA
2021-02-17,0.065425,SANB3,SANB3.SA
2021-05-10,0.38298,SANB3,SANB3.SA
2021-08-05,0.434044,SANB3,SANB3.SA
2021-11-05,0.38298,SANB3,SANB3.SA
2022-01-10,0.031786,SANB3,SANB3.SA
2022-02-11,0.382968,SANB3,SANB3.SA
2022-04-22,0.217241,SANB3,SANB3.SA
2022-08-15,0.217747,SANB3,SANB3.SA
2022-10-24,0.217734,SANB3,SANB3.SA
2023-01-27,0.217919,SANB3,SANB3.SA
2023-04-25,0.192029,SANB3,SANB3.SA
2023-07-21,0.192069,SANB3,SANB3.SA
2023-10-20,0.192079,SANB3,SANB3.SA
2024-01-22,0.191836,SANB3,SANB3.SA
2024-04-22,0.191619,SANB3,SANB3.SA
2024-07-22,0.191667,SANB3,SANB3.SA
2024-10-18,0.191655,SANB3,SANB3.SA
2025-01-23,0.191677,SANB3,SANB3.SA
2025-04-22,0.191388,SANB3,SANB3.SA
2025-07-18,0.255181,SANB3,SANB3.SA
2022-05-02,0.117848,SBFG3,SBFG3.SA
2023-05-02,0.13582,SBFG3,SBFG3.SA
2024-04-29,0.173525,SBFG3,SBFG3.SA
2025-04-28,0.548366,SBFG3,SBFG3.SA
2007-10-30,0.393333,SBSP3,SBSP3.SA
2008-02-28,0.046667,SBSP3,SBSP3.SA
2008-08-13,0.293333,SBSP3,SBSP3.SA
2009-01-27,0.14,SBSP3,SBSP3.SA
2009-05-29,0.172833,SBSP3,SBSP3.SA
2009-11-23,0.274833,SBSP3,SBSP3.SA
2010-01-04,0.05,SBSP3,SBSP3.SA
2010-03-01,0.05,SBSP3,SBSP3.SA
2010-12-28,1.334267,SBSP3,SBSP3.SA
2012-02-17,1.693333,SBSP3,SBSP3.SA
2013-04-01,0.781667,SBSP3,SBSP3.SA
2014-04-08,0.786331,SBSP3,SBSP3.SA
2015-04-07,0.36913,SBSP3,SBSP3.SA
2016-04-06,0.2193,SBSP3,SBSP3.SA
2017-04-11,1.2048,SBSP3,SBSP3.SA
2018-04-30,1.0298,SBSP3,SBSP3.SA
2019-04-30,1.159,SBSP3,SBSP3.SA
2020-04-29,1.3767,SBSP3,SBSP3.SA
2021-04-30,0.3979,SBSP3,SBSP3.SA
2022-04-29,0.9427,SBSP3,SBSP3.SA
2023-05-02,1.276,SBSP3,SBSP3.SA
2024-04-26,1.4404,SBSP3,SBSP3.SA
2025-04-30,3.730472,SBSP3,SBSP3.SA
2008-05-02,0.267674,SCAR3,SCAR3.SA
2009-08-18,0.312448,SCAR3,SCAR3.SA
2010-01-06,0.208299,SCAR3,SCAR3.SA
2010-05-03,0.107254,SCAR3,SCAR3.SA
2010-05-18,0.367582,SCAR3,SCAR3.SA
2012-05-02,0.911141,SCAR3,SCAR3.SA
2012-11-07,0.549016,SCAR3,SCAR3.SA
2013-05-02,0.425856,SCAR3,SCAR3.SA
2013-11-04,0.594392,SCAR3,SCAR3.SA
2014-05-02,0.506252,SCAR3,SCAR3.SA
2014-11-17,0.336399,SCAR3,SCAR3.SA
2015-05-04,0.210346,SCAR3,SCAR3.SA
2015-06-30,0.55162,SCAR3,SCAR3.SA
2016-05-02,0.201186,SCAR3,SCAR3.SA
2017-05-02,0.320274,SCAR3,SCAR3.SA
2017-11-07,0.8139,SCAR3,SCAR3.SA
2019-05-02,0.066147,SCAR3,SCAR3.SA
2019-11-12,0.301212,SCAR3,SCAR3.SA
2020-05-04,0.063011,SCAR3,SCAR3.SA
2021-05-03,0.366203,SCAR3,SCAR3.SA
2022-05-03,0.143764,SCAR3,SCAR3.SA
2024-05-03,1.742338,SCAR3,SCAR3.SA
2025-01-02,1.744967,SCAR3,SCAR3.SA
2014-04-29,0.030823,SEER3,SEER3.SA
2014-08-15,0.137889,SEER3,SEER3.SA
2014-11-17,0.053314,SEER3,SEER3.SA
2014-12-23,0.056344,SEER3,SEER3.SA
2015-04-02,0.014618,SEER3,SEER3.SA
2015-08-03,0.030162,SEER3,SEER3.SA
2016-03-21,0.176091,SEER3,SEER3.SA
2017-03-20,0.260779,SEER3,SEER3.SA
2018-04-30,0.273393,SEER3,SEER3.SA
2018-09-14,0.15128,SEER3,SEER3.SA
2019-05-02,0.28495,SEER3,SEER3.SA
2019-05-15,1.942177,SEER3,SEER3.SA
2019-08-28,0.254837,SEER3,SEER3.SA
2020-05-04,0.047102,SEER3,SEER3.SA
2020-11-18,0.158268,SEER3,SEER3.SA
2021-01-05,0.120145,SEER3,SEER3.SA
2021-05-03,0.086984,SEER3,SEER3.SA
2021-11-24,0.12347,SEER3,SEER3.SA
2025-04-29,0.154113,SEER3,SEER3.SA
2012-04-30,2.05878,SHOW3,SHOW3.SA
2016-04-22,0.2932,SHOW3,SHOW3.SA
2017-04-27,0.93559,SHOW3,SHOW3.SA
2018-05-03,3.1302,SHOW3,SHOW3.SA
2019-05-02,0.59187,SHOW3,SHOW3.SA
2010-04-28,0.024368,SHUL4,SHUL4.SA
2011-04-20,0.018201,SHUL4,SHUL4.SA
2011-08-04,0.015482,SHUL4,SHUL4.SA
2012-04-11,0.027014,SHUL4,SHUL4.SA
2013-04-03,0.017702,SHUL4,SHUL4.SA
2014-03-28,0.032153,SHUL4,SHUL4.SA
2014-11-17,0.031214,SHUL4,SHUL4.SA
2015-04-24,0.013686,SHUL4,SHUL4.SA
2015-11-16,0.031811,SHUL4,SHUL4.SA
2016-05-02,0.008428,SHUL4,SHUL4.SA
2016-10-31,0.014963,SHUL4,SHUL4.SA
2017-05-03,0.009493,SHUL4,SHUL4.SA
2017-11-22,0.019023,SHUL4,SHUL4.SA
2018-05-04,0.018592,SHUL4,SHUL4.SA
2018-10-18,0.035242,SHUL4,SHUL4.SA
2019-04-12,0.02791,SHUL4,SHUL4.SA
2019-10-01,0.038447,SHUL4,SHUL4.SA
2020-06-25,0.006052,SHUL4,SHUL4.SA
2020-06-30,0.014056,SHUL4,SHUL4.SA
2020-10-01,0.026993,SHUL4,SHUL4.SA
2020-11-18,0.019444,SHUL4,SHUL4.SA
2020-12-29,0.01695,SHUL4,SHUL4.SA
2021-04-22,0.019202,SHUL4,SHUL4.SA
2021-06-25,0.023442,SHUL4,SHUL4.SA
2021-09-27,0.030076,SHUL4,SHUL4.SA
2021-11-26,0.020511,SHUL4,SHUL4.SA
2022-04-20,0.056722,SHUL4,SHUL4.SA
2022-06-27,0.029728,SHUL4,SHUL4.SA
2022-09-27,0.06294,SHUL4,SHUL4.SA
2022-12-27,0.067086,SHUL4,SHUL4.SA
2023-02-23,0.064091,SHUL4,SHUL4.SA
2023-04-04,0.061178,SHUL4,SHUL4.SA
2023-06-27,0.041235,SHUL4,SHUL4.SA
2023-10-02,0.063395,SHUL4,SHUL4.SA
2023-12-28,0.061953,SHUL4,SHUL4.SA
2024-03-27,0.133482,SHUL4,SHUL4.SA
2024-06-27,0.110701,SHUL4,SHUL4.SA
2024-09-27,0.131093,SHUL4,SHUL4.SA
2025-01-02,0.099922,SHUL4,SHUL4.SA
2025-03-28,0.073398,SHUL4,SHUL4.SA
2025-06-27,0.080155,SHUL4,SHUL4.SA
2025-09-26,0.08317,SHUL4,SHUL4.SA
2021-01-07,0.029152,SIMH3,SIMH3.SA
2021-04-30,0.056452,SIMH3,SIMH3.SA
2021-12-23,0.105112,SIMH3,SIMH3.SA
2022-05-06,0.515612,SIMH3,SIMH3.SA
2022-12-28,0.137825,SIMH3,SIMH3.SA
2023-05-05,0.019527,SIMH3,SIMH3.SA
2025-05-06,0.07029,SIMH3,SIMH3.SA
2010-04-08,0.015,SLCE3,SLCE3.SA
2011-04-28,0.032902,SLCE3,SLCE3.SA
2012-05-02,0.131072,SLCE3,SLCE3.SA
2013-04-18,0.032008,SLCE3,SLCE3.SA
2014-04-17,0.080202,SLCE3,SLCE3.SA
2015-04-30,0.057798,SLCE3,SLCE3.SA
2016-05-02,0.123866,SLCE3,SLCE3.SA
2017-04-27,0.030263,SLCE3,SLCE3.SA
2017-10-02,0.427654,SLCE3,SLCE3.SA
2018-05-02,0.440899,SLCE3,SLCE3.SA
2019-05-02,0.391345,SLCE3,SLCE3.SA
2020-07-31,0.162716,SLCE3,SLCE3.SA
2020-11-16,0.081805,SLCE3,SLCE3.SA
2021-04-30,0.439138,SLCE3,SLCE3.SA
2022-05-02,1.102794,SLCE3,SLCE3.SA
2022-12-27,0.158071,SLCE3,SLCE3.SA
2023-05-05,1.18008,SLCE3,SLCE3.SA
2023-12-28,0.054527,SLCE3,SLCE3.SA
2024-05-02,0.829965,SLCE3,SLCE3.SA
2025-05-06,0.546327,SLCE3,SLCE3.SA
2023-10-13,0.351557,SMFT3,SMFT3.SA
2023-12-12,0.101077,SMFT3,SMFT3.SA
2024-06-24,0.085081,SMFT3,SMFT3.SA
2024-12-16,0.440944,SMFT3,SMFT3.SA
2025-03-25,0.066974,SMFT3,SMFT3.SA
2025-06-16,0.066974,SMFT3,SMFT3.SA
2025-09-15,0.066974,SMFT3,SMFT3.SA
2009-12-01,0.046019,SMTO3,SMTO3.SA
2010-08-02,0.045209,SMTO3,SMTO3.SA
2010-12-14,0.057767,SMTO3,SMTO3.SA
2011-08-01,0.089319,SMTO3,SMTO3.SA
2012-07-30,0.107114,SMTO3,SMTO3.SA
2013-08-01,0.089101,SMTO3,SMTO3.SA
2014-08-01,0.119833,SMTO3,SMTO3.SA
2015-08-03,0.200523,SMTO3,SMTO3.SA
2016-08-01,0.163789,SMTO3,SMTO3.SA
2017-07-31,0.278878,SMTO3,SMTO3.SA
2018-07-30,0.513,SMTO3,SMTO3.SA
2019-07-29,0.313566,SMTO3,SMTO3.SA
2019-12-13,0.344642,SMTO3,SMTO3.SA
2020-08-03,0.195026,SMTO3,SMTO3.SA
2020-11-13,0.346445,SMTO3,SMTO3.SA
2021-08-02,0.86611,SMTO3,SMTO3.SA
2021-11-12,1.465359,SMTO3,SMTO3.SA
2022-06-24,0.33201,SMTO3,SMTO3.SA
2022-08-01,0.396783,SMTO3,SMTO3.SA
2022-12-16,0.404186,SMTO3,SMTO3.SA
2023-06-23,0.447492,SMTO3,SMTO3.SA
2023-07-31,0.793937,SMTO3,SMTO3.SA
2024-06-21,0.445733,SMTO3,SMTO3.SA
2024-07-29,0.450511,SMTO3,SMTO3.SA
2024-12-13,0.451657,SMTO3,SMTO3.SA
2025-07-31,0.456513,SMTO3,SMTO3.SA
2022-05-02,0.039936,SOJA3,SOJA3.SA
2022-11-22,0.068828,SOJA3,SOJA3.SA
2023-04-28,0.013566,SOJA3,SOJA3.SA
2023-10-31,0.131708,SOJA3,SOJA3.SA
2023-12-21,0.810644,SOJA3,SOJA3.SA
2024-10-04,0.147795,SOJA3,SOJA3.SA
2025-01-02,0.148676,SOJA3,SOJA3.SA
2010-03-29,0.048004,STBP3,STBP3.SA
2010-12-13,0.016147,STBP3,STBP3.SA
2011-02-04,0.034862,STBP3,STBP3.SA
2011-12-14,0.246462,STBP3,STBP3.SA
2012-02-03,0.074204,STBP3,STBP3.SA
2012-12-14,0.2451,STBP3,STBP3.SA
2013-02-05,0.047332,STBP3,STBP3.SA
2013-12-19,0.237875,STBP3,STBP3.SA
2014-02-10,0.053275,STBP3,STBP3.SA
2014-12-18,0.09212,STBP3,STBP3.SA
2015-02-09,0.01324,STBP3,STBP3.SA
2015-12-18,0.006454,STBP3,STBP3.SA
2018-05-03,0.002966,STBP3,STBP3.SA
2019-05-02,0.004259,STBP3,STBP3.SA
2020-05-05,0.017499,STBP3,STBP3.SA
2021-12-22,0.259952,STBP3,STBP3.SA
2022-03-15,0.039375,STBP3,STBP3.SA
2022-09-09,0.378066,STBP3,STBP3.SA
2022-11-11,0.226784,STBP3,STBP3.SA
2022-12-21,0.014695,STBP3,STBP3.SA
2023-04-19,0.035873,STBP3,STBP3.SA
2023-05-04,0.014981,STBP3,STBP3.SA
2023-07-17,0.050416,STBP3,STBP3.SA
2023-08-11,0.103775,STBP3,STBP3.SA
2023-10-31,0.152846,STBP3,STBP3.SA
2023-12-26,0.083819,STBP3,STBP3.SA
2024-03-25,0.163734,STBP3,STBP3.SA
2024-05-28,0.109039,STBP3,STBP3.SA
2024-08-13,0.242227,STBP3,STBP3.SA
2024-10-17,1.852314,STBP3,STBP3.SA
2024-10-29,0.189372,STBP3,STBP3.SA
2024-12-30,0.046089,STBP3,STBP3.SA
2025-03-07,0.273286,STBP3,STBP3.SA
2009-10-30,0.086368,SUZB3,SUZB3.SA
2009-12-30,0.470432,SUZB3,SUZB3.SA
2010-05-03,0.01,SUZB3,SUZB3.SA
2010-08-11,0.122681,SUZB3,SUZB3.SA
2010-12-30,0.36372,SUZB3,SUZB3.SA
2011-05-02,0.03158,SUZB3,SUZB3.SA
2011-12-23,0.22619,SUZB3,SUZB3.SA
2013-05-02,0.08655,SUZB3,SUZB3.SA
2014-05-02,0.10545,SUZB3,SUZB3.SA
2015-05-04,0.12922,SUZB3,SUZB3.SA
2015-11-13,0.103371,SUZB3,SUZB3.SA
2016-04-26,0.258,SUZB3,SUZB3.SA
2017-11-30,0.183,SUZB3,SUZB3.SA
2018-04-27,0.192228,SUZB3,SUZB3.SA
2019-04-22,0.4447,SUZB3,SUZB3.SA
2022-01-19,0.741168,SUZB3,SUZB3.SA
2022-05-05,0.592805,SUZB3,SUZB3.SA
2022-12-19,1.794781,SUZB3,SUZB3.SA
2023-12-08,1.163375,SUZB3,SUZB3.SA
2024-12-17,2.017363,SUZB3,SUZB3.SA
2008-04-29,0.06217,SYNE3,SYNE3.SA
2009-04-29,0.092031,SYNE3,SYNE3.SA
2010-04-30,0.171699,SYNE3,SYNE3.SA
2011-04-29,0.258186,SYNE3,SYNE3.SA
2012-04-27,0.326821,SYNE3,SYNE3.SA
2013-05-02,0.878432,SYNE3,SYNE3.SA
2014-04-11,0.42735,SYNE3,SYNE3.SA
2015-04-28,0.281147,SYNE3,SYNE3.SA
2016-04-22,0.046356,SYNE3,SYNE3.SA
2017-08-17,2.889068,SYNE3,SYNE3.SA
2018-10-26,1.002811,SYNE3,SYNE3.SA
2020-05-04,0.048216,SYNE3,SYNE3.SA
2020-12-10,0.884408,SYNE3,SYNE3.SA
2021-05-03,0.078818,SYNE3,SYNE3.SA
2021-12-20,8.188964,SYNE3,SYNE3.SA
2022-05-17,0.524093,SYNE3,SYNE3.SA
2024-08-21,2.882516,SYNE3,SYNE3.SA
2025-04-30,0.458582,SYNE3,SYNE3.SA
2025-09-18,2.161887,SYNE3,SYNE3.SA
2008-07-31,0.321393,TAEE11,TAEE11.SA
2009-03-11,0.034538,TAEE11,TAEE11.SA
2009-10-19,1.14784,TAEE11,TAEE11.SA
2010-11-09,0.403533,TAEE11,TAEE11.SA
2011-04-28,1.26534,TAEE11,TAEE11.SA
2012-04-30,0.813163,TAEE11,TAEE11.SA
2012-12-19,0.464443,TAEE11,TAEE11.SA
2013-05-02,1.04292,TAEE11,TAEE11.SA
2013-12-13,1.161107,TAEE11,TAEE11.SA
2014-05-02,1.200777,TAEE11,TAEE11.SA
2014-12-05,0.571845,TAEE11,TAEE11.SA
2015-04-23,0.7395,TAEE11,TAEE11.SA
2015-09-18,0.899979,TAEE11,TAEE11.SA
2015-12-21,0.320006,TAEE11,TAEE11.SA
2016-04-19,0.936602,TAEE11,TAEE11.SA
2016-05-25,0.643118,TAEE11,TAEE11.SA
2016-08-18,0.576305,TAEE11,TAEE11.SA
2016-11-24,0.548025,TAEE11,TAEE11.SA
2017-05-05,0.507165,TAEE11,TAEE11.SA
2017-05-23,0.517152,TAEE11,TAEE11.SA
2017-08-17,0.202866,TAEE11,TAEE11.SA
2017-11-17,0.268338,TAEE11,TAEE11.SA
2017-12-19,0.270292,TAEE11,TAEE11.SA
2018-05-03,0.462484,TAEE11,TAEE11.SA
2018-05-15,0.736852,TAEE11,TAEE11.SA
2018-08-10,0.477069,TAEE11,TAEE11.SA
2018-11-12,0.71157,TAEE11,TAEE11.SA
2018-12-18,0.399275,TAEE11,TAEE11.SA
2019-05-06,0.16595,TAEE11,TAEE11.SA
2019-05-20,0.280836,TAEE11,TAEE11.SA
2019-08-09,0.722007,TAEE11,TAEE11.SA
2019-11-21,0.541491,TAEE11,TAEE11.SA
2019-12-17,0.180416,TAEE11,TAEE11.SA
2020-05-07,0.179281,TAEE11,TAEE11.SA
2020-05-20,0.7017,TAEE11,TAEE11.SA
2020-08-18,0.81076,TAEE11,TAEE11.SA
2020-11-17,1.361941,TAEE11,TAEE11.SA
2020-12-16,0.157381,TAEE11,TAEE11.SA
2021-05-05,1.631192,TAEE11,TAEE11.SA
2021-05-19,1.354363,TAEE11,TAEE11.SA
2021-12-07,1.518146,TAEE11,TAEE11.SA
2022-05-10,2.323063,TAEE11,TAEE11.SA
2022-08-16,1.470929,TAEE11,TAEE11.SA
2022-11-16,1.060606,TAEE11,TAEE11.SA
2023-01-11,1.335273,TAEE11,TAEE11.SA
2023-05-04,0.075612,TAEE11,TAEE11.SA
2023-08-08,0.909844,TAEE11,TAEE11.SA
2023-11-14,0.593779,TAEE11,TAEE11.SA
2024-01-04,0.66184,TAEE11,TAEE11.SA
2024-05-06,1.132902,TAEE11,TAEE11.SA
2024-05-14,0.420591,TAEE11,TAEE11.SA
2024-08-16,0.648124,TAEE11,TAEE11.SA
2024-11-12,0.668999,TAEE11,TAEE11.SA
2025-04-30,0.875206,TAEE11,TAEE11.SA
2025-05-13,0.546522,TAEE11,TAEE11.SA
2025-08-19,0.869171,TAEE11,TAEE11.SA
2008-11-27,0.7586,TASA3,TASA3.SA
2009-11-18,0.53102,TASA3,TASA3.SA
2010-05-03,0.009103,TASA3,TASA3.SA
2010-07-01,0.27082,TASA3,TASA3.SA
2010-11-18,0.45516,TASA3,TASA3.SA
2011-05-02,0.010014,TASA3,TASA3.SA
2011-08-11,0.207423,TASA3,TASA3.SA
2011-11-18,0.691408,TASA3,TASA3.SA
2012-08-17,0.483986,TASA3,TASA3.SA
2012-11-21,0.223221,TASA3,TASA3.SA
2013-04-29,0.187185,TASA3,TASA3.SA
2022-04-20,1.476695,TASA3,TASA3.SA
2023-05-02,1.177837,TASA3,TASA3.SA
2023-08-22,0.090909,TASA3,TASA3.SA
2024-05-02,0.275871,TASA3,TASA3.SA
2025-04-30,0.184258,TASA3,TASA3.SA
2008-04-22,0.471571,TCSA3,TCSA3.SA
2009-04-29,1.093759,TCSA3,TCSA3.SA
2010-04-30,1.606784,TCSA3,TCSA3.SA
2011-04-29,2.285098,TCSA3,TCSA3.SA
2012-04-27,2.674642,TCSA3,TCSA3.SA
2014-04-04,4.166594,TCSA3,TCSA3.SA
2015-04-27,1.829347,TCSA3,TCSA3.SA
2016-05-02,1.435915,TCSA3,TCSA3.SA
2012-04-27,0.448544,TECN3,TECN3.SA
2013-04-26,0.160271,TECN3,TECN3.SA
2014-04-30,0.160038,TECN3,TECN3.SA
2014-12-29,0.206787,TECN3,TECN3.SA
2015-07-23,0.3,TECN3,TECN3.SA
2016-04-29,0.048636,TECN3,TECN3.SA
2016-12-23,0.048636,TECN3,TECN3.SA
2022-01-20,0.080987,TECN3,TECN3.SA
2023-01-26,0.082006,TECN3,TECN3.SA
2024-02-02,0.1484,TECN3,TECN3.SA
2025-01-27,0.23879,TECN3,TECN3.SA
2018-12-18,0.249945,TEND3,TEND3.SA
2019-04-30,0.135598,TEND3,TEND3.SA
2019-06-13,0.119878,TEND3,TEND3.SA
2019-08-23,0.174892,TEND3,TEND3.SA
2019-11-25,0.154637,TEND3,TEND3.SA
2020-07-13,0.180233,TEND3,TEND3.SA
2020-09-30,0.136601,TEND3,TEND3.SA
2020-11-11,0.166407,TEND3,TEND3.SA
2021-05-03,0.174028,TEND3,TEND3.SA
2024-12-09,0.170623,TEND3,TEND3.SA
2025-08-08,0.407903,TEND3,TEND3.SA
2021-05-03,0.039149,TFCO4,TFCO4.SA
2021-11-18,0.051944,TFCO4,TFCO4.SA
2021-12-22,0.00887,TFCO4,TFCO4.SA
2022-04-29,0.063055,TFCO4,TFCO4.SA
2022-10-06,0.055309,TFCO4,TFCO4.SA
2022-12-28,0.061996,TFCO4,TFCO4.SA
2023-04-03,0.035913,TFCO4,TFCO4.SA
2023-04-28,0.034674,TFCO4,TFCO4.SA
2023-06-28,0.035238,TFCO4,TFCO4.SA
2023-09-26,0.037581,TFCO4,TFCO4.SA
2023-12-28,0.032283,TFCO4,TFCO4.SA
2024-03-28,0.040119,TFCO4,TFCO4.SA
2024-05-03,0.046336,TFCO4,TFCO4.SA
2024-06-28,0.044067,TFCO4,TFCO4.SA
2024-09-27,0.044193,TFCO4,TFCO4.SA
2024-12-26,0.046506,TFCO4,TFCO4.SA
2025-03-27,0.054577,TFCO4,TFCO4.SA
2025-05-02,0.027589,TFCO4,TFCO4.SA
2025-06-26,0.064719,TFCO4,TFCO4.SA
2025-09-26,0.069383,TFCO4,TFCO4.SA
2009-03-10,0.181962,TGMA3,TGMA3.SA
2009-10-29,0.151658,TGMA3,TGMA3.SA
2010-04-22,0.454975,TGMA3,TGMA3.SA
2010-08-05,0.222179,TGMA3,TGMA3.SA
2010-11-05,0.233174,TGMA3,TGMA3.SA
2011-04-05,0.454975,TGMA3,TGMA3.SA
2011-08-12,0.272985,TGMA3,TGMA3.SA
2011-11-09,0.272985,TGMA3,TGMA3.SA
2012-04-11,0.454975,TGMA3,TGMA3.SA
2012-08-20,0.151658,TGMA3,TGMA3.SA
2012-11-09,0.121327,TGMA3,TGMA3.SA
2013-05-02,0.454975,TGMA3,TGMA3.SA
2013-08-19,0.136492,TGMA3,TGMA3.SA
2013-11-13,0.227487,TGMA3,TGMA3.SA
2014-04-30,0.257546,TGMA3,TGMA3.SA
2015-09-01,0.075829,TGMA3,TGMA3.SA
2017-05-02,0.121327,TGMA3,TGMA3.SA
2017-08-10,0.223696,TGMA3,TGMA3.SA
2017-11-10,0.057959,TGMA3,TGMA3.SA
2018-04-23,0.58928,TGMA3,TGMA3.SA
2018-08-13,0.319855,TGMA3,TGMA3.SA
2018-11-14,0.235878,TGMA3,TGMA3.SA
2019-04-25,0.429278,TGMA3,TGMA3.SA
2019-09-05,0.448418,TGMA3,TGMA3.SA
2019-11-13,0.693016,TGMA3,TGMA3.SA
2020-11-12,0.340186,TGMA3,TGMA3.SA
2021-04-14,0.190196,TGMA3,TGMA3.SA
2021-08-10,0.336028,TGMA3,TGMA3.SA
2021-11-10,0.259612,TGMA3,TGMA3.SA
2022-04-14,0.338776,TGMA3,TGMA3.SA
2022-08-09,0.372917,TGMA3,TGMA3.SA
2022-11-09,0.41,TGMA3,TGMA3.SA
2023-04-13,0.6,TGMA3,TGMA3.SA
2023-08-09,0.57,TGMA3,TGMA3.SA
2023-11-10,0.54,TGMA3,TGMA3.SA
2024-04-12,0.72,TGMA3,TGMA3.SA
2024-08-09,1.22,TGMA3,TGMA3.SA
2024-11-08,0.77,TGMA3,TGMA3.SA
2025-04-10,0.59,TGMA3,TGMA3.SA
2025-08-08,1.35,TGMA3,TGMA3.SA
2010-04-28,0.125056,TIMS3,TIMS3.SA
2011-04-12,0.200591,TIMS3,TIMS3.SA
2012-04-12,0.22065,TIMS3,TIMS3.SA
2013-05-13,0.307426,TIMS3,TIMS3.SA
2014-05-13,0.35346,TIMS3,TIMS3.SA
2015-05-13,0.151751,TIMS3,TIMS3.SA
2016-04-13,0.193624,TIMS3,TIMS3.SA
2017-04-20,0.061425,TIMS3,TIMS3.SA
2017-11-16,0.078534,TIMS3,TIMS3.SA
2018-04-20,0.042695,TIMS3,TIMS3.SA
2018-05-14,0.09504,TIMS3,TIMS3.SA
2018-07-26,0.099162,TIMS3,TIMS3.SA
2019-01-03,0.156997,TIMS3,TIMS3.SA
2019-08-12,0.152419,TIMS3,TIMS3.SA
2019-10-08,0.156471,TIMS3,TIMS3.SA
2020-01-20,0.102353,TIMS3,TIMS3.SA
2020-10-20,0.206542,TIMS3,TIMS3.SA
2020-12-21,0.240868,TIMS3,TIMS3.SA
2021-06-22,0.144654,TIMS3,TIMS3.SA
2021-09-30,0.056809,TIMS3,TIMS3.SA
2021-12-21,0.231366,TIMS3,TIMS3.SA
2022-03-29,0.080564,TIMS3,TIMS3.SA
2022-06-24,0.111637,TIMS3,TIMS3.SA
2022-09-22,0.198291,TIMS3,TIMS3.SA
2022-12-22,0.187955,TIMS3,TIMS3.SA
2023-04-11,1.074053,TIMS3,TIMS3.SA
2023-04-26,0.09501,TIMS3,TIMS3.SA
2023-06-23,0.119795,TIMS3,TIMS3.SA
2023-09-22,0.175576,TIMS3,TIMS3.SA
2023-12-22,0.270594,TIMS3,TIMS3.SA
2024-03-25,0.082636,TIMS3,TIMS3.SA
2024-04-10,0.541267,TIMS3,TIMS3.SA
2024-06-24,0.124069,TIMS3,TIMS3.SA
2024-09-24,0.123946,TIMS3,TIMS3.SA
2024-12-26,0.268528,TIMS3,TIMS3.SA
2025-02-18,0.082624,TIMS3,TIMS3.SA
2025-04-01,0.202496,TIMS3,TIMS3.SA
2025-04-04,0.847176,TIMS3,TIMS3.SA
2025-05-22,0.124085,TIMS3,TIMS3.SA
2025-07-28,0.132315,TIMS3,TIMS3.SA
2025-09-29,0.199545,TIMS3,TIMS3.SA
2008-03-10,0.073571,TOTS3,TOTS3.SA
2008-12-19,0.083098,TOTS3,TOTS3.SA
2009-03-26,0.035181,TOTS3,TOTS3.SA
2009-12-11,0.047941,TOTS3,TOTS3.SA
2010-03-25,0.105679,TOTS3,TOTS3.SA
2010-12-22,0.048423,TOTS3,TOTS3.SA
2011-03-11,0.12682,TOTS3,TOTS3.SA
2011-12-22,0.072843,TOTS3,TOTS3.SA
2012-03-22,0.134258,TOTS3,TOTS3.SA
2012-12-26,0.082545,TOTS3,TOTS3.SA
2013-03-06,0.159753,TOTS3,TOTS3.SA
2013-08-02,0.044052,TOTS3,TOTS3.SA
2013-12-26,0.037317,TOTS3,TOTS3.SA
2014-03-17,0.235728,TOTS3,TOTS3.SA
2014-08-04,0.044274,TOTS3,TOTS3.SA
2014-12-23,0.040003,TOTS3,TOTS3.SA
2015-03-02,0.254729,TOTS3,TOTS3.SA
2015-08-04,0.059521,TOTS3,TOTS3.SA
2015-12-22,0.063598,TOTS3,TOTS3.SA
2016-04-27,0.135199,TOTS3,TOTS3.SA
2016-08-05,0.088625,TOTS3,TOTS3.SA
2016-12-22,0.082521,TOTS3,TOTS3.SA
2017-04-24,0.014985,TOTS3,TOTS3.SA
2017-08-04,0.066847,TOTS3,TOTS3.SA
2017-12-28,0.03541,TOTS3,TOTS3.SA
2018-04-06,0.011052,TOTS3,TOTS3.SA
2018-08-02,0.066377,TOTS3,TOTS3.SA
2019-01-02,0.026551,TOTS3,TOTS3.SA
2019-08-13,0.063178,TOTS3,TOTS3.SA
2019-12-26,0.076479,TOTS3,TOTS3.SA
2020-04-28,0.043275,TOTS3,TOTS3.SA
2020-08-11,0.069828,TOTS3,TOTS3.SA
2020-12-22,0.099755,TOTS3,TOTS3.SA
2021-04-22,0.089779,TOTS3,TOTS3.SA
2021-08-05,0.089779,TOTS3,TOTS3.SA
2021-12-29,0.13,TOTS3,TOTS3.SA
2022-08-05,0.1,TOTS3,TOTS3.SA
2023-01-02,0.21,TOTS3,TOTS3.SA
2023-07-28,0.23,TOTS3,TOTS3.SA
2023-12-05,0.21,TOTS3,TOTS3.SA
2024-08-07,0.23,TOTS3,TOTS3.SA
2024-12-04,0.22,TOTS3,TOTS3.SA
2025-03-25,0.14,TOTS3,TOTS3.SA
2025-06-24,0.15,TOTS3,TOTS3.SA
2025-09-24,0.15,TOTS3,TOTS3.SA
2010-03-08,0.227106,TPIS3,TPIS3.SA
2010-08-12,0.099205,TPIS3,TPIS3.SA
2010-09-22,0.297804,TPIS3,TPIS3.SA
2011-03-29,0.200678,TPIS3,TPIS3.SA
2011-10-04,0.541464,TPIS3,TPIS3.SA
2012-03-23,0.057737,TPIS3,TPIS3.SA
2012-08-10,0.553378,TPIS3,TPIS3.SA
2012-10-19,0.711486,TPIS3,TPIS3.SA
2013-10-18,1.425,TPIS3,TPIS3.SA
2015-05-04,0.6818,TPIS3,TPIS3.SA
2015-10-08,0.227272,TPIS3,TPIS3.SA
2016-05-02,1.070076,TPIS3,TPIS3.SA
2018-04-30,0.7785,TPIS3,TPIS3.SA
2021-05-03,0.16486,TPIS3,TPIS3.SA
2022-05-02,0.074752,TPIS3,TPIS3.SA
2023-04-28,0.045897,TPIS3,TPIS3.SA
2024-12-17,0.230539,TPIS3,TPIS3.SA
2010-04-19,0.06581,TRIS3,TRIS3.SA
2011-05-02,0.056849,TRIS3,TRIS3.SA
2013-04-23,0.024256,TRIS3,TRIS3.SA
2014-04-15,0.031243,TRIS3,TRIS3.SA
2015-04-28,0.06473,TRIS3,TRIS3.SA
2016-04-28,0.06503,TRIS3,TRIS3.SA
2017-04-28,0.065032,TRIS3,TRIS3.SA
2018-04-30,0.167673,TRIS3,TRIS3.SA
2019-04-29,0.136876,TRIS3,TRIS3.SA
2020-04-24,0.214342,TRIS3,TRIS3.SA
2021-04-26,0.241134,TRIS3,TRIS3.SA
2022-04-27,0.219644,TRIS3,TRIS3.SA
2023-04-27,0.137278,TRIS3,TRIS3.SA
2024-04-25,0.161557,TRIS3,TRIS3.SA
2024-04-30,0.036123,TRIS3,TRIS3.SA
2025-04-28,0.300639,TRIS3,TRIS3.SA
2008-05-02,0.14,TUPY3,TUPY3.SA
2009-04-29,0.39,TUPY3,TUPY3.SA
2010-04-29,0.57,TUPY3,TUPY3.SA
2011-05-02,0.56826,TUPY3,TUPY3.SA
2012-05-02,0.73933,TUPY3,TUPY3.SA
2013-04-15,0.24827,TUPY3,TUPY3.SA
2014-04-14,0.174417,TUPY3,TUPY3.SA
2014-12-18,0.176108,TUPY3,TUPY3.SA
2015-08-14,0.742212,TUPY3,TUPY3.SA
2016-08-11,0.300725,TUPY3,TUPY3.SA
2016-11-08,0.110974,TUPY3,TUPY3.SA
2016-11-17,0.173397,TUPY3,TUPY3.SA
2017-04-04,0.110974,TUPY3,TUPY3.SA
2017-06-14,0.346795,TUPY3,TUPY3.SA
2017-08-21,0.346795,TUPY3,TUPY3.SA
2017-11-21,0.346794,TUPY3,TUPY3.SA
2018-03-19,0.346817,TUPY3,TUPY3.SA
2018-05-15,0.260096,TUPY3,TUPY3.SA
2018-08-14,0.260096,TUPY3,TUPY3.SA
2018-11-13,0.346872,TUPY3,TUPY3.SA
2019-03-20,0.953686,TUPY3,TUPY3.SA
2019-05-22,0.173397,TUPY3,TUPY3.SA
2021-08-20,0.136227,TUPY3,TUPY3.SA
2021-11-19,0.142139,TUPY3,TUPY3.SA
2021-12-30,0.153737,TUPY3,TUPY3.SA
2022-11-01,0.22487,TUPY3,TUPY3.SA
2023-01-02,0.226762,TUPY3,TUPY3.SA
2023-05-02,0.741451,TUPY3,TUPY3.SA
2023-10-26,0.262953,TUPY3,TUPY3.SA
2024-01-23,0.255427,TUPY3,TUPY3.SA
2024-05-31,0.153465,TUPY3,TUPY3.SA
2025-01-02,1.39228,TUPY3,TUPY3.SA
2012-12-26,0.1362,UCAS3,UCAS3.SA
2013-05-21,0.3943,UCAS3,UCAS3.SA
2013-12-26,0.187509,UCAS3,UCAS3.SA
2014-12-23,0.1514,UCAS3,UCAS3.SA
2015-12-14,0.1135,UCAS3,UCAS3.SA
2019-12-17,0.0757,UCAS3,UCAS3.SA
2020-02-06,0.367184,UCAS3,UCAS3.SA
2020-08-06,0.182821,UCAS3,UCAS3.SA
2020-12-07,0.107399,UCAS3,UCAS3.SA
2021-05-12,0.105827,UCAS3,UCAS3.SA
2021-12-17,0.1079,UCAS3,UCAS3.SA
2022-12-07,0.1816,UCAS3,UCAS3.SA
2023-12-07,0.2009,UCAS3,UCAS3.SA
2024-12-06,0.1816,UCAS3,UCAS3.SA
2008-02-28,0.102477,UGPA3,UGPA3.SA
2008-08-14,0.051256,UGPA3,UGPA3.SA
2009-03-19,0.051085,UGPA3,UGPA3.SA
2009-08-20,0.051256,UGPA3,UGPA3.SA
2010-03-04,0.068533,UGPA3,UGPA3.SA
2010-08-19,0.07602,UGPA3,UGPA3.SA
2011-03-03,0.10827,UGPA3,UGPA3.SA
2011-08-18,0.10827,UGPA3,UGPA3.SA
2012-02-23,0.117485,UGPA3,UGPA3.SA
2012-08-09,0.117485,UGPA3,UGPA3.SA
2013-02-28,0.152039,UGPA3,UGPA3.SA
2013-08-08,0.152039,UGPA3,UGPA3.SA
2014-02-27,0.163558,UGPA3,UGPA3.SA
2014-08-14,0.163558,UGPA3,UGPA3.SA
2015-03-05,0.163558,UGPA3,UGPA3.SA
2015-08-13,0.18429,UGPA3,UGPA3.SA
2016-02-25,0.18429,UGPA3,UGPA3.SA
2016-08-18,0.18429,UGPA3,UGPA3.SA
2017-03-02,0.200416,UGPA3,UGPA3.SA
2017-08-17,0.195808,UGPA3,UGPA3.SA
2018-03-02,0.207326,UGPA3,UGPA3.SA
2018-08-10,0.129003,UGPA3,UGPA3.SA
2019-03-01,0.161254,UGPA3,UGPA3.SA
2019-08-23,0.092145,UGPA3,UGPA3.SA
2020-02-28,0.110574,UGPA3,UGPA3.SA
2021-03-05,0.202719,UGPA3,UGPA3.SA
2021-08-20,0.2,UGPA3,UGPA3.SA
2022-03-04,0.1704,UGPA3,UGPA3.SA
2022-05-24,0.41247,UGPA3,UGPA3.SA
2023-02-24,0.1,UGPA3,UGPA3.SA
2023-08-18,0.25,UGPA3,UGPA3.SA
2024-03-08,0.4,UGPA3,UGPA3.SA
2024-08-16,0.25,UGPA3,UGPA3.SA
2025-03-07,0.450164,UGPA3,UGPA3.SA
2025-08-22,0.3,UGPA3,UGPA3.SA
2007-12-11,0.032468,UNIP3,UNIP3.SA
2008-03-14,0.032468,UNIP3,UNIP3.SA
2008-04-16,0.136364,UNIP3,UNIP3.SA
2008-08-13,0.077922,UNIP3,UNIP3.SA
2009-02-10,0.064935,UNIP3,UNIP3.SA
2009-08-21,0.064935,UNIP3,UNIP3.SA
2012-08-15,0.012442,UNIP3,UNIP3.SA
2013-04-30,0.044701,UNIP3,UNIP3.SA
2014-04-30,0.114558,UNIP3,UNIP3.SA
2015-04-16,0.14603,UNIP3,UNIP3.SA
2016-05-02,0.187314,UNIP3,UNIP3.SA
2017-05-02,0.212051,UNIP3,UNIP3.SA
2017-07-28,2.742018,UNIP3,UNIP3.SA
2017-08-02,0.022379,UNIP3,UNIP3.SA
2018-04-19,0.688608,UNIP3,UNIP3.SA
2018-10-19,0.911033,UNIP3,UNIP3.SA
2019-04-18,0.195104,UNIP3,UNIP3.SA
2020-04-13,0.325612,UNIP3,UNIP3.SA
2020-11-17,0.591637,UNIP3,UNIP3.SA
2021-04-22,0.91789,UNIP3,UNIP3.SA
2021-06-02,2.054972,UNIP3,UNIP3.SA
2021-08-18,2.465966,UNIP3,UNIP3.SA
2021-11-18,2.465967,UNIP3,UNIP3.SA
2021-12-22,3.69895,UNIP3,UNIP3.SA
2022-04-22,2.26047,UNIP3,UNIP3.SA
2022-07-27,1.029781,UNIP3,UNIP3.SA
2022-08-17,4.119126,UNIP3,UNIP3.SA
2022-11-17,4.122862,UNIP3,UNIP3.SA
2023-04-24,1.584148,UNIP3,UNIP3.SA
2023-12-19,1.29195,UNIP3,UNIP3.SA
2024-03-20,1.22555,UNIP3,UNIP3.SA
2024-11-21,2.490488,UNIP3,UNIP3.SA
2025-03-19,2.089009,UNIP3,UNIP3.SA
2025-08-13,3.364573,UNIP3,UNIP3.SA
2007-12-28,0.303193,USIM3,USIM3.SA
2008-03-27,0.28609,USIM3,USIM3.SA
2008-08-21,0.51005,USIM3,USIM3.SA
2008-12-30,0.362095,USIM3,USIM3.SA
2009-03-06,0.225795,USIM3,USIM3.SA
2009-08-04,0.08679,USIM3,USIM3.SA
2009-12-30,0.2974,USIM3,USIM3.SA
2010-03-26,0.069875,USIM3,USIM3.SA
2011-03-22,0.116372,USIM3,USIM3.SA
2012-03-20,0.078769,USIM3,USIM3.SA
2015-04-29,0.029698,USIM3,USIM3.SA
2018-04-26,0.04321,USIM3,USIM3.SA
2019-01-08,0.071988,USIM3,USIM3.SA
2019-04-24,0.062634,USIM3,USIM3.SA
2019-07-04,0.010294,USIM3,USIM3.SA
2020-04-29,0.0395,USIM3,USIM3.SA
2021-04-30,0.119923,USIM3,USIM3.SA
2021-05-26,0.004587,USIM3,USIM3.SA
2021-09-01,0.99618,USIM3,USIM3.SA
2021-12-16,0.175412,USIM3,USIM3.SA
2022-04-29,0.571934,USIM3,USIM3.SA
2023-04-28,0.298879,USIM3,USIM3.SA
2024-04-26,0.257325,USIM3,USIM3.SA
2008-04-11,0.436585,VALE3,VALE3.SA
2008-10-17,0.65326,VALE3,VALE3.SA
2009-04-16,2.8693,VALE3,VALE3.SA
2009-10-16,0.492036,VALE3,VALE3.SA
2010-04-15,0.421661,VALE3,VALE3.SA
2011-01-17,0.32,VALE3,VALE3.SA
2011-04-14,0.6082,VALE3,VALE3.SA
2011-08-12,0.933403,VALE3,VALE3.SA
2012-04-16,1.075276,VALE3,VALE3.SA
2012-10-17,0.6606,VALE3,VALE3.SA
2013-04-17,0.153608,VALE3,VALE3.SA
2013-10-18,0.944305,VALE3,VALE3.SA
2014-04-15,0.898904,VALE3,VALE3.SA
2014-10-17,0.99087,VALE3,VALE3.SA
2015-04-15,0.601761,VALE3,VALE3.SA
2015-10-16,0.37361,VALE3,VALE3.SA
2016-12-02,0.166294,VALE3,VALE3.SA
2017-04-24,0.905572,VALE3,VALE3.SA
2017-12-22,0.419912,VALE3,VALE3.SA
2018-03-07,0.488512,VALE3,VALE3.SA
2018-08-03,1.480362,VALE3,VALE3.SA
2019-12-27,1.414364,VALE3,VALE3.SA
2020-09-22,2.40751,VALE3,VALE3.SA
2021-03-05,4.261646,VALE3,VALE3.SA
2021-06-24,2.18967,VALE3,VALE3.SA
2021-09-23,8.197239,VALE3,VALE3.SA
2022-03-09,3.719256,VALE3,VALE3.SA
2022-08-12,3.572057,VALE3,VALE3.SA
2022-12-13,0.292013,VALE3,VALE3.SA
2023-03-14,1.827646,VALE3,VALE3.SA
2023-08-14,1.918472,VALE3,VALE3.SA
2023-11-22,2.331662,VALE3,VALE3.SA
2024-03-12,2.738548,VALE3,VALE3.SA
2024-08-05,2.093798,VALE3,VALE3.SA
2024-12-12,0.520531,VALE3,VALE3.SA
2025-03-10,2.141847,VALE3,VALE3.SA
2025-08-13,1.895387,VALE3,VALE3.SA
2021-12-09,0.193446,VAMO3,VAMO3.SA
2022-12-27,0.258962,VAMO3,VAMO3.SA
2023-05-08,0.017134,VAMO3,VAMO3.SA
2023-12-20,0.319217,VAMO3,VAMO3.SA
2024-12-02,0.268262,VAMO3,VAMO3.SA
2018-04-26,0.388501,VBBR3,VBBR3.SA
2018-12-12,0.493812,VBBR3,VBBR3.SA
2019-04-25,2.2064,VBBR3,VBBR3.SA
2019-12-05,0.473637,VBBR3,VBBR3.SA
2020-08-03,0.512499,VBBR3,VBBR3.SA
2020-12-22,0.4278,VBBR3,VBBR3.SA
2021-04-16,1.569885,VBBR3,VBBR3.SA
2021-09-14,0.333672,VBBR3,VBBR3.SA
2021-12-15,0.131482,VBBR3,VBBR3.SA
2022-04-29,0.117107,VBBR3,VBBR3.SA
2022-09-22,0.348909,VBBR3,VBBR3.SA
2022-12-22,0.390162,VBBR3,VBBR3.SA
2023-09-22,0.429095,VBBR3,VBBR3.SA
2023-12-26,0.403621,VBBR3,VBBR3.SA
2024-04-19,0.606348,VBBR3,VBBR3.SA
2024-07-01,0.466849,VBBR3,VBBR3.SA
2024-09-24,0.234991,VBBR3,VBBR3.SA
2024-12-26,0.261998,VBBR3,VBBR3.SA
2025-03-24,0.314039,VBBR3,VBBR3.SA
2025-04-17,0.504353,VBBR3,VBBR3.SA
2021-11-30,0.088677,VITT3,VITT3.SA
2022-05-05,0.118374,VITT3,VITT3.SA
2022-12-19,0.213701,VITT3,VITT3.SA
2023-05-08,0.085857,VITT3,VITT3.SA
2023-11-29,0.24971,VITT3,VITT3.SA
2023-12-28,0.021705,VITT3,VITT3.SA
2024-10-24,0.148367,VITT3,VITT3.SA
2025-01-06,0.016348,VITT3,VITT3.SA
2025-07-21,0.140401,VITT3,VITT3.SA
2019-12-30,0.169349,VIVA3,VIVA3.SA
2020-12-30,0.105843,VIVA3,VIVA3.SA
2021-05-03,0.052843,VIVA3,VIVA3.SA
2021-12-28,0.275193,VIVA3,VIVA3.SA
2022-05-02,0.053853,VIVA3,VIVA3.SA
2023-04-28,0.364192,VIVA3,VIVA3.SA
2024-04-30,0.37285,VIVA3,VIVA3.SA
2025-04-23,0.660163,VIVA3,VIVA3.SA
2009-01-02,0.385496,VIVT3,VIVT3.SA
2009-03-26,0.366138,VIVT3,VIVT3.SA
2009-05-19,0.435537,VIVT3,VIVT3.SA
2009-10-01,0.315069,VIVT3,VIVT3.SA
2010-01-04,0.161473,VIVT3,VIVT3.SA
2010-04-08,1.159865,VIVT3,VIVT3.SA
2010-10-01,0.489149,VIVT3,VIVT3.SA
2011-01-03,0.374376,VIVT3,VIVT3.SA
2011-03-21,1.324495,VIVT3,VIVT3.SA
2011-04-01,1.316255,VIVT3,VIVT3.SA
2011-10-03,0.681004,VIVT3,VIVT3.SA
2012-01-02,0.257483,VIVT3,VIVT3.SA
2012-04-12,0.366193,VIVT3,VIVT3.SA
2012-11-26,0.468709,VIVT3,VIVT3.SA
2013-01-22,0.688955,VIVT3,VIVT3.SA
2013-04-17,0.62581,VIVT3,VIVT3.SA
2013-09-02,0.091861,VIVT3,VIVT3.SA
2013-10-01,0.091861,VIVT3,VIVT3.SA
2013-11-01,0.536134,VIVT3,VIVT3.SA
2014-01-02,0.317338,VIVT3,VIVT3.SA
2014-03-11,0.435504,VIVT3,VIVT3.SA
2014-04-24,0.055342,VIVT3,VIVT3.SA
2014-08-01,0.12445,VIVT3,VIVT3.SA
2014-09-01,0.125,VIVT3,VIVT3.SA
2014-10-01,0.10445,VIVT3,VIVT3.SA
2014-11-03,0.127675,VIVT3,VIVT3.SA
2014-12-01,0.193429,VIVT3,VIVT3.SA
2015-01-02,0.198515,VIVT3,VIVT3.SA
2015-02-11,0.791088,VIVT3,VIVT3.SA
2015-04-10,0.007763,VIVT3,VIVT3.SA
2015-05-26,0.08509,VIVT3,VIVT3.SA
2015-08-03,0.061368,VIVT3,VIVT3.SA
2015-09-01,0.065811,VIVT3,VIVT3.SA
2015-10-01,0.040819,VIVT3,VIVT3.SA
2015-11-03,0.024436,VIVT3,VIVT3.SA
2015-12-01,0.065255,VIVT3,VIVT3.SA
2016-01-04,0.084117,VIVT3,VIVT3.SA
2016-03-01,0.055536,VIVT3,VIVT3.SA
2016-04-01,0.093579,VIVT3,VIVT3.SA
2016-04-29,0.357438,VIVT3,VIVT3.SA
2016-05-02,0.06109,VIVT3,VIVT3.SA
2016-07-01,0.044707,VIVT3,VIVT3.SA
2016-10-03,0.180493,VIVT3,VIVT3.SA
2017-01-02,0.16776,VIVT3,VIVT3.SA
2017-03-01,0.049983,VIVT3,VIVT3.SA
2017-04-03,0.097189,VIVT3,VIVT3.SA
2017-04-27,0.531478,VIVT3,VIVT3.SA
2017-07-03,0.02638,VIVT3,VIVT3.SA
2017-10-02,0.084693,VIVT3,VIVT3.SA
2017-12-27,0.412811,VIVT3,VIVT3.SA
2018-04-13,1.064553,VIVT3,VIVT3.SA
2018-07-02,0.111072,VIVT3,VIVT3.SA
2018-09-18,0.777507,VIVT3,VIVT3.SA
2018-12-18,0.374869,VIVT3,VIVT3.SA
2019-03-01,0.194377,VIVT3,VIVT3.SA
2019-04-12,0.685506,VIVT3,VIVT3.SA
2019-05-02,0.158278,VIVT3,VIVT3.SA
2019-07-01,0.268795,VIVT3,VIVT3.SA
2020-01-02,0.374869,VIVT3,VIVT3.SA
2020-03-02,0.074974,VIVT3,VIVT3.SA
2020-04-01,0.041652,VIVT3,VIVT3.SA
2020-05-29,0.609669,VIVT3,VIVT3.SA
2020-07-01,0.249913,VIVT3,VIVT3.SA
2020-09-29,0.180493,VIVT3,VIVT3.SA
2020-11-30,0.118451,VIVT3,VIVT3.SA
2020-12-29,0.43242,VIVT3,VIVT3.SA
2021-03-01,0.044448,VIVT3,VIVT3.SA
2021-04-01,0.080049,VIVT3,VIVT3.SA
2021-04-16,0.470909,VIVT3,VIVT3.SA
2021-05-03,0.083057,VIVT3,VIVT3.SA
2021-07-01,0.18695,VIVT3,VIVT3.SA
2021-10-01,0.178644,VIVT3,VIVT3.SA
2021-12-28,0.687264,VIVT3,VIVT3.SA
2022-03-02,0.053698,VIVT3,VIVT3.SA
2022-04-01,0.074646,VIVT3,VIVT3.SA
2022-04-27,0.606001,VIVT3,VIVT3.SA
2022-05-02,0.044811,VIVT3,VIVT3.SA
2022-07-01,0.143656,VIVT3,VIVT3.SA
2022-09-01,0.089875,VIVT3,VIVT3.SA
2023-01-02,0.515462,VIVT3,VIVT3.SA
2023-03-01,0.031886,VIVT3,VIVT3.SA
2023-04-03,0.087263,VIVT3,VIVT3.SA
2023-04-14,0.248769,VIVT3,VIVT3.SA
2023-06-01,0.096391,VIVT3,VIVT3.SA
2023-08-01,0.122129,VIVT3,VIVT3.SA
2023-09-01,0.079985,VIVT3,VIVT3.SA
2023-09-25,0.060366,VIVT3,VIVT3.SA
2023-10-24,0.045287,VIVT3,VIVT3.SA
2023-12-27,0.257173,VIVT3,VIVT3.SA
2024-04-01,0.090767,VIVT3,VIVT3.SA
2024-04-11,0.453835,VIVT3,VIVT3.SA
2024-04-30,0.115047,VIVT3,VIVT3.SA
2024-06-27,0.053113,VIVT3,VIVT3.SA
2024-07-29,0.197812,VIVT3,VIVT3.SA
2024-08-27,0.122082,VIVT3,VIVT3.SA
2024-12-27,0.368849,VIVT3,VIVT3.SA
2025-02-25,0.055466,VIVT3,VIVT3.SA
2025-02-28,0.616685,VIVT3,VIVT3.SA
2025-03-25,0.061727,VIVT3,VIVT3.SA
2025-04-14,0.074072,VIVT3,VIVT3.SA
2025-05-23,0.154317,VIVT3,VIVT3.SA
2025-06-24,0.061933,VIVT3,VIVT3.SA
2025-07-28,0.102534,VIVT3,VIVT3.SA
2025-08-26,0.077933,VIVT3,VIVT3.SA
2025-09-23,0.124806,VIVT3,VIVT3.SA
2008-03-17,0.054672,VLID3,VLID3.SA
2008-03-24,0.054672,VLID3,VLID3.SA
2009-03-25,0.071594,VLID3,VLID3.SA
2009-07-07,0.114876,VLID3,VLID3.SA
2009-10-23,0.114876,VLID3,VLID3.SA
2010-01-04,0.089493,VLID3,VLID3.SA
2010-03-26,0.190897,VLID3,VLID3.SA
2010-07-22,0.097645,VLID3,VLID3.SA
2010-10-25,0.114856,VLID3,VLID3.SA
2010-12-15,0.105764,VLID3,VLID3.SA
2011-04-27,0.035878,VLID3,VLID3.SA
2011-07-22,0.189514,VLID3,VLID3.SA
2011-10-24,0.185429,VLID3,VLID3.SA
2011-12-14,0.185413,VLID3,VLID3.SA
2012-04-27,1.062528,VLID3,VLID3.SA
2012-08-15,0.281454,VLID3,VLID3.SA
2012-11-09,0.250579,VLID3,VLID3.SA
2013-01-23,0.200463,VLID3,VLID3.SA
2013-05-02,0.297573,VLID3,VLID3.SA
2013-08-16,0.089493,VLID3,VLID3.SA
2013-10-22,0.166904,VLID3,VLID3.SA
2014-01-22,0.170036,VLID3,VLID3.SA
2014-04-25,0.128,VLID3,VLID3.SA
2014-06-13,0.17143,VLID3,VLID3.SA
2014-07-16,0.104885,VLID3,VLID3.SA
2014-10-22,0.270715,VLID3,VLID3.SA
2014-12-12,0.263845,VLID3,VLID3.SA
2015-04-17,0.164747,VLID3,VLID3.SA
2015-06-23,0.242156,VLID3,VLID3.SA
2015-07-14,0.044746,VLID3,VLID3.SA
2015-11-12,0.278823,VLID3,VLID3.SA
2015-12-22,0.190498,VLID3,VLID3.SA
2016-05-02,0.222754,VLID3,VLID3.SA
2016-09-22,0.210571,VLID3,VLID3.SA
2016-12-16,0.210571,VLID3,VLID3.SA
2017-05-02,0.150418,VLID3,VLID3.SA
2017-11-16,0.196884,VLID3,VLID3.SA
2018-04-27,0.147872,VLID3,VLID3.SA
2018-09-27,0.231628,VLID3,VLID3.SA
2018-12-17,0.579069,VLID3,VLID3.SA
2019-11-18,0.689093,VLID3,VLID3.SA
2022-01-06,0.290354,VLID3,VLID3.SA
2023-01-06,0.263031,VLID3,VLID3.SA
2023-05-16,0.18,VLID3,VLID3.SA
2023-07-24,0.2,VLID3,VLID3.SA
2023-10-30,0.27,VLID3,VLID3.SA
2023-12-07,0.307,VLID3,VLID3.SA
2024-04-23,0.307419,VLID3,VLID3.SA
2024-05-28,0.34,VLID3,VLID3.SA
2024-08-12,0.44,VLID3,VLID3.SA
2024-11-08,0.53,VLID3,VLID3.SA
2024-12-23,0.16,VLID3,VLID3.SA
2025-03-14,1.575509,VLID3,VLID3.SA
2008-04-29,0.133793,VULC3,VULC3.SA
2009-06-02,0.662195,VULC3,VULC3.SA
2010-05-03,0.386361,VULC3,VULC3.SA
2011-04-26,0.409351,VULC3,VULC3.SA
2021-11-04,0.345335,VULC3,VULC3.SA
2022-11-11,0.365069,VULC3,VULC3.SA
2023-04-04,0.083367,VULC3,VULC3.SA
2023-05-23,0.148001,VULC3,VULC3.SA
2023-08-31,0.148001,VULC3,VULC3.SA
2023-10-16,0.394669,VULC3,VULC3.SA
2023-11-09,0.148001,VULC3,VULC3.SA
2024-01-26,1.5,VULC3,VULC3.SA
2024-03-14,0.75,VULC3,VULC3.SA
2024-05-15,0.15,VULC3,VULC3.SA
2024-08-13,0.125,VULC3,VULC3.SA
2024-08-20,0.125,VULC3,VULC3.SA
2024-09-20,0.125,VULC3,VULC3.SA
2024-10-18,0.125,VULC3,VULC3.SA
2024-11-19,0.125,VULC3,VULC3.SA
2024-12-17,0.125,VULC3,VULC3.SA
2025-01-22,0.125,VULC3,VULC3.SA
2025-02-18,0.125,VULC3,VULC3.SA
2025-03-19,0.125,VULC3,VULC3.SA
2025-04-22,0.125,VULC3,VULC3.SA
2025-05-21,0.125,VULC3,VULC3.SA
2025-06-20,0.125,VULC3,VULC3.SA
2025-07-18,0.125,VULC3,VULC3.SA
2025-08-19,0.125,VULC3,VULC3.SA
2025-09-09,1.10429,VULC3,VULC3.SA
2025-09-18,0.125,VULC3,VULC3.SA
2008-02-20,0.019083,WEGE3,WEGE3.SA
2008-07-22,0.024112,WEGE3,WEGE3.SA
2008-09-19,0.011538,WEGE3,WEGE3.SA
2008-12-17,0.011834,WEGE3,WEGE3.SA
2009-02-17,0.041716,WEGE3,WEGE3.SA
2009-03-24,0.006657,WEGE3,WEGE3.SA
2009-06-17,0.005917,WEGE3,WEGE3.SA
2009-07-24,0.017012,WEGE3,WEGE3.SA
2009-09-18,0.005917,WEGE3,WEGE3.SA
2009-12-15,0.002219,WEGE3,WEGE3.SA
2010-03-24,0.006361,WEGE3,WEGE3.SA
2010-06-30,0.007396,WEGE3,WEGE3.SA
2010-07-28,0.015828,WEGE3,WEGE3.SA
2010-09-22,0.006953,WEGE3,WEGE3.SA
2010-12-22,0.007396,WEGE3,WEGE3.SA
2011-02-23,0.024112,WEGE3,WEGE3.SA
2011-03-23,0.010094,WEGE3,WEGE3.SA
2011-06-22,0.011312,WEGE3,WEGE3.SA
2011-07-22,0.014349,WEGE3,WEGE3.SA
2011-09-21,0.012182,WEGE3,WEGE3.SA
2011-12-21,0.012182,WEGE3,WEGE3.SA
2012-02-15,0.02071,WEGE3,WEGE3.SA
2012-03-21,0.009615,WEGE3,WEGE3.SA
2012-06-27,0.009615,WEGE3,WEGE3.SA
2012-07-25,0.014793,WEGE3,WEGE3.SA
2012-09-26,0.009615,WEGE3,WEGE3.SA
2012-12-19,0.008728,WEGE3,WEGE3.SA
2013-02-27,0.030473,WEGE3,WEGE3.SA
2013-03-27,0.009572,WEGE3,WEGE3.SA
2013-06-26,0.008876,WEGE3,WEGE3.SA
2013-07-31,0.027367,WEGE3,WEGE3.SA
2013-09-25,0.011312,WEGE3,WEGE3.SA
2013-12-18,0.01253,WEGE3,WEGE3.SA
2014-02-26,0.038905,WEGE3,WEGE3.SA
2014-03-26,0.012356,WEGE3,WEGE3.SA
2014-06-25,0.013575,WEGE3,WEGE3.SA
2014-07-23,0.029885,WEGE3,WEGE3.SA
2014-09-24,0.013808,WEGE3,WEGE3.SA
2014-12-17,0.014712,WEGE3,WEGE3.SA
2015-02-25,0.039932,WEGE3,WEGE3.SA
2015-03-25,0.016063,WEGE3,WEGE3.SA
2015-06-24,0.018778,WEGE3,WEGE3.SA
2015-07-29,0.031923,WEGE3,WEGE3.SA
2015-09-23,0.020815,WEGE3,WEGE3.SA
2015-12-16,0.022625,WEGE3,WEGE3.SA
2016-02-24,0.031133,WEGE3,WEGE3.SA
2016-03-23,0.021267,WEGE3,WEGE3.SA
2016-06-29,0.025656,WEGE3,WEGE3.SA
2016-08-01,0.013963,WEGE3,WEGE3.SA
2016-09-26,0.022361,WEGE3,WEGE3.SA
2016-12-19,0.030272,WEGE3,WEGE3.SA
2017-03-01,0.024496,WEGE3,WEGE3.SA
2017-03-27,0.025113,WEGE3,WEGE3.SA
2017-07-03,0.023303,WEGE3,WEGE3.SA
2017-07-24,0.020386,WEGE3,WEGE3.SA
2017-10-02,0.022353,WEGE3,WEGE3.SA
2017-12-18,0.021945,WEGE3,WEGE3.SA
2018-03-05,0.031583,WEGE3,WEGE3.SA
2018-03-26,0.020181,WEGE3,WEGE3.SA
2018-07-02,0.019588,WEGE3,WEGE3.SA
2018-07-23,0.041197,WEGE3,WEGE3.SA
2018-09-24,0.019647,WEGE3,WEGE3.SA
2018-12-26,0.025706,WEGE3,WEGE3.SA
2019-02-25,0.041453,WEGE3,WEGE3.SA
2019-03-25,0.023206,WEGE3,WEGE3.SA
2019-07-01,0.021441,WEGE3,WEGE3.SA
2019-07-29,0.044551,WEGE3,WEGE3.SA
2019-09-23,0.020441,WEGE3,WEGE3.SA
2019-12-23,0.019118,WEGE3,WEGE3.SA
2020-02-26,0.083881,WEGE3,WEGE3.SA
2020-03-23,0.015118,WEGE3,WEGE3.SA
2020-06-29,0.019118,WEGE3,WEGE3.SA
2020-07-27,0.063401,WEGE3,WEGE3.SA
2020-09-28,0.017235,WEGE3,WEGE3.SA
2020-12-21,0.018441,WEGE3,WEGE3.SA
2021-03-01,0.174679,WEGE3,WEGE3.SA
2021-03-29,0.016912,WEGE3,WEGE3.SA
2021-06-28,0.020529,WEGE3,WEGE3.SA
2021-08-02,0.158175,WEGE3,WEGE3.SA
2021-09-27,0.020705,WEGE3,WEGE3.SA
2021-12-20,0.032,WEGE3,WEGE3.SA
2022-02-21,0.205203,WEGE3,WEGE3.SA
2022-03-28,0.036764,WEGE3,WEGE3.SA
2022-06-27,0.043294,WEGE3,WEGE3.SA
2022-07-25,0.131948,WEGE3,WEGE3.SA
2022-09-26,0.044118,WEGE3,WEGE3.SA
2022-12-19,0.054353,WEGE3,WEGE3.SA
2023-02-22,0.226304,WEGE3,WEGE3.SA
2023-03-20,0.053235,WEGE3,WEGE3.SA
2023-06-26,0.058294,WEGE3,WEGE3.SA
2023-07-24,0.145202,WEGE3,WEGE3.SA
2023-09-25,0.059824,WEGE3,WEGE3.SA
2023-12-18,0.071941,WEGE3,WEGE3.SA
2024-02-26,0.297943,WEGE3,WEGE3.SA
2024-03-25,0.057765,WEGE3,WEGE3.SA
2024-07-01,0.062765,WEGE3,WEGE3.SA
2024-08-05,0.187552,WEGE3,WEGE3.SA
2024-09-30,0.070059,WEGE3,WEGE3.SA
2024-12-23,0.079765,WEGE3,WEGE3.SA
2025-03-05,0.302653,WEGE3,WEGE3.SA
2025-03-24,0.080706,WEGE3,WEGE3.SA
2025-06-23,0.094059,WEGE3,WEGE3.SA
2025-07-28,0.17145,WEGE3,WEGE3.SA
2025-09-29,0.110235,WEGE3,WEGE3.SA
2007-12-03,0.0781,WHRL3,WHRL3.SA
2008-01-21,0.0153,WHRL3,WHRL3.SA
2008-10-24,0.2977,WHRL3,WHRL3.SA
2008-11-25,0.2272,WHRL3,WHRL3.SA
2008-12-09,0.1732,WHRL3,WHRL3.SA
2009-11-25,0.0426,WHRL3,WHRL3.SA
2010-10-27,0.38741,WHRL3,WHRL3.SA
2011-12-06,0.1581,WHRL3,WHRL3.SA
2012-10-31,0.20627,WHRL3,WHRL3.SA
2013-10-29,0.35057,WHRL3,WHRL3.SA
2014-06-04,0.36319,WHRL3,WHRL3.SA
2014-11-06,0.27416,WHRL3,WHRL3.SA
2014-12-10,0.08064,WHRL3,WHRL3.SA
2015-11-11,0.1258,WHRL3,WHRL3.SA
2017-04-28,0.0503,WHRL3,WHRL3.SA
2017-08-04,0.24608,WHRL3,WHRL3.SA
2017-11-08,0.20966,WHRL3,WHRL3.SA
2018-12-13,0.13547,WHRL3,WHRL3.SA
2019-07-12,0.52252,WHRL3,WHRL3.SA
2020-04-17,0.96762,WHRL3,WHRL3.SA
2020-12-09,0.24513,WHRL3,WHRL3.SA
2021-05-20,0.19353,WHRL3,WHRL3.SA
2021-11-24,0.39351,WHRL3,WHRL3.SA
2022-12-07,0.1871,WHRL3,WHRL3.SA
2023-12-07,0.3404,WHRL3,WHRL3.SA
2024-09-16,0.202096,WHRL3,WHRL3.SA
2024-12-06,0.177397,WHRL3,WHRL3.SA
2025-04-28,0.216102,WHRL3,WHRL3.SA
2025-06-13,0.122565,WHRL3,WHRL3.SA
2025-09-08,0.08386,WHRL3,WHRL3.SA
2015-09-04,0.032809,WIZC3,WIZC3.SA
2015-11-23,0.198296,WIZC3,WIZC3.SA
2016-04-05,0.191627,WIZC3,WIZC3.SA
2016-06-03,0.209207,WIZC3,WIZC3.SA
2016-09-02,0.244522,WIZC3,WIZC3.SA
2016-12-02,0.230218,WIZC3,WIZC3.SA
2017-04-26,0.22328,WIZC3,WIZC3.SA
2017-05-26,0.209207,WIZC3,WIZC3.SA
2017-09-14,0.275955,WIZC3,WIZC3.SA
2018-04-20,0.511715,WIZC3,WIZC3.SA
2019-04-25,1.111435,WIZC3,WIZC3.SA
2020-03-24,0.668806,WIZC3,WIZC3.SA
2021-04-16,0.608872,WIZC3,WIZC3.SA
2022-04-20,0.587949,WIZC3,WIZC3.SA
2023-05-02,0.445192,WIZC3,WIZC3.SA
2024-04-30,0.246244,WIZC3,WIZC3.SA
2025-04-28,0.250319,WIZC3,WIZC3.SA
2019-05-02,0.1896,WLMM3,WLMM3.SA
2020-05-04,0.31975,WLMM3,WLMM3.SA
2021-04-07,0.07552,WLMM3,WLMM3.SA
2021-05-03,0.34413,WLMM3,WLMM3.SA
2021-07-06,0.07552,WLMM3,WLMM3.SA
2021-10-11,0.07552,WLMM3,WLMM3.SA
2022-01-10,0.1172,WLMM3,WLMM3.SA
2022-04-05,0.08594,WLMM3,WLMM3.SA
2022-05-02,0.25287,WLMM3,WLMM3.SA
2022-06-24,0.26686,WLMM3,WLMM3.SA
2022-07-07,0.08594,WLMM3,WLMM3.SA
2022-10-18,0.130212,WLMM3,WLMM3.SA
2023-01-09,0.260423,WLMM3,WLMM3.SA
2023-05-02,0.399,WLMM3,WLMM3.SA
2023-08-09,0.208339,WLMM3,WLMM3.SA
2023-11-13,0.208339,WLMM3,WLMM3.SA
2024-02-09,0.208339,WLMM3,WLMM3.SA
2024-04-30,0.66323,WLMM3,WLMM3.SA
2024-08-13,0.208339,WLMM3,WLMM3.SA
2024-11-11,0.182296,WLMM3,WLMM3.SA
2025-02-17,0.208339,WLMM3,WLMM3.SA
2025-04-30,0.86745,WLMM3,WLMM3.SA
2025-09-10,0.325529,WLMM3,WLMM3.SA
2009-04-29,0.075767,YDUQ3,YDUQ3.SA
2010-04-20,0.126667,YDUQ3,YDUQ3.SA
2011-04-20,0.155787,YDUQ3,YDUQ3.SA
2012-04-04,0.067731,YDUQ3,YDUQ3.SA
2013-05-02,0.089249,YDUQ3,YDUQ3.SA
2014-05-02,0.196612,YDUQ3,YDUQ3.SA
2015-04-29,0.328685,YDUQ3,YDUQ3.SA
2016-04-28,0.374527,YDUQ3,YDUQ3.SA
2016-11-11,0.907916,YDUQ3,YDUQ3.SA
2016-12-22,0.453958,YDUQ3,YDUQ3.SA
2017-04-20,0.283478,YDUQ3,YDUQ3.SA
2018-04-19,0.32551,YDUQ3,YDUQ3.SA
2018-11-16,1.332831,YDUQ3,YDUQ3.SA
2019-04-29,0.510182,YDUQ3,YDUQ3.SA
2020-04-27,0.509723,YDUQ3,YDUQ3.SA
2021-04-29,0.469672,YDUQ3,YDUQ3.SA
2022-04-29,0.126471,YDUQ3,YDUQ3.SA
2023-08-21,0.27493,YDUQ3,YDUQ3.SA
2024-04-29,0.273695,YDUQ3,YDUQ3.SA
2025-04-29,0.570657,YDUQ3,YDUQ3.SA
2018-12-20,0.047047,ZAMP3,ZAMP3.SA
2019-03-08,0.087894,ZAMP3,ZAMP3.SA
2020-03-03,0.050435,ZAMP3,ZAMP3.SA
